db,query,url,snippet
Oracle,Большие данные Oracle,https://www.oracle.com/cis/big-data/what-is-big-data/?er=228088,"Если говорить простыми словами, большие данные — <strong>более крупные и сложные наборы данных, особенно из новых источников данных</strong>."
Oracle,Большие данные Oracle,https://www.oracle.com/europe/big-data/what-is-big-data/,"For organizations needing efficient and comprehensive management of big data, the Oracle Cloud Infrastructure (OCI) Big Data platform provides a wide range of capabilities with an exceptional price-to-performance ratio."
Oracle,Большие данные Oracle,https://www.oracle.com/cis/big-data/,"Управление, каталогизация и обработка необработанных данных с помощью Oracle Big Data. Создайте мощное озеро данных, которое будет четко интегрировано в существующие архитектуры и позволит легко подключить данные к пользователям."
Oracle,Большие данные Oracle,https://learn.microsoft.com/ru-ru/dotnet/framework/data/adonet/oracle-lobs,"В следующем примере C# показано, как можно создавать большие объекты (LOB) в таблице Oracle, а затем извлекать и записывать их в виде объектов OracleLob. В примере демонстрируется использование объекта OracleDataReader и методов OracleLob, Read и Write. В этом примере используются типы данных Oracle BLOB, CLOB и NCLOB данных."
Oracle,Большие данные Oracle,https://someit.wordpress.com/2020/10/18/oracle-%D0%BF%D1%80%D0%BE%D1%81%D0%BC%D0%BE%D1%82%D1%80-%D1%80%D0%B0%D0%B7%D0%BC%D0%B5%D1%80%D0%B0-%D0%B1%D0%B4-%D1%82%D0%B0%D0%B1%D0%BB%D0%B8%D1%86%D1%8B-%D0%BA%D0%BE%D0%BB%D0%BE%D0%BD%D0%BA/,"Работа с размером БД Размер БД в ГБ занимаемых на диске, только файлы с данными.<strong>SELECT SUM (bytes) / 1024 / 1024 / 1024 AS GB FROM dba_data_files</strong>; Размер данных ..."
Oracle,Большие данные Oracle,https://buran.group/solutions/data_management/bigdata/,"Oracle Big Data Appliance On Premises: Программно-аппаратный комплекс в Вашем ЦОД ... Получайте данные из разных источников. Собирайте, очищайте и преобразуйте свои данные."
Oracle,Большие данные Oracle,http://apps-oracle.ru/lob_oracle/,"<strong>Максимальный размер LOB составляет ( 4 GB (4 294 967 295 байт) — 1 ) * (значение CHUNK parameter of LOB storage); размер может достигать до 128 терабайт</strong>. Как внутренние, так и внешние большие ..."
Oracle,Большие данные Oracle,https://www.osp.ru/news/articles/2015/26/13046410,"Big Data Appliance может быть интегрирован с другим программно-аппаратным комплексом – машиной базы данных Oracle Exadata, что позволит демонстрировать сценарии построения аналитических систем, одновременно использующих данные из СУБД Oracle и Hadoop · 29.06.2015 Наталья Дубова Рубрика:Индустрия ... «Форс Дистрибуция» поможет партнерам продемонстрировать отечественных заказчикам решения Больших Данных на платформе Oracle."
Oracle,Большие данные Oracle,https://oracle-patches.com/forum/oracle/4285-%D1%80%D0%B0%D0%B7%D0%BC%D0%B5%D1%80-%D0%B1%D0%B0%D0%B7%D1%8B-%D0%B4%D0%B0%D0%BD%D0%BD%D1%8B%D1%85-oracle,"Базы данных: Oracle, MySQL / MariaDb, MS SQL, PostgreSQL, No SQL БД и т.д."
Oracle,Большие данные Oracle,https://habr.com/ru/articles/1033554/,"В базе данных Oracle существует тип данных — <strong>BLOB (Binary Large OBject).</strong> Это значит, что в любой таблице можно создать поле с типом BLOB и писать туда ..."
Oracle,Большие данные Oracle,https://nepaday.wordpress.com/2018/02/28/%D0%BD%D0%B0%D0%B9%D1%82%D0%B8-%D1%81%D0%B0%D0%BC%D1%8B%D0%B5-%D0%B1%D0%BE%D0%BB%D1%8C%D1%88%D0%B8%D0%B5-%D1%82%D0%B0%D0%B1%D0%BB%D0%B8%D1%86%D1%8B-%D0%B2-oracle/,"Топ-10 самых больших (по размеру) таблиц: col owner format a15 col segment_name format a15 SELECT * FROM ( SELECT owner, segment_name, bytes/1024/1024 meg FROM dba_segments WHERE segment_type = &#x27;TABLE&#x27; ORDER BY bytes/1024/1024 desc) WHERE rownum"
Oracle,Большие данные Oracle,https://samag.ru/archive/article/3411,"Журнал «Системный администратор», читать, скачать, купить"
Oracle,Большие данные Oracle,https://logistics.ru/automation/news/issledovanie-oracle-i-cnews-analytics-bolshie-dannye-prishli-v-rossiyu,"«Рынок сделал глубокий вдох перед тем, как начать действительно серьезные инвестиции в Big Data, - отмечает Эндрю Сазерленд, старший вице-президент Oracle по технологиям в регионе ЕМЕА. - В Big Data первостепенное значение имеет конечный результат, а не сами технологии. Большие данные позволяют извлекать пользу из данных, которые казались мусором."
Oracle,Большие данные Oracle,https://habr.com/ru/articles/138270/,"Совсем недавно на работе стало необходимым контролировать рост размера базы данных Oracle. Связано это было с тем, что места осталось не так много, что -то около 100 Гб, а в двух компаниях (компании..."
Oracle,Большие данные Oracle,https://ru.stackoverflow.com/questions/1482093/%D0%9A%D0%B0%D0%BA-%D0%B2-oracle-%D0%91%D0%94-%D0%B8%D0%B7%D0%BC%D0%B5%D1%80%D0%B8%D1%82%D1%8C-%D1%80%D0%B0%D0%B7%D0%BC%D0%B5%D1%80-%D0%BE%D0%B1%D1%8A%D0%B5%D0%BC-%D0%B4%D0%B0%D0%BD%D0%BD%D1%8B%D1%85-%D0%B2-%D0%B2%D1%8B%D0%B1%D0%BE%D1%80%D0%BA%D0%B5-%D1%81%D0%B5%D0%BB%D0%B5%D0%BA%D1%82%D0%B5,"При селекте в таблице в БД Oracle выводятся различные столбцы с разными типами данных, в основном varchar2, number,date,rowid. Как правильно установить размер в Мб определенной ..."
Oracle,Большие данные Oracle,http://torofimofu.blogspot.com/2015/05/oracle.html?m=1,"По сути, <strong>большой объект - это абстрактный тип для манипуляции данными большого объема внутри БД, а типы BLOB, CLOB, NCLOB и BFILE - его конкретные реализации</strong>."
Oracle,Большие данные Oracle,https://sky.pro/wiki/sql/zapusk-bolshikh-sql-faylov-v-oracle-import-bazy-dannykh/,"Больше 55 · Для того чтобы осуществить импорт файла .sql в Oracle SQL Developer, пройдите следующие шаги: Подключитесь к требуемой базе данных. Откройте файл .sql, выбрав Файл &gt; Открыть или просто перенеся его в рабочую область."
Oracle,Большие данные Oracle,https://sql.ucoz.com/index/razmer_bazy_dannykh/0-126,"<strong>SELECT round((sum(bytes)/1048576/1024),2) &quot;Total(GB)&quot; FROM V$DATAFILE</strong>; · SELECT &quot;RESERVED_SPACE(MB)&quot;, &quot;RESERVED_SPACE(MB)&quot; - &quot;FREE_SPACE(MB)&quot; &quot;USED_SPACE(MB)&quot;,&quot;FREE_SPACE(MB)&quot; FROM( SELECT (SELECT SUM(BYTES/(1014*1024)) FROM DBA_DATA_FILES) &quot;RESERVED_SPACE(MB)&quot;, (SELECT SUM(BYTES/(1024*1024)) ..."
Oracle,Большие данные Oracle,https://oracle-patches.com/oracle/prof/%D1%82%D0%B0%D0%B1%D0%BB%D0%B8%D1%86%D1%8B-oracle,"Кластеризованная таблица является частью группы таблиц, которые разделяют между собой одни и те же блоки данных, поскольку данные из кластеризованных таблиц часто запрашиваются совместно. Секционированные таблицы. Секционированная таблица позволяет делить большие объемы данных на подтаблицы, именуемые разделами (partition), согласно различным критериям."
Oracle,Большие данные Oracle,https://www.oracle.com/ru/big-data/guide/what-is-big-data.html,"Big data is larger, more complex data sets, especially from new data sources. Learn about the definition and history as well as big data benefits, challenges, and best practices."
Oracle,Большие данные Oracle,http://torofimofu.blogspot.com/2015/05/oracle.html,"Для работы с <strong>данными</strong> <strong>большого</strong> объема СУБД <strong>Oracle</strong> предоставляет типы <strong>данных</strong> BLOB, CLOB, NCLOB и BFILE. Здесь LOB означает large object, ..."
Oracle,Большие данные Oracle,https://sql.ucoz.com/index/razmer_tablicy/0-128,"Размер таблицы · SELECT SEGMENT_NAME,SEGMENT_TYPE,BYTES/1024/1024 MB FROM DBA_SEGMENTS WHERE SEGMENT_TYPE=&#x27;TABLE&#x27; AND SEGMENT_NAME=&#x27;&lt;tablename&gt;&#x27;;"
Oracle,Большие данные Oracle,https://mirsovetov.net/oracle-schema-size.html,"Статья содержит информацию о том каким образом можно определить занимаемое место в <strong>Oracle</strong> схемами, таблицами, индексами и другими объектами базы <strong>данных</strong>"
Oracle,Большие данные Oracle,https://ru.stackoverflow.com/questions/946075/%D0%91%D0%94-oracle-%D1%81%D1%8A%D0%B5%D0%B4%D0%B0%D0%B5%D1%82-%D0%9E%D0%97%D0%A3,"При перезагрузке или включениии сервера, всё работает идеально, память в норме, колличество сессий тоже. Но спустя 2-3 дня непрерывной работы повышается потреб..."
Oracle,Большие данные Oracle,https://docs.oracle.com/cloud/help/ru/analytics-cloud/ACABI/GUID-5C945ECB-470C-4E87-B510-63CE4906B6E6.htm,"Для получения ... <strong>данных</strong>, в которых пользователям необходимо выполнять поиск. При индексации всех элементов число результатов поиска становится слишком <strong>большим</strong>. <strong>Oracle</strong> ..."
Oracle,Большие данные Oracle,https://albafoxx.blogspot.com/2018/05/oracle.html,ЕИС2 ЕРРП1 КБК1 ключи1 ... OracleLinux13 Pascal1 pass1 pl-sql1 Postgres2 python2 raid7 rar1 RedOS2 remoteConnect1 rlwrap1 root1 samba2 SeaMonkey1 sql42 sql_fix1 sqlAzk7 sqlplus2 Tablespace2 terminal5 timexone1 tomcat1 TSP1 tzdata1 Ubuntu1 unrar1 VBox2 VNC1 WGET2 Window101 Windows22 WindowsServer10 wordpress1 xml4 yum1 Показать <strong>больше</strong> Показать ...
Oracle,Большие данные Oracle,http://rctwiki.blogspot.com/2013/02/oracle.html,"SELECT ROUND(SUM(bytes)/1024/1024/1024, 4) GB FROM ( SELECT SUM(bytes) bytes FROM dba_data_files UNION ALL SELECT SUM(bytes) bytes FROM dba_"
Oracle,Большие данные Oracle,http://qaimprove.blogspot.com/2012/11/oracle.html,Каждая реляционная ... поделиться некоторыми аспектами создания <strong>больших</strong> объемов тестовых <strong>данных</strong> в субд <strong>Oracle</strong>....
Oracle,Большие данные Oracle,https://zhidba.ru/index.php/subd/oracle-database/voprosy-i-otvety-oracle/145-kak-posmotret-razmer-tablitsy,"ZhiDBA.RU. Администрирование баз <strong>данных</strong>. Новости, статьи, софт и многое другое."
Oracle,Большие данные Oracle,https://oracleonrussian.blogspot.com/p/oracle-database-11g_10.html?m=1,<strong>Oracle</strong> Database 11g Настройка производительности. Как читать планы выполнения запросов Что такое план выполнения ? План выполнения ...
Oracle,Большие данные Oracle,https://www.cyberforum.ru/oracle/thread2330327.html,БД занимает много оперативной памяти <strong>Oracle</strong> Решение и ответ на вопрос 2330327
Oracle,Большие данные Oracle,https://razilov-code.ru/2017/11/20/oracle-to-mysql-python/,"Рассматриваем, как перелить <strong>большие</strong> объемы <strong>данных</strong> из БД <strong>Oracle</strong> в MySQL для последующего анализа. Решаем <strong>данную</strong> задачу на языке Python."
Oracle,Большие данные Oracle,https://www.osp.ru/news/articles/2014/11/13039939,Сегодня практически все крупные вендоры предлагают свои продуктовые комплекты для решения проблемы <strong>Больших</strong> <strong>Данных</strong>. Отличительными их признаками являются не ...
Oracle,Большие данные Oracle,https://oracle-dba.ru/docs/architecture/memory/,"<strong>Oracle</strong> может преодолеть ограничения ввода-вывода дисковой системы. Чем <strong>больше</strong> работы выполняет ваша база <strong>данных</strong> в памяти по сравнению с обращениями к дискам, тем ..."
Oracle,Большие данные Oracle,https://www.softlab.ru/blog/oracle-optimization/,"В большинстве случаев можно. О практике оптимизации производительности баз <strong>данных</strong> <strong>Oracle</strong> делится Александр Кондиайн, главный архитектор по хранилищам <strong>данных</strong> ..."
Oracle,Большие данные Oracle,https://cloud.oracle.com/ru_RU/big-data,We cannot provide a description for this page right now
Oracle,Большие данные Oracle,https://habr.com/en/hubs/oracle/articles/,"<strong>Oracle</strong> Corporation is an American multinational computer technology corporation headquartered in Redwood Shores, California. The company specializes primarily in developing and marketing database software and technology, cloud engineered systems, and enterprise software products — particularly ..."
Oracle,Большие данные Oracle,https://pyatilistnik.org/kak-nayti-samyie-bolshie-tablitsyi-v-baze-dannyih-ms-sql/,"Перенастройка базы <strong>данных</strong> RDS фермы ... Active directory, GPO, CA Android Apple ASUS, Sony VAIO CentOS Cisco, Mikrotik Debian, FreeBSD DNS Exchange, Power Shell HP/3Com Hyper-V IBM IIS и FTP, web и seo Juniper Lenovo, intel, EMC, Dell Microsoft Office Microsoft SQL server, <strong>Oracle</strong> ..."
Oracle,Большие данные Oracle,https://qna.habr.com/q/3132,"Может разбить <strong>большую</strong> таблицу на несколько маленьких, хотя я думаю индексы все решают. Я полагаю что предел скорости — это скорость считывания <strong>данных</strong> с жесткого диска. А на деле работает 10 часов, mysqld полностью грузит одно ядро. А разницу с <strong>oracle</strong> ..."
Oracle,Большие данные Oracle,https://www.oracle.com/ru/big-data/products.html,"<strong>Большими</strong> называются крупномасштабные наборы <strong>данных</strong>, отличающиеся значительной сложностью, особенно те, которые поступают из новых источников."
Oracle,Большие данные Oracle,http://deepedit.ru/kak-optimalno-vybrat-razmer-bloka-bazy-dannykh-oracle.html,БОЛЬШИНСТВО 32-битовых версий <strong>Oracle</strong> поддерживают размер блока базы <strong>данных</strong> вплоть до 16 Кбайт. Это значение на некоторых аппаратных платфор­мах может увеличиться ...
Oracle,Большие данные Oracle,https://www.oracle.com/ru/big-data/what-is-big-data.html,"Big data is larger, more complex data sets, especially from new data sources. Learn about the definition and history as well as big data benefits, challenges, and best practices."
Oracle,Большие данные Oracle,https://oracle-patches.com/oracle/prof/%D0%B1%D0%BB%D0%BE%D0%BA%D0%B8-%D0%B4%D0%B0%D0%BD%D0%BD%D1%8B%D1%85-oracle,"Блок <strong>данных</strong> — мельчайший логический компонент базы <strong>данных</strong> <strong>Oracle</strong>. Например,вы можете установить размер блока <strong>данных</strong> <strong>Oracle</strong> в 2, 4, 8, 16 или 32 Кбайт (или даже <strong>больше</strong>), и эти ..."
Oracle,Большие данные Oracle,https://oracle-patches.com/forums/oracle/4285-%D1%80%D0%B0%D0%B7%D0%BC%D0%B5%D1%80-%D0%B1%D0%B0%D0%B7%D1%8B-%D0%B4%D0%B0%D0%BD%D0%BD%D1%8B%D1%85-oracle,Подскажите скрипт вычисляющий сколько занимают на дисках имеющиеся tablespace (без archivelogs).
Oracle,Большие данные Oracle,https://www.cyberforum.ru/oracle/thread473749.html,Есть ли в <strong>Oracle</strong> механизмы работы с очень <strong>большими</strong> объемами <strong>данных</strong> ? <strong>Oracle</strong> Ответ
Oracle,Большие данные Oracle,https://www.osp.ru/os/2011/10/13010990,"Символами первой промышленной революции были чугун и пар, второй — сталь и поточное производство, третьей — полимерные материалы, алюминий и электроника, а ..."
Oracle,Большие данные Oracle,http://for-ora-dba.ru/obzor-struktur-pamyati-bd-oracle.html,"<strong>Большой</strong> пул: ... <strong>больших</strong> процессов, таких как резервное копирование <strong>Oracle</strong> и операции восстановления, а также серверные процессы ввода-вывода · Пул Java: Используется для всего специфичного для сеанса кода Java и <strong>данных</strong> в ..."
Oracle,Большие данные Oracle,https://firststeps.ru/sql/oracle/r.php?23,"Просмотреть все файлы <strong>данных</strong> (&quot;табличные пространства&quot;) можно заглянув в каталог, C:\<strong>Oracle</strong>\ORADATA\proba, все файлы с расширением dbf и есть файлы <strong>данных</strong> или &quot;табличные ..."
Oracle,Большие данные Oracle,https://oraclenote.burdins.ru/notes/30-kak-opredelit-razmer-indeksa-v-oracle.html,"Приложенные скрипты помогут определить физический размер отдельного индекса, отдельной таблицы, таблицы и всех её индексов. Узнаем размер индекса в <strong>ORACLE</strong>."
Oracle,Большие данные Oracle,https://dzen.ru/list/gadgets/oracle-update-bolshoi-tablitcy,"Оставайтесь в курсе актуальных событий и следите за любимыми темами — от спорта до путешествий, от стиля до технологий. А умные алгоритмы порекомендуют контент ..."
Oracle,Большие данные Oracle,https://www.dell.com/support/kbdoc/ru-rs/000124827/%D0%BA%D0%B0%D0%BA-%D0%BD%D0%B0%D1%81%D1%82%D1%80%D0%BE%D0%B8%D1%82%D1%8C-%D1%85%D1%80%D0%B0%D0%BD%D0%B5%D0%BD%D0%B8%D0%B5-%D0%B4%D0%B0%D0%BD%D0%BD%D1%8B%D1%85-%D0%B2-%D0%BF%D0%B0%D0%BC%D1%8F%D1%82%D0%B8-%D0%B4%D0%BB%D1%8F-%D0%B1%D0%B0%D0%B7%D1%8B-%D0%B4%D0%B0%D0%BD%D0%BD%D1%8B%D1%85-oracle-12c,"Наша задача — предоставлять решения для упрощения ИТ-инфраструктуры, предлагая решения для баз данных, специализированную разработку, динамические ЦОД и гибкие ..."
Oracle,Большие данные Oracle,http://www.codenet.ru/db/oracle/Oracle-Compress.php,"В большинстве систем ... <strong>больших</strong> таблицах. При развитии подобных систем требования к дисковому пространству могут быстро расти. Сейчас хранилища <strong>данных</strong> объемом сотни терабайт встречаются все чаще. При решении проблем с дисковым пространством, появившаяся в <strong>Oracle</strong> 9i Release ..."
Oracle,Большие данные Oracle,https://www.oracle.com/cis/database/products-a-z/?er=228088,"Параллельная ... <strong>данных</strong> ... Загрузить СУБД <strong>Oracle</strong> Database 19c. ... Создавайте, тестируйте и рзворачивайте приложения в <strong>Oracle</strong> Cloud бесплатно. ... Интересно узнать <strong>больше</strong>..."
Oracle,Большие данные Oracle,https://www.mordorintelligence.com/industry-reports/big-data-as-a-service-market,"The Big Data As A Service Market worth USD 52.75 billion in 2026 is growing at a CAGR of 26.95% to reach USD 173.84 billion by 2031. Amazon Inc.,, Google LLC, Microsoft Corporation, IBM Corporation and <strong>Oracle</strong> Corporation are the major companies operating in this market."
Oracle,Большие данные Oracle,https://docs.oracle.com/en/database/oracle/oracle-database/19/refrn/datatype-limits.html,"This table documents the limits for datatypes, and includes comments about the datatypes."
Oracle,Большие данные Oracle,https://cloud.oracle.com/ru_RU/big-data/datasheets,"Мощные возможности Hadoop и Spark в виде защищенного автоматизированного высокопроизводительного сервиса, полностью интегрирующегося с существующими данными ..."
Oracle,Большие данные Oracle,https://www.sql.ru/forum/1304902/skolko-optimalno-operativnoy-pamyati-neobhodimo-dlya-servera-oracle,"Сколько оптимально оперативной памяти необходимо для сервера <strong>Oracle</strong>? / <strong>Oracle</strong> / Если какая-либо формула, позволяющая высчитать оптимальное количество оперативной ..."
Oracle,Большие данные Oracle,https://www.oracle.com/webfolder/s/delivery_production/docs/FY15h1/doc6/big-data-enterprise.pdf,"компаний стараются включить эти нетрадиционные, но потенциально ценные <strong>данные</strong> в число · корпоративных, а также проводить их анализ. Чтобы <strong>большие</strong> <strong>данные</strong> ..."
Oracle,"""Большие данные"" Oracle",https://www.tadviser.ru/index.php/%D0%9F%D1%80%D0%BE%D0%B5%D0%BA%D1%82:CaixaBank_(Oracle_Big_Data_Appliance),"Проект:CaixaBank (<strong>Oracle</strong> Big Data Appliance), <strong>Oracle</strong>, CaixaBank, <strong>Большие</strong> <strong>данные</strong> (Big Data), CRM, Интернет, Call-центры, <strong>Oracle</strong> Big Data Appliance"
Oracle,"""Большие данные"" Oracle",https://proglib.io/p/databases-2019,Умение выбрать СУБД важно при разработке любого ПО. Мы собрали 10 систем управления базами <strong>данных</strong> и разобрались в их преимуществах.
Oracle,"""Большие данные"" Oracle",https://university.ylab.io/articles/tpost/9g6ybrjfv1-pochemu-oracle-database-vibor-silnih-v-i,"<strong>Oracle</strong> Database — одна из самых мощных систем управления базами <strong>данных</strong> (СУБД), которая остаётся золотым стандартом для работы с <strong>большими</strong> объёмами информации."
Oracle,"""Большие данные"" Oracle",https://www.osp.ru/cw/2016/08/13049514/,"Немало возникает и вопросов, связанных с архитектурой СУБД, в организациях, где есть <strong>Большие</strong> <strong>Данные</strong>. <strong>В</strong> <strong>Oracle</strong> работает группа архитекторов, которые собирают примеры ..."
Oracle,"""Большие данные"" Oracle",https://www.oracleparts.ru/resheniya-oracle-database/big-data-for-everyone/new-technology-bridges,После этого вы ... <strong>большие</strong> <strong>данные</strong> для создания отчетов или работы с приложениями с помощью существующих интерфейсов. Кроме упрощенного доступа и интеграции <strong>Oracle</strong> Big Data SQL ...
Oracle,"""Большие данные"" Oracle",https://habr.com/ru/companies/first/articles/720058/,"Уже более десяти лет тот факт, что люди с трудом извлекают из своих <strong>данных</strong> полезную информацию, сбрасывают на чересчур <strong>большой</strong> размер этих <strong>данных</strong>."
Oracle,"""Большие данные"" Oracle",https://logistics.ru/automation/news/oracle-big-data-sql-rasshiryaet-portfolio-resheniy-oracle-dlya-bolshih-dannyh,"Новый продукт <strong>Oracle</strong> ... NoSQL и <strong>Oracle</strong> Database с использованием SQL · Организациям необходимы инновационные методы управления растущими объемами <strong>данных</strong>, получаемых из <strong>большего</strong> числа ..."
Oracle,"""Большие данные"" Oracle",https://online.hse.ru/blog/statyi/mozhno-vopros/chto-takoe-bolshie-dannye-big-data-i-kak-oni-ustroeny,"Что такое <strong>большие</strong> <strong>данные</strong> простыми словами, их характеристики. Как работает технология, примеры и сферы использования. Основы работы с Big Data: как их собирают, хранят ..."
Oracle,"""Большие данные"" Oracle",https://fors.ru/upload/magazine/04/http_texts/total_pcweek_big_data_all.html,"Для штатных ... директор по технологиям отделения систем компании <strong>Oracle</strong> Asia Pacific: “<strong>Большие</strong> <strong>данные</strong> формируют отношения, и затем только от вас зависит ..."
Oracle,Big Data Oracle,https://www.oracle.com/big-data/,"Manage, catalog and process raw data with Oracle Big Data. Create a powerful data lake that seamlessly integrates into existing architectures and easily connects data to users."
Oracle,Big Data Oracle,https://www.oracle.com/database/technologies/datawarehouse-bigdata/bigdata-sql.html,"One Fast Query Over All Your Data. Oracle Big Data SQL <strong>enables a single query using Oracle SQL to access data in Oracle Database, Hadoop, and many other sources</strong>. So people and applications using SQL now have access to a much bigger pool of data. Oracle Big Data SQL enables a single query using ..."
Oracle,Big Data Oracle,https://docs.oracle.com/bigdata/bds31/BDSUG/concepts.htm,"It <strong>enables unified query for distributed data and therefore the ability to view and analyze data from disparate data stores seamlessly, as if it were all stored in an Oracle database</strong>. Oracle Big Data SQL supports the complete Oracle SQL syntax. You can execute highly complex SQL SELECT statements ..."
Oracle,Big Data Oracle,https://www.oracle.com/docs/tech/database/bigdatasql-datasheet.pdf,Oracle Big Data SQL is <strong>a data virtualization innovation from Oracle</strong>.
Oracle,Big Data Oracle,https://docs.oracle.com/en-us/iaas/bigdata/home.htm,"Big Data provisions <strong>fully configured, secure, highly available, and dedicated Hadoop and Spark clusters on demand</strong>. Scale the cluster to fit your big data and analytics workloads by using a range of Oracle Cloud Infrastructure compute shapes that support small test and development clusters to ..."
Oracle,Big Data Oracle,https://www.oracle.com/middleware/technologies/big-data-discovery.html,"Oracle Big Data Discovery is <strong>a stunningly visual, intuitive product that leverages the power of Hadoop to transform raw data into business insight in minutes</strong>, without the need to learn complex tools or rely only on highly specialized resources."
Oracle,Big Data Oracle,https://docs.oracle.com/en/solutions/big-data-and-analytics/index.html,"Big data tools are popular in the ... like Hadoop, Spark, and Hive. Use the Oracle Big Data Service, which <strong>offers all the popular open source Hadoop components as a managed service in Oracle Cloud</strong>...."
Oracle,Big Data Oracle,https://docs.oracle.com/iaas/bigdata/overview.htm,"ODH includes Apache Ambari, Apache Hadoop, Apache HBase, Apache Hive, Apache Spark, and other services for working with and securing big data. For a detailed list of what&#x27;s in ODH, see About Oracle Distribution Including Apache Hadoop (ODH)."
Oracle,Big Data Oracle,https://docs.oracle.com/en/bigdata/,"Documentation and other user assistance to help programmers, developers, administrators, and big data scientists use Oracle Big Data products to <strong>discover, analyze, and visualize data across Oracle Database and non-relational sources such as Hadoop and NoSQL</strong>."
Oracle,Big Data Oracle,https://docs.oracle.com/en/cloud/paas/big-data-cloud/index.html,"Oracle Big Data Cloud Service <strong>provides enterprise-grade Hadoop as a service with end-to-end security, high performance and ease of management and upgradeability</strong>."
Oracle,Big Data Oracle,https://www.oracle.com/big-data/big-data-service/,"Oracle Big Data Service is <strong>a fully managed, automated cloud service that provides enterprises with a cost-effective Hadoop environment</strong>."
Oracle,Big Data Oracle,https://en.wikipedia.org/wiki/Oracle_Big_Data_Appliance,"The Oracle data appliance consists of hardware and software from Oracle Corporation sold as a computer appliance. It was announced in 2011, and is <strong>used for the consolidating and loading unstructured data into Oracle Database software</strong>. Oracle announced the Oracle Big Data Appliance on October ..."
Oracle,Big Data Oracle,https://www.oracle.com/a/ocom/docs/engineered-systems/bdcs-datasheet.pdf,Apache Spark. Big Data Cloud Service ... Apache Spark and Impala. ... Oracle Big Data Cloud Service is <strong>an automated cloud service for Big Data processing</strong>.
Oracle,Big Data Oracle,https://docs.oracle.com/en/cloud/paas/big-data-cloud/csbdi/oracle-big-data-cloud-service.html,"An entitlement to Oracle Big Data ... Use Oracle Big Data Cloud Service to <strong>capture and analyze the massive volumes of data generated by social media feeds, e-mail, web logs, photographs, smart meters, sensors, and similar devices</strong>...."
Oracle,Big Data Oracle,https://www.oracle.com/database/technologies/datawarehouse-bigdata.html,"Eliminate virtually all complexities ... service. <strong>Oracle Autonomous Data Warehouse is a data and analytics platform that automates patching, provisioning, tuning, scaling, and security without human intervention</strong>...."
Oracle,Big Data Oracle,https://www.gartner.com/reviews/market/data-virtualization/vendor/oracle/product/oracle-big-data-sql,"Oracle Big Data SQL is <strong>a software designed to enable querying data across Hadoop, NoSQL, and Oracle Database environments using SQL</strong>. It provides a unified data access layer that allows organizations to analyze large volumes of structured and ..."
Oracle,Big Data Oracle,https://www.oracle.com/database/technologies/bigdatalite-v411.html,"Oracle Database 12c Release 1 Enterprise Edition (12.1.0.2) - including Oracle Big Data SQL-enabled external tables, Oracle Multitenant, Oracle Advanced Analytics, Oracle OLAP, Oracle Partitioning, Oracle Spatial and Graph, and more."
Oracle,Big Data Oracle,https://docs.oracle.com/en/bigdata/big-data-sql/,"Oracle Big Data SQL <strong>lets you use the full power of Oracle SQL to seamlessly access and integrate data stored across Oracle Database, Hadoop, Kafka, NoSQL, and object store sources</strong>. It extends Oracle Database security to all of your data. Its unique Smart Scan leverages the cluster to parse, ..."
Oracle,Big Data Oracle,https://docs.oracle.com/en/bigdata/big-data-appliance/4.13/bigug/concepts.html,"The hardware is optimized to run the enhanced big data software components. ... <strong>Oracle provides a big data platform that captures, organizes, and supports deep analytics on extremely large, complex data streams flowing into your enterprise from many data sources</strong>."
Oracle,Big Data Oracle,https://www.oracle.com/docs/tech/database/bigdataappliance-datasheet.pdf,"Big Data Appliance bundles a highly available · hardware footprint (servers, high-speed networking, power distribution units and · peripherals), OS and Java support as well as subscription costs for Cloudera’s · Distribution including Apache Hadoop into a single price for the life of the system. Oracle delivers a single support point-of-contact that covers the hardware and the"
Oracle,Big Data Oracle,https://docs.oracle.com/en/cloud/paas/big-data-cloud/,Describes how to get started using <strong>Oracle</strong> <strong>Big</strong> <strong>Data</strong> Cloud Service.
Oracle,Big Data Oracle,https://www.oracle.com/big-data/index.html,"Manage, catalog and process raw <strong>data</strong> <strong>with</strong> <strong>Oracle</strong> <strong>Big</strong> <strong>Data</strong>. Create a powerful <strong>data</strong> lake that seamlessly integrates into existing architectures and easily connects <strong>data</strong> to users."
Oracle,Big Data Oracle,https://docs.oracle.com/en/bigdata/big-data-sql/4.0/bdsug/concepts.html,"<strong>Oracle</strong> <strong>Big</strong> <strong>Data</strong> SQL supports queries against non-relational <strong>data</strong> stored in multiple <strong>big</strong> <strong>data</strong> sources, including Apache Hive, HDFS, <strong>Oracle</strong> NoSQL Database, Apache Kafka, Apache HBase, and other NoSQL databases."
Oracle,Big Data Oracle,https://docs.oracle.com/en-us/iaas/Content/bigdata/overview.htm,Note The <strong>data</strong> at rest in Block Volumes used by the <strong>Big</strong> <strong>Data</strong> Service service is encrypted by default. ... An Hadoop stack that includes an installation of <strong>Oracle</strong> Distribution including Apache Hadoop (ODH).
Oracle,Big Data Oracle,https://docs.oracle.com/en/bigdata/big-data-appliance/4.14/bigug/concepts.html,Challenge: Handling the <strong>data</strong> at high speed without stressing the structured systems · <strong>Oracle</strong> <strong>Big</strong> <strong>Data</strong> Appliance is an engineered system comprising both hardware and software components.
Oracle,Big Data Oracle,https://blogs.oracle.com/bigdata/,"Learn about <strong>data</strong> lakes, machine learning &amp; more innovations"
Oracle,Big Data Oracle,https://rootstack.com/en/blog/oracle-oci-big-data-platform-capabilities,"<strong>Oracle</strong> Cloud Infrastructure (OCI) <strong>Big</strong> <strong>Data</strong> is a leading solution that offers a complete, managed platform."
Oracle,Big Data Oracle,https://docs.oracle.com/en-us/iaas/Content/bigdata/home.htm,"<strong>Big</strong> <strong>Data</strong> Service provisions fully configured, secure, highly available, and dedicated Hadoop and Spark clusters on demand. Scale the cluster to fit your <strong>big</strong> <strong>data</strong> and analytics workloads by using a range of <strong>Oracle</strong> Cloud Infrastructure compute shapes that support small test and development clusters ..."
Oracle,Big Data Oracle,https://www.cleverence.com/articles/oracle/oracle-big-data-extracting-insights-from-vast-datasets/,"Explore the potential of <strong>Oracle</strong> <strong>Big</strong> <strong>Data</strong> in extracting valuable insights from vast datasets. Learn about <strong>data</strong> processing, analytics, and making <strong>data</strong>-driven decisions at scale."
Oracle,Big Data Oracle,https://www.amazon.com/Oracle-Big-Data-Handbook-Press/dp/0071827269,"<strong>Oracle</strong> <strong>Big</strong> <strong>Data</strong> Handbook (<strong>Oracle</strong> Press) [Plunkett, Tom, Macdonald, Brian, Nelson, Bruce, Hornick, Mark, Sun, Helen, Mohiuddin, Khader, Harding, Debra, Mishra, Gokula, Stackowiak, Robert, Laker, Keith, Segleau, David] on Amazon.com. *FREE* shipping on qualifying offers."
Oracle,Big Data Oracle,https://docs.oracle.com/en/cloud/paas/big-data-service/index.html,How to use <strong>Oracle</strong> <strong>Big</strong> <strong>Data</strong> Service
Oracle,Big Data Oracle,https://docs.oracle.com/cd/E40622_01/doc.21/e40656/concepts.htm,Provides an introduction to the <strong>Oracle</strong> <strong>Big</strong> <strong>Data</strong> Appliance software and to the administrative tools and procedures.
Oracle,Big Data Oracle,https://docs.oracle.com/iaas/bigdata/home.htm,"<strong>Big</strong> <strong>Data</strong> Service provisions fully configured, secure, highly available, and dedicated Hadoop and Spark clusters on demand. Scale the cluster to fit your <strong>big</strong> <strong>data</strong> and analytics workloads by using a range of <strong>Oracle</strong> Cloud Infrastructure compute shapes that support small test and development clusters ..."
Oracle,Big Data Oracle,https://www.dbi-services.com/blog/introduction-to-oracle-big-data-services/,"Since few years, <strong>Oracle</strong> decided to move forward in the <strong>Big</strong> <strong>Data</strong> area, as their main competitor. The goal of this blog post is to explain you, how the <strong>Oracle</strong> <strong>Big</strong> <strong>Data</strong> offering is composed. As the <strong>Oracle</strong> <strong>Big</strong> <strong>Data</strong> offering is continuously improving, I’m always open to your feedback 🙂 <strong>Oracle</strong> ..."
Oracle,Big Data Oracle,https://infohub.delltechnologies.com/en-us/l/oracle-big-data-sql-on-dell-emc-powerflex/oracle-big-data-sql-version-4-1/,This white paper shows how <strong>Oracle</strong> <strong>Big</strong> <strong>Data</strong> SQL on Dell Technologies infrastructure can advance the use of enterprise <strong>data</strong> virtualization technology in your enterprise.
Oracle,Big Data Oracle,https://www.greentecsystems.com/oracle-big-data-appliance-best-approach-big-data-analysis/,Many people think that dealing with <strong>Big</strong> <strong>Data</strong> is problematic because of only one reason- the sheer volume of unstructured <strong>data</strong> it presents one with. But there...
Oracle,Big Data Oracle,https://www.gartner.com/reviews/market/data-integration-tools/vendor/oracle/product/oracle-big-data-sql,"Read the latest, in-depth <strong>Oracle</strong> <strong>Big</strong> <strong>Data</strong> SQL reviews from real users verified by Gartner Peer Insights, and choose your business software with confidence."
Oracle,Big Data Oracle,https://www.ateam-oracle.com/post/big-data-service-faq-from-customers,This site requires JavaScript to be enabled
Oracle,Big Data Oracle,https://docs.oracle.com/cloud/latest/bigdata-cloud/index.html,Describes how to get started using <strong>Oracle</strong> <strong>Big</strong> <strong>Data</strong> Cloud Service.
Oracle,Big Data Oracle,https://www.oracle.com/big-data/products.html,"For organizations needing efficient and comprehensive management of <strong>big</strong> <strong>data</strong>, <strong>the</strong> <strong>Oracle</strong> Cloud Infrastructure (OCI) <strong>Big</strong> <strong>Data</strong> platform provides a wide range of capabilities with an exceptional price-to-performance ratio."
Oracle,Big Data Oracle,https://www.oracle.com/big-data/big-data-sql/,"Manage, catalog and process raw <strong>data</strong> <strong>with</strong> <strong>Oracle</strong> <strong>Big</strong> <strong>Data</strong>. Create a powerful <strong>data</strong> lake that seamlessly integrates into existing architectures and easily connects <strong>data</strong> to users."
Oracle,Big Data Oracle,https://docs.public.content.oci.oraclecloud.com/en-us/iaas/releasenotes/services/big-data/index.htm,"A new release for <strong>Big</strong> <strong>Data</strong> is now available. You can use an interpreter for <strong>Oracle</strong> Cloud SQL, which ..."
Oracle,Big Data Oracle,https://learn.oracle.com/ols/course/oracle-big-data-fundamentals/88386/101803,"In the <strong>Oracle</strong> <strong>Big</strong> <strong>Data</strong> Fundamentals course, you learn about <strong>big</strong> <strong>data</strong>, the technologies used in processing <strong>big</strong> <strong>data</strong> <strong>and</strong> <strong>Oracle</strong>&#x27;s solution to handle <strong>big</strong> <strong>data</strong>. You also learn to use <strong>Oracle</strong> <strong>Big</strong> <strong>Data</strong> Appliance to process <strong>big</strong> <strong>data</strong>, and obtain a hands-on experience in using <strong>Oracle</strong> <strong>Big</strong> <strong>Data</strong> Lite VM."
Oracle,Big Data Oracle,https://docs.oracle.com/en/bigdata/big-data-appliance/4.13/bigog/intro.html,"<strong>Oracle</strong> <strong>Big</strong> <strong>Data</strong> Appliance is an engineered system of hardware and software optimized to capture and analyze the massive volumes of <strong>data</strong> generated by social media feeds, email, web logs, photographs, smart meters, sensors, and similar devices."
Oracle,Big Data Oracle,https://www.pluralsight.com/courses/oracle-big-data-getting-started,Looking to learn how <strong>big</strong> <strong>data</strong> architecture works? With <strong>Oracle</strong>&#x27;<strong>s</strong> <strong>big</strong> <strong>data</strong> platform you can learn just what you need to know about <strong>big</strong> <strong>data</strong> architecture here!
Oracle,Big Data Oracle,https://www.oracle.com/webfolder/technetwork/tutorials/obe/db/12c/bigdatasql/bigdatasql_hol.html,"This tutorial illustrates how you can securely analyze <strong>data</strong> across the <strong>big</strong> <strong>data</strong> platform - whether that <strong>data</strong> resides in <strong>Oracle</strong> Database 12c, Hadoop, <strong>Oracle</strong> NoSQL Database or a combination of these sources. Importantly, you will be able to leverage your existing <strong>Oracle</strong> skill sets and applications ..."
Oracle,Big Data Oracle,https://verify.wiki/wiki/Oracle(Big_Data),"<strong>Oracle</strong> provides products and solutions for Management, Analytics and Integration of <strong>Big</strong> <strong>Data</strong>. The company also provides <strong>Big</strong> <strong>Data</strong> Cloud and SQL Cloud Services. <strong>Big</strong> <strong>data</strong> is defined by concept of 4 V&#x27;s ,i.e., high velocity,large volume, many varieties and varacity."
Oracle,Big Data Oracle,https://docs.oracle.com/en/bigdata/big-data-sql/4.0/bdsug/bigsql.html,The external_table_clause identifies ... load the <strong>data</strong>. See &quot;About the External Table Clause&quot;. CREATE TABLE ORGANIZATION EXTERNAL statement takes the external table clause as its argument. The external table clause has the following subclauses: ... The TYPE clause identifies the access driver. The type of access driver determines how the other parts of the external table definition are interpreted. Specify one of the following values for <strong>Oracle</strong> <strong>Big</strong> <strong>Data</strong> ...
Oracle,Big Data Oracle,https://docs.oracle.com/en-us/iaas/Content/pl-sql-sdk/doc/bds-package.html,"<strong>Oracle</strong> <strong>Big</strong> <strong>Data</strong> Service provisions fully configured, secure, highly available and dedicated Hadoop and Spark clusters on demand. Scale the cluster to fit your <strong>big</strong> <strong>data</strong> and analytics workloads using a range of <strong>Oracle</strong> Cloud Infrastructure compute shapes - supporting small test and development ..."
Oracle,Big Data Oracle,https://www.pipelinepub.com/news/Oracle-unveils-oracle-cloud-platform-for-big-data,"<strong>Oracle</strong> simplified the process of unlocking business value from <strong>big</strong> <strong>data</strong> today with the announcement of <strong>Oracle</strong> Cloud Platform for <strong>Big</strong> <strong>Data</strong>. As part of the world’s most complete Platform as a Service portfolio, <strong>Oracle</strong> Cloud Platform for <strong>Big</strong> <strong>Data</strong> is uniquely positioned to enable customers to ..."
Oracle,Big Data Oracle,"https://apexapps.oracle.com/pls/apex/f?p=44785:24:14305637721302:::24:P24_CONTENT_ID,P24_PREV_PAGE:23468,24","Introducing the <strong>Oracle</strong> <strong>Big</strong> <strong>Data</strong> Lite Virtual Machine and Hadoop, Learn how to: • Install and use the <strong>Oracle</strong> <strong>Big</strong> <strong>Data</strong> Lite (BDLite) Virtual Machine (VM) • Identify Apache Hadoop and its ecosystem • Identify some of the available res, <strong>Big</strong> <strong>Data</strong>, <strong>Big</strong> <strong>Data</strong> Cloud Service, <strong>Big</strong> <strong>Data</strong> SQL, Cloud, ..."
Oracle,Big Data Oracle,https://www.informationweek.com/machine-learning-ai/oracle-big-data-sql-5-key-points,"<strong>Oracle</strong>&#x27;s new <strong>big</strong> <strong>data</strong> tool won&#x27;t cover all the analysis bases, but it will enable SQL-savvy professionals to query Hadoop and NoSQL sources."
Oracle,Big Data Oracle,https://www.g2.com/products/oracle-big-data-cloud-service/reviews,"Filter 14 reviews by the users&#x27; company size, role or industry to find out how <strong>Oracle</strong> <strong>Big</strong> <strong>Data</strong> Cloud Service works for a business like yours."
Oracle,Big Data Oracle,https://docs.oracle.com/en/cloud/paas/big-data-cloud/tutorials.html,Manage <strong>Oracle</strong> <strong>Big</strong> <strong>Data</strong> Cloud Service · Transfer and Analyze <strong>Data</strong> <strong>with</strong> <strong>Oracle</strong> <strong>Big</strong> <strong>Data</strong> Manager · Related Resources · Known Issues · Videos · Tutorials · Books · Home · Cloud · Platform as a Service (PaaS) <strong>Big</strong> <strong>Data</strong> Cloud Service · Create an <strong>Oracle</strong> <strong>Big</strong> <strong>Data</strong> Cloud Service Instance and ...
Oracle,Big Data Oracle,https://docs.oracle.com/en/cloud/paas/big-data-prep-cloud/,Documentation that helps administrators and <strong>data</strong> analysts get started using <strong>Oracle</strong> <strong>Big</strong> <strong>Data</strong> Preparation Cloud Service.
Oracle,Big Data Oracle,https://consummatetechnologies.us/oracle-technologies/Oracle-DB-BigData.php,Consummate Technologies is one of the leading salesforce and cloud computing company in India so we provide high quality software services.
Oracle,Big Data Oracle,https://www.gartner.com/reviews/market/hadoop-distributions/vendor/oracle/product/big-data-appliance-legacy,"Read the latest, in-depth <strong>Big</strong> <strong>Data</strong> Appliance (Legacy) reviews from real users verified by Gartner Peer Insights, and choose your business software with confidence."
Oracle,Big Data Oracle,https://www.dbta.com/Editorial/News-Flashes/Oracle-Introduces-Oracle-Big-Data-Discovery---a--Visual-Face-of-Hadoop-99623.aspx,"In his keynote address, Thomas Kurian, executive vice president, Product Development, <strong>Oracle</strong>, showcased a brand new product, <strong>Oracle</strong> <strong>Big</strong> <strong>Data</strong> Discovery - a visual face to Hadoop - &#x27;that allows you to go to a browser, profile the <strong>data</strong>, explore the <strong>data</strong>, analyze the <strong>data</strong>, and do prediction and ..."
Oracle,"""Big Data"" Oracle",https://www.oracle.com/database/big-data-sql/index.html,"Manage, catalog and process raw <strong>data</strong> <strong>with</strong> <strong>Oracle</strong> <strong>Big</strong> <strong>Data</strong>. Create a powerful <strong>data</strong> lake that seamlessly integrates into existing architectures and easily connects <strong>data</strong> to users."
MySQL,Большие данные MySQL,https://zalinux.ru/?p=4466,"du -s /ПУТЬ/ДО//ДИРЕКТОРИИ/mysql/data | sort -n · Вы можете использовать этот запрос, чтобы показать размер таблицы (хотя сначала вам нужно заменить переменные $DB_NAME — имя базы данных: и $TABLE_NAME — имя таблицы):"
MySQL,Большие данные MySQL,https://ru.hostings.info/questions/maksimalnyy-i-optimalnyy-razmer-bazy-dannyh-mysql.html,"Иногда большая база база оказывается проще в обслуживании, чем 100500 мелких. От архитектуры зависит. 2) Невозможно ответить на такой вопрос - всё зависит от особенностей архитектуры базы данных."
MySQL,Большие данные MySQL,https://help.sweb.ru/maksimal6nyj-razmer-mysql_964.html,"Информация о максимально размере базы данных MySQL на хостинге. А также о шагах, которые необходимо сделать для увеличения размера базы."
MySQL,Большие данные MySQL,https://habr.com/ru/post/121129/,"Скрипт должен работать постоянно и обновлять все записи которые добавляются в лог, когда он перельет все данные нужно переименовать таблицы: mysql&gt; TRUNCATE users_updated_rows; Query OK, 0 rows affected (0.16 sec) mysql&gt; RENAME TABLE users TO __users, _users TO users; Query OK, 0 rows affected (0.11 sec)"
MySQL,Большие данные MySQL,https://ru.stackoverflow.com/questions/584525/%D0%91%D0%BE%D0%BB%D1%8C%D1%88%D0%B0%D1%8F-mysql-%D1%82%D0%B0%D0%B1%D0%BB%D0%B8%D1%86%D0%B0-%D0%B1%D0%BE%D0%BB%D0%B5%D0%B5-200-000-000-%D0%B7%D0%B0%D0%BF%D0%B8%D1%81%D0%B5%D0%B9-%D0%9A%D0%B0%D0%BA-%D1%80%D0%B0%D1%81%D1%81%D1%82%D0%B0%D0%B2%D0%B8%D1%82%D1%8C-%D0%B8%D0%BD%D0%B4%D0%B5%D0%BA%D1%81%D1%8B,"посмотреть в сторону колоночных баз данных - HP Vertica (есть условно бесплатна community edition), Maria DB ColumnStore https://mariadb.com/products/mariadb-columnstore ... AI-generated Answers experiment on Stack Exchange sites that volunteered to... 3 Как быстро удалить индексы в таблице MySQL? 0 Выборка из большой базы MySQL по 200 записей за раз - PHP"
MySQL,Большие данные MySQL,https://losst.pro/razmer-bazy-dannyh-mysql,"<strong>SELECT table_schema AS &quot;Имя базы данных&quot;, ROUND(SUM(data_length + index_length) / 1024 / 1024, 2) AS &quot;Размер в Мб&quot; FROM information_schema</strong>.TABLES GROUP BY table_schema; Запрос выведет точный размер ..."
MySQL,Большие данные MySQL,https://oracle-patches.com/db/mysql/%D1%8D%D0%B2%D0%BE%D0%BB%D1%8E%D1%86%D0%B8%D1%8F-mysql-%D0%B4%D0%BB%D1%8F-%D0%B1%D0%BE%D0%BB%D1%8C%D1%88%D0%B8%D1%85-%D0%B4%D0%B0%D0%BD%D0%BD%D1%8B%D1%85,"Это теперь стало возможным с интеграцией MySQL с Hadoop. С помощью Hadoop данные можно хранить в подсистеме распре­деленного хранения, и вы также имеете возможность реализовать кластер Hadoop для распределенной аналитической подсистемы с целью анализа больших дан­ных."
MySQL,Большие данные MySQL,http://www.mysql.ru/docs/man/Table_size.html,"MySQL версии 3.22 имеет предел по размеру таблиц 4 Гб. В MySQL версии 3.23, где используется новый тип таблиц, <strong>максимальный размер таблицы доведен до 8 миллионов терабайтов</strong> ..."
MySQL,Большие данные MySQL,https://phpclub.ru/talk/threads/%D0%A1%D0%BE%D1%80%D1%82%D0%B8%D1%80%D0%BE%D0%B2%D0%BA%D0%B0-%D0%B1%D0%BE%D0%BB%D1%8C%D1%88%D0%B8%D1%85-%D0%B4%D0%B0%D0%BD%D0%BD%D1%8B%D1%85.85718/,"При том если отфильтровать количество сортируемых записей до количества меньше 1000, то запрос будет обрабатывать в сотни раз быстрее. Я так понимаю он тупо тратит много времени на выборку этих данных (Sending data 0.179417, на тестовых данных ), когда нет фильтров."
MySQL,Большие данные MySQL,https://artkiev.com/blog/mysql-insert-big-data.htm,"В новом проекте приходится очень часто импортировать большие объемы информации. Перебрали несколько совершенно разных подходов и хотим поделиться тем, который, ..."
MySQL,Большие данные MySQL,https://ru.stackoverflow.com/questions/247384/%D0%91%D0%BE%D0%BB%D1%8C%D1%88%D0%B8%D0%B5-%D0%BE%D0%B1%D1%8A%D0%B5%D0%BC%D1%8B-%D0%B4%D0%B0%D0%BD%D0%BD%D1%8B%D1%85,"Понятно, что на все фильтры заранее не наготовишь счетчиков, но если подойти грамотно, то большинство задач можно покрыть. А вот редкие специфические запросы можно уже и с базы аккуратно вытянуть (я думаю, пользователи с этим смирятся). ... 113k66 золотых знаков9797 серебряных знаков163163 бронзовых знака 5 · На данный момент я так же склоняюсь к предвычислениям."
MySQL,Большие данные MySQL,https://internet-lab.ru/mysql_db_size,"Входим в командную оболочку mysql, нужно будет указать пароль. ... SELECT table_schema &quot;DB Name&quot;, ROUND(SUM(data_length + index_length) / 1024 / 1024, 1) &quot;DB Size in MB&quot; FROM information_schema.tables GROUP BY table_schema; \q · Получим список баз и их размер в МБ. ... При установке на Ubuntu zabbix-server база данных ..."
MySQL,Большие данные MySQL,https://www.linux.org.ru/forum/admin/12283677,"Попытался залить в магазин 66500 товаров через импорт. сервак после заливки грузит по несколько минут страницы, зависает весь сервак, до тех пор пока не откатишь содержимое базы назад.... база становится весить всего-то 85 метров в общей сложности, ну таблица самая тяжелая около 30 метров, многие в интернете расписывают про суперскую работу MYSQL с базами где гигабайты данных"
MySQL,Большие данные MySQL,https://otvet.mail.ru/question/85148158,"Максимальные размеры таблиц <strong>Максимальный размер таблиц в MySQL 3.22 до 4 ГБ, в последующих версиях максимальный размер до 8 млн ТБ (263 байт)</strong> ."
MySQL,Большие данные MySQL,https://www.cyberforum.ru/mysql/thread2210998.html,"Как импортировать большой дамп базы данных на локальный сервер (Denver) Здравствуйте, столкнулся с такой проблемой. Имеется дамп базы данных размером в 6,50 ГБ, нужно его поставить на локалку."
MySQL,Большие данные MySQL,https://qna.habr.com/q/535174,"Но вот сервер вовзращал разную частоту данных в зависимости от заданного промежутка времени, при срезе до недели, это 5 минут, при срезе до месяца - 1 час, как это организовать на сервере, для меня вопрос. Обычная логика, что сложного-то в проверке размера выбранного периода? Если выбрали много то делаем группировку больше."
MySQL,Большие данные MySQL,https://pyatilistnik.org/pochitat-mysql-8-dlya-bolshih-dannyh-2018/,"В книге вы познакомитесь с тем, как администраторы баз данных могут использовать MySQL для обработки миллиардов записей и извлечения данных с производительностью, сравнимой или превосходящей коммерческие решения для СУБД с более высокими затратами. Показано, как реализовывать успешную стратегию больших данных с помощью таких технологий, как Apache Hadoop, MapReduce и MySQL Applier."
MySQL,Большие данные MySQL,https://ru.stackoverflow.com/questions/1448980/%D0%9A%D0%B0%D0%BA-%D1%83%D0%B2%D0%B8%D0%B4%D0%B5%D1%82%D1%8C-%D1%80%D0%B5%D0%B0%D0%BB%D1%8C%D0%BD%D1%8B%D0%B9-%D1%80%D0%B0%D0%B7%D0%BC%D0%B5%D1%80-%D0%B1%D0%B0%D0%B7%D1%8B-%D0%B4%D0%B0%D0%BD%D0%BD%D1%8B%D1%85,Итак я нашел как посмотреть вес mysql таблиц. Все очень просто (идем путем поиска и взвешивания файлов ). Узнаем где храняться все файлы бд и таблиц. ... Что бы получить вес таблицы мы переходим в папку с названием нашей базы данных и что бы в приятном виде мы увидели вес файлов нужно ввести:
MySQL,Большие данные MySQL,https://highload.tech/5-strategiy-raboty-s-vysokimi-nagruzkami-v-mysql/,"Лучше не включать внутренний кэш Mysql в средах с большим количеством записей/обновлений. Настройка кэша выполняется с помощью параметра mysql_query_cache_size. Более гибкое решение — использование внешних инструментов кэширования, вроде Memcache либо Redis. Есть целый ряд техник кэширования данных в приложениях."
MySQL,Большие данные MySQL,https://my2i.ru/article/mysql-select-zaprosy-s-bolshim-limit,"Одной из таких острых проблем является использование SELECT одновременно с LIMIT [x,] y при больших значениях x и y. Предположим что у нас есть блог в котором 100000 страниц. Пользователь просматривает архив и для отображения первой страницы архива сервер выполнит примерно такой запрос: ... MySQL считает первые 10 строк из файла, запрос выполнится за милисекунды."
MySQL,Большие данные MySQL,https://help.sweb.ru/entry/964/,"Информация о максимально размере базы <strong>данных</strong> <strong>MySQL</strong> на хостинге. А также о шагах, которые необходимо сделать для увеличения размера базы."
MySQL,Большие данные MySQL,https://qna.habr.com/q/20908,Подсказать что-то <strong>большее</strong> можно уже только увидев структуру БД и сам запрос. Также рекомендую книгу Мартин Грабер «Понимание SQL». Там очень много ценного про оптимизацию запросов есть. ... помоему <strong>mysql</strong> для таких обьемов <strong>данных</strong> ...
MySQL,Большие данные MySQL,https://linux-notes.org/razmer-bazy-tablitsy-v-mysql/,"В моей статье &quot;Размер базы/таблицы в <strong>Mysql</strong>&quot; я хочу рассказать о том, как можно в удобной форме проверить размер базы/таблицы в <strong>mysql</strong>. Приведу несколько наглядных ..."
MySQL,Большие данные MySQL,https://habr.com/ru/articles/76356/,У меня снова возникла необходимость изменить структуру достаточно <strong>большой</strong> таблицы в <strong>MySQL</strong>. Изменения касались поля типа ENUM. Итак <strong>Дано</strong>. Таблица...
MySQL,Большие данные MySQL,https://userman.ru/2018/10/13/kak-opredelit-razmer-tablic-v-bd-mysql.html,"round(((data_length + index_length) ... <strong>большой</strong>, то можно сократить вывод добавив условие в конструкцию WHERE · WHERE table_schema = &quot;DBName&quot; AND table_name = &quot;TableName&quot;;где, TableName - имя таблицы, для который необходимо получить размер Например, чтобы определить размер таблицы help_topic в базе <strong>данных</strong> <strong>mysql</strong>, ..."
MySQL,Большие данные MySQL,https://ru.stackoverflow.com/questions/790295/%d0%9e%d0%b1%d1%80%d0%b0%d0%b1%d0%be%d1%82%d0%ba%d0%b0-%d0%b1%d0%be%d0%bb%d1%8c%d1%88%d0%be%d0%b3%d0%be-%d0%ba%d0%be%d0%bb%d0%b8%d1%87%d0%b5%d1%81%d1%82%d0%b2%d0%b0-%d0%b4%d0%b0%d0%bd%d0%bd%d1%8b%d1%85-mysql,2 Обработка массива <strong>данных</strong> <strong>MySQL</strong> в PHP · 2 <strong>MySQL</strong> подвисает при импорте <strong>большого</strong> дампа <strong>данных</strong> (&gt;14 ГБ)
MySQL,Большие данные MySQL,https://jakondo.ru/kak-opredelit-razmer-bazy-dannyh-mysql/,"<strong>MySQL</strong>, как и большинство других реляционных баз <strong>данных</strong>, предоставляет нам полезные метаданные о базе <strong>данных</strong>."
MySQL,Большие данные MySQL,https://help.ishosting.com/en/database-size,"Go to the Tools - Databases section. A list of databases will be displayed here. The size of the database will be displayed in the Size, MiB field. Go to the DB section. A list of databases and their"
MySQL,Большие данные MySQL,https://lred.ru/webmasteru/2085--mysql,"Оговорюсь сразу что ... базы <strong>данных</strong> <strong>mysql</strong> последний вариант, но он подходит только тем у кого есть доступ к терминалу. Так что в статье описаны все возможные способы импорта <strong>большой</strong> базы ..."
MySQL,Большие данные MySQL,https://itprospb.ru/2021/03/optimizatsiya-proizvoditelnosti-mysql/,"В большинстве случаев, такие переменные привязаны к типу хранилища - InnoDB или MyISAM. Когда эземпляр mysqld появляется в хост-системе, <strong>MySQL</strong> выделяет буферы и кеши для повышения производительности операций с базой <strong>данных</strong> ..."
MySQL,Большие данные MySQL,https://handyhost.ru/help/poleznyie-stati/optimizacziya-mysql-zaprosov.html,У большинства <strong>MySQL</strong> серверов включено кэширование запросов. Один из наилучших способов улучшения производительности — просто предоставить кэширование самой базе <strong>данных</strong>...
MySQL,Большие данные MySQL,https://vk.com/@open_it_community-13-sovetov-po-nastroike-i-optimizacii-baz-dannyh-mysql-i-mar,"<strong>MySQL</strong> и MariaDB — наиболее широко используемые системы управления реляционными базами данных (RDMS), когда речь идет о хостинге веб-сайто.."
MySQL,Большие данные MySQL,https://habr.com/ru/articles/539792/,"В результате <strong>MySQL</strong> создаст новый лог-файл указанного в конфигурации размера. Установка <strong>большого</strong> размера ​ innodb_log_file_size​ может привести к увеличению быстродействия, но при этом увеличится время восстановления <strong>данных</strong>..."
MySQL,Большие данные MySQL,https://cloud.ru/blog/sistema-mysql-chto-eto,"В этой статье кратко ... про <strong>MySQL</strong> — одну из самых популярных систем управления базами <strong>данных</strong>. ... СУБД созданы для того, чтобы упрощать работу с <strong>данными</strong> в самых разных областях. Например, чтобы хранить и анализировать <strong>большие</strong> <strong>данные</strong> ..."
MySQL,Большие данные MySQL,https://www.zone.ee/help/en/kb/database-size/,"What Makes Up The Size of a Database? The total size of a database is the sum of the sizes of its tables. The table’s size is not only the size of the rows that can be seen in the table, but it also includes table’s additional functions (different types..."
MySQL,Большие данные MySQL,https://www.linux.org.ru/forum/web-development/5139765,"Исходные <strong>данные</strong> таковы: есть в базе <strong>данных</strong> табличка вида (INT, TEXT), весьма внушительных размеров. Количество записей уже дошло до 1.6 миллиона и будет продолжать расти."
MySQL,Большие данные MySQL,https://ru.stackoverflow.com/questions/1020061/%D0%91%D0%BE%D0%BB%D1%8C%D1%88%D0%BE%D0%B9-%D0%B7%D0%B0%D0%BF%D1%80%D0%BE%D1%81-%D0%B2-mysql-php,"Есть группа в ВКонтакте, я получаю список всех участников группы и записываю их идентификаторы в базу <strong>данных</strong>. Сейчас код выглядит так: $paramerts = http_build_query($arguments); start: ..."
MySQL,Большие данные MySQL,https://it.vshp.online/disciplines/op08/op08_04.html,Примечание ЭТО АРХИВНАЯ ВЕРСИЯ КУРСА! Материалы предназначаются для пересдающих дисциплину
MySQL,Большие данные MySQL,https://latl.ru/sysadm/databases/mysql/6_easy_tips_to_reduce_mysql_size/,В этой статье представлены простые советы по уменьшению размера базы данных <strong>MySQL</strong>.
MySQL,Большие данные MySQL,https://www.sql.ru/forum/1317814/mysql-poisk-bolshie-obemy,[<strong>mySQL</strong>] Поиск. <strong>Большие</strong> объемы / <strong>MySQL</strong> / Доброе утро!Есть таблица на ~400 000 000 записей. Один из столбцов хранит 12-ти символьный идентификатор (321654987021).требуется выборка по ...
MySQL,Большие данные MySQL,https://www.linux.org.ru/forum/development/2347356,"Какой максимально допустимый размер одной базы <strong>данных</strong> <strong>в</strong> <strong>MySQL</strong>? Какой максимальный сумарный размер всех баз <strong>данных</strong>, принадлежащих одной установленной СУБД <strong>MySQL</strong>?"
MySQL,Большие данные MySQL,https://highload.today/vybor-samykh-bolshikh-tablits-iz-mysql/,"Быстрая альтернатива Mysqldump для <strong>больших</strong> таблиц без блокировок и выключений. ... Включение и использование логов ошибок, запросов и медленных запросов, бинарного лога для проверки работы <strong>MySQL</strong> ... Правила выбора типов <strong>данных</strong> ..."
MySQL,Большие данные MySQL,https://vds-admin.ru/mysql/%D1%83%D0%B7%D0%BD%D0%B0%D1%82%D1%8C-%D1%80%D0%B0%D0%B7%D0%BC%D0%B5%D1%80-%D0%B1%D0%B0%D0%B7%D1%8B-%D0%B4%D0%B0%D0%BD%D0%BD%D1%8B%D1%85-%D1%87%D0%B5%D1%80%D0%B5%D0%B7-%D0%BA%D0%BE%D0%BD%D1%81%D0%BE%D0%BB%D1%8C-mysql,Как узнать размер базы <strong>данных</strong> через консольный клиент <strong>mysql</strong>. Командная строка <strong>mysql</strong>.
MySQL,Большие данные MySQL,https://remont-komp.ru/razmer-bazy-dannyh-mysql/,"SELECT table_schema AS “Имя базы <strong>данных</strong>”, ROUND(SUM(data_length + index_length) / 1024 / 1024, 2) AS “Размер в Мб” FROM information_schema.TABLES GROUP BY table_schema; Запрос выведет точный размер базы <strong>MySQL</strong> для каждой из существующих баз, теперь вы можете ориентироваться что и сколько занимает. Если у вас очень <strong>большой</strong> ..."
MySQL,Большие данные MySQL,https://blog.airmeno.ru/?p=931,"Запрашиваем размер ... в Мб, <strong>MySQL</strong> отдает ответ в байтах): SELECT table_schema AS &quot;База <strong>данных</strong>&quot;, ROUND(SUM(data_length + index_length) / 1024 / 1024, 2) AS &quot;Размер в Мб&quot; FROM information_schema.TABLES GROUP BY table_schema; Результат в Гб — для <strong>больших</strong> ..."
MySQL,Большие данные MySQL,https://sysadmin.pm/mysql-size/,"Получить размер базы <strong>MySQL</strong> можно как с помощью команды du (подсчитав размер директории с базой), так и с помощью специального запроса в рамках <strong>MySQL</strong> непосредственно."
MySQL,Большие данные MySQL,https://ru.hostings.info/schools/ogranicheniya-bd.html,"Узнайте <strong>больше</strong> о том, как мы используем cookie-файлы. ... Как правило хостинг-провайдеры не устанавливают никаких ограничений по размеру базы <strong>данных</strong> (это применимо и к <strong>MySQL</strong>..."
MySQL,Большие данные MySQL,https://otvet.mail.ru/question/233017162,Стоит вопрос мониторинга размера базы <strong>данных</strong> <strong>MySql</strong>. На хостинге жёсткие ограничения и нужно следить за объёмом занятой памяти. Как файлы по весу посчитать я нашёл ...
MySQL,Большие данные MySQL,https://unlix.ru/%D0%BA%D0%B0%D0%BA-%D1%83%D0%B7%D0%BD%D0%B0%D1%82%D1%8C-%D1%80%D0%B0%D0%B7%D0%BC%D0%B5%D1%80-%D0%B1%D0%B0%D0%B7-%D0%B4%D0%B0%D0%BD%D0%BD%D1%8B%D1%85-mysql-%D0%BA%D0%BE%D0%BD%D1%81%D0%BE%D0%BB%D1%8C/,"Иногда нужно узнать размер всех баз <strong>данных</strong> <strong>MySQL</strong> или всех таблиц в базе через консоль. Это очень просто! Всего одна коммана. mysql&gt; SELECT table_schema &quot;database_name&quot;, sum( data_length + index_length ..."
MySQL,Большие данные MySQL,https://biconsult.ru/files/Data_warehouse/MySQL%208%20dlia%20bolshikh%20dannykh.pdf,"Консультации в области построения систем бизнес-анализа на базе QlikView, Qlik Sense, Tableau и готовые отраслевые решения; разработка и внедрение, поддержка существующих ..."
MySQL,Большие данные MySQL,https://winitpro.ru/index.php/2019/12/23/szhatie-i-defragmentaciya-mysql-i-mariadb/,"Другой важный аспект ... баз <strong>данных</strong>, что позволяет существенно ускорить их работу. ... На многих проектах с таблицами InnoDB встречается проблема с огромными размерами файлов ibdata1 и ib_log. Причина в большинвсте случае связан с неправильными настройками сервера <strong>MySQL</strong>/MariaDB или ..."
MySQL,Большие данные MySQL,https://qna.habr.com/q/444892,"Здравствуйте, уважаемые программисты. --Предыстория: Прилетело мне как-то, помочь одному заказчику с таблицей в csv. Особенно, мне было жаль того бедолагу, который ..."
MySQL,Большие данные MySQL,https://books.google.com/books/about/MySQL_8_%D0%B4%D0%BB%D1%8F_%D0%B1%D0%BE%D0%BB%D1%8C%D1%88%D0%B8%D1%85_%D0%B4%D0%B0%D0%BD%D0%BD%D1%8B.html?id=cDa6DwAAQBAJ,"Также книга включает ... времени.Издание будет полезно администраторам баз <strong>данных</strong> <strong>MySQL</strong> и специалистам по <strong>большим</strong> <strong>данным</strong>, которые хотят интегрировать <strong>MySQL</strong> и Hadoop с ..."
MySQL,Большие данные MySQL,https://ru.stackoverflow.com/questions/760896/%d0%9a%d0%b0%d0%ba-%d0%be%d0%bf%d1%80%d0%b5%d0%b4%d0%b5%d0%bb%d0%b8%d1%82%d1%8c-%d1%80%d0%b0%d0%b7%d0%bc%d0%b5%d1%80-%d0%b1%d0%b0%d0%b7%d1%8b-%d0%b4%d0%b0%d0%bd%d0%bd%d1%8b%d1%85-mysql,"Все зависит от конфигурации <strong>mysql</strong>-сервера, например для innodb есть параметр конфиграциии AUTOEXTEND SIZE dev.<strong>mysql</strong>.com/doc/refman/5.6/<strong>en</strong>/… , так же после удаления <strong>большого</strong> обьема <strong>данных</strong> ..."
MySQL,Большие данные MySQL,https://ru.stackoverflow.com/questions/1299316/%D0%9A%D0%B0%D0%BA%D0%BE%D0%B9-%D0%BC%D0%B0%D0%BA%D1%81%D0%B8%D0%BC%D0%B0%D0%BB%D1%8C%D0%BD%D1%8B%D0%B9-%D1%80%D0%B0%D0%B7%D0%BC%D0%B5%D1%80-%D1%83-%D0%BB%D0%BE%D0%BA%D0%B0%D0%BB%D1%8C%D0%BD%D0%BE%D0%B9-%D0%B1%D0%B0%D0%B7%D1%8B-%D0%B4%D0%B0%D0%BD%D0%BD%D1%8B%D1%85-mysql,Какой максимальный размер у локальной базы <strong>данных</strong> <strong>mysql</strong>?
MySQL,Большие данные MySQL,https://switch-case.ru/50842410,"Я хочу загрузить <strong>большой</strong> файл с максимальным размером 10 МБ в мою базу <strong>данных</strong> <strong>MySQL</strong>. Но я не могу вставить файл в базу <strong>данных</strong>, если он <strong>больше</strong> 1 МБ. Я использую file_get_contents ..."
MySQL,Большие данные MySQL,https://www.opennet.ru/tips/1581_mysql_database_size.shtml,"Вычисление размера таблиц <strong>MySQL</strong> [исправить] Запрос для расчета размера таблиц начиная с <strong>MySQL</strong> 5.0: use information_schema; SELECT concat(table_schema,&#x27;.&#x27;,table_name),concat(round(table_rows/1000000,2),&#x27;M&#x27;) rows, ..."
MySQL,Большие данные MySQL,https://habr.com/ru/companies/ruvds/articles/690634/comments/,"Не хватает логики после выборки <strong>данных</strong>. Постарался уложится в SQL код, иначе статья получилась бы чересчур <strong>большая</strong>. ... Статья полный фейспалм. О чем уже и написали комментаторы сверху. При оптимизации <strong>Mysql</strong> ..."
MySQL,Большие данные MySQL,https://habr.com/ru/articles/66684/,"MyISAM-таблицы в принципе могут неплохо работать даже с <strong>большим</strong> количеством <strong>данных</strong> и при стандартном значении key_buffer_size, однако <strong>mySQL</strong> может сильно «тормозить» при ..."
MySQL,"""Большие данные"" MySQL",https://dokumen.pub/mysql-8-9785970606537-9781788397186.html,"Среди организаций, работающих с крупными объемами данных на регулярной основе, реляционная система управления базами дан..."
MySQL,"""Большие данные"" MySQL",https://www.sap.com/central-asia-caucasus/products/technology-platform/what-is-big-data.html,"Большие данные — <strong>это термин, используемый для описания огромных объемов данных, генерируемых каждый день</strong>."
MySQL,"""Большие данные"" MySQL",https://ru.wikipedia.org/wiki/%D0%91%D0%BE%D0%BB%D1%8C%D1%88%D0%B8%D0%B5_%D0%B4%D0%B0%D0%BD%D0%BD%D1%8B%D0%B5,<strong>Большие</strong> <strong>Данные</strong> — новая теория и практика // Открытые системы. СУБД. — 2011. — № 10. — ISSN 1028-7493. Алан Моррисон и др. <strong>Большие</strong> <strong>Данные</strong>: как извлечь из них информацию (рус.).
MySQL,Big Data MySQL,https://severalnines.com/blog/handling-large-data-volumes-mysql-and-mariadb/,"First of all, let’s try to define what does a “large data volume” mean? For MySQL or MariaDB it is <strong>uncompressed InnoDB</strong>. InnoDB works in a way that it strongly benefits from available memory – mainly the InnoDB buffer pool."
MySQL,Big Data MySQL,https://www.coursera.org/learn/analytics-mysql,"The Coursera Specialization, &quot;Managing Big Data with MySQL&quot; is <strong>about how &#x27;Big Data&#x27; interacts with business, and how to use data analytics to create value for businesses</strong>. This specialization consists of four courses and a final Capstone Project, ..."
MySQL,Big Data MySQL,https://www.gridgain.com/resources/blog/mysql-limitations-in-big-data-analytics,"In this context, this post will delve into five key MySQL limitations that can be addressed by taking a modern approach to the data architecture. In large Big Data analytics applications, the data cache stored in RAM can grow very large and be subjected to numerous requests per second, leading to bottlenecks and performance issues."
MySQL,Big Data MySQL,https://www.reddit.com/r/datascience/comments/17fdltj/mysql_to_big_data/,BigQuery. You can easily import into this warehouse and the direct looker connection is fast and easy to use. More replies · More replies · Deep-Lab4690 · • 2y ago · Thanks for sharing · Aligning mgjson data to footage · r/AfterEffects • · r/AfterEffects · After Effects help and inspiration the Reddit way. Weekly visitors · Weekly contributions · upvotes · · comment · Trying to learn SQL (MySQL) in 2 months ·
MySQL,Big Data MySQL,https://stackoverflow.com/questions/39700330/handling-very-large-data-with-mysql,"Is InnoDB (MySQL 5.5.8) the right choice for multi-billion rows? -- 5.7 has some improvements, but 5.5 is pretty good, in spite of being ... Best data store for billions of rows -- If you mean &#x27;Engine&#x27;, then InnoDB. How big can a MySQL database get before the performance starts to degrade -- Again, that depends on the queries."
MySQL,Big Data MySQL,https://www.amazon.com/MySQL-Big-Data-Effective-processing/dp/1788397185,"In this book, you will see how ... with higher costs. <strong>Many organizations today depend on MySQL for their websites and a Big Data solution for their data archiving, storage, and analysis needs</strong>...."
MySQL,Big Data MySQL,https://www.linkedin.com/pulse/handling-big-data-mysql-tips-techniques-abdullah-al-naseeh-chowdhury-,"By breaking down large queries ... improving overall efficiency. <strong>MySQL supports parallel processing through partitioning and clustering features, making it an ideal tool for handling big data</strong>...."
MySQL,Big Data MySQL,https://www.packtpub.com/en-us/product/mysql-8-for-big-data-9781788397186,"Effective data processing with MySQL 8, Hadoop, NoSQL APIs, and other Big Data tools. 1 customer review. Top rated Data products."
MySQL,Big Data MySQL,https://www.amazon.com/MySQL-Big-Data-Effective-processing-ebook/dp/B076Q6DFZ9,"This book will show you how to implement a successful Big Data strategy with Apache Hadoop and MySQL 8. It will cover real-time use case scenario to explain integration and achieve Big Data solutions using technologies such as Apache Hadoop, Apache Sqoop, and MySQL Applier."
MySQL,Big Data MySQL,https://www.my-mooc.com/en/mooc/managing-big-data-with-mysql,"Week 1 - About this Specialization and Course The Coursera Specialization, &quot;Managing Big Data with MySQL&quot; is about how &#x27;Big Data&#x27; interacts with business, and how to use data analytics to create value for businesses."
MySQL,Big Data MySQL,https://online.duke.edu/course/managing-big-data-with-mysql/,Managing Big Data with MySQL is course 4 of 5 in the Excel to MySQL: Analytic Techniques for Business Specialization.
MySQL,Big Data MySQL,https://www.reddit.com/r/MicrosoftFabric/comments/1ahbm3l/handling_big_data_mysql/,"Dataflows is not good because as far as I know it uses the Gateway machine as part of the data processing, like converting the data as parquet before it lands in Onelake. I actually have one MySQL on-prem scenario with Fabric and I load the data with Azure Data Factory to an external ADLS2 then load the data from there through Fabric shortcut."
MySQL,Big Data MySQL,https://bigdataanalyticsnews.com/limitation-of-mysql-database-in-big-data/,"<strong>MySQL is a single-node database system, which is not compliant with the modern cloud data center concepts</strong>. Even the biggest MySQL installations today cannot scale up to that level with MySQL alone and may have to rely on further applications ..."
MySQL,Big Data MySQL,https://webyog.com/managing-big-data-with-mysql-can-be-challenging/,Employing over 600 built-in monitors that cover all areas of MySQL performance. Neither big data nor MySQL is going away anytime soon. Getting them to play nicely together may require third-party tools and innovative techniques.
MySQL,Big Data MySQL,https://moldstud.com/articles/p-optimizing-mysql-for-big-data-analytics,"<strong>Indexing plays a crucial role in optimizing MySQL performance for big data analytics</strong>. By creating indexes on columns frequently used in queries, you can speed up data retrieval and improve query performance."
MySQL,Big Data MySQL,https://github.com/hongwai1920/Managing-Big-Data-with-MySQL,This repository holds all my notebooks that I have done during the Coursera course Managing Big Data with MySQL with Duke University - hongwai1920/Managing-Big-Data-with-MySQL
MySQL,Big Data MySQL,https://dev.to/arctype/big-data-mysql-mission-innopossible-573,"Since MySQL 5.6, InnoDB supports full-text indexes and portable tablespaces, and, since version 5.7, also spatial indexes and last-update times for tables. ​ · ​ If you deal with big data (or any amount of data, really), your primary criteria for a database product are probably related to reliability and speed."
MySQL,Big Data MySQL,https://medium.com/@saurabhraut3102/handling-large-data-sets-partitioning-and-sharding-in-mysql-0dfb1406d9cd,"Managing millions or even billions of rows in a database can strain resources and lead to slower queries. To tackle this challenge, two powerful techniques come into play: <strong>Partitioning and Sharding</strong>."
MySQL,Big Data MySQL,https://link.springer.com/chapter/10.1007/979-8-8688-0980-4_10,"Once you’ve optimized your database instance and some time has passed, you may start to notice that the measures you’ve used to optimize your data for the SQL queries behind it are no longer sufficient. They may start to be insufficient because your data..."
MySQL,Big Data MySQL,https://dzone.com/articles/enhancing-performance-optimizing-complex-mysql-que,This article explores optimizing complex MySQL queries for efficient data retrieval from large datasets.
MySQL,Big Data MySQL,https://www.gridgain.com/resources/blog/5-limitations-mysql-big-data,"<strong>MySQL</strong> is a popular open-source relational database management system (RDBMS) that has certain limitations when it comes to <strong>Big</strong> <strong>Data</strong> analytics. In this context, this post will delve into five key <strong>MySQL</strong> limitations that can be addressed by taking a modern approach to the <strong>data</strong> architecture."
MySQL,Big Data MySQL,https://www.reddit.com/r/mysql/comments/fuxjbi/scaling_mysql_to_40_billion_rows/,Depending on how the <strong>data</strong> gets generated you may also have the possibility of writing it to both the <strong>MySQL</strong> table (for live querying) and to a <strong>data</strong> warehouse/<strong>data</strong> lake like e.g. HDFS which is more efficient at storing <strong>big</strong> <strong>data</strong>.
MySQL,Big Data MySQL,https://thecustomizewindows.com/2018/06/how-mysql-used-in-big-data-analysis/,"How <strong>MySQL</strong> Used in <strong>Big</strong> <strong>Data</strong> Analysis? <strong>MySQL</strong> used with Hadoop, where output being stored on the <strong>MySQL</strong> server. <strong>MySQL</strong> itself can be used as a <strong>big</strong> <strong>data</strong> store."
MySQL,Big Data MySQL,https://www.packtpub.com/en-us/product/mysql-8-for-big-data-9781788390422,"Effective <strong>data</strong> processing with <strong>MySQL</strong> 8, Hadoop, NoSQL APIs, and other <strong>Big</strong> <strong>Data</strong> tools. 1 customer review. Instant delivery. Top rated <strong>Data</strong> products."
MySQL,Big Data MySQL,https://www.red-gate.com/simple-talk/blogs/backing-up-mysql-part-5-big-data/,This blog will guide you through backing up <strong>big</strong> <strong>data</strong> sets in <strong>MySQL</strong> with ease. Have a read!
MySQL,Big Data MySQL,https://www.quora.com/How-can-MySQL-be-used-for-big-data-analysis,"Answer (1 of 6): There are two ways in which <strong>MySQL</strong> can be used for <strong>big</strong> <strong>data</strong> analysis. First, <strong>MySQL</strong> can be used in conjunction with a more traditional <strong>big</strong> <strong>data</strong> system like Hadoop. Vast amounts of <strong>data</strong> can be stored on HDFS and processed with Hadoop, with the output being stored on the <strong>MySQL</strong> se..."
MySQL,Big Data MySQL,https://www.pingcap.com/case-study/how-we-scale-out-databases-and-get-big-data-queries-6x-faster-with-a-mysql-alternative/,"Traditional <strong>big</strong> <strong>data</strong> architectures had trouble meeting the performance requirements of real-time <strong>data</strong> warehouses and other OLAP applications on the database. ... We wanted strong consistency for financial applications such as payment. We also hoped to achieve strong consistency for remote disaster tolerance. TiDB is an open-source, distributed SQL database that supports HTAP workloads. It is <strong>MySQL</strong> ..."
MySQL,Big Data MySQL,https://www.quora.com/Is-mySQL-scalable-for-big-data,"Answer (1 of 5): It depends on what “<strong>big</strong> <strong>data</strong>” means. Frankly I hate the term, as it has a floating definition without much actual meaning. But if by “<strong>big</strong> <strong>data</strong>” processing, you mean <strong>data</strong> mining and offline analytics, <strong>MySQL</strong> can certainly do it, although I’d use PostgreSQL for this ..."
MySQL,Big Data MySQL,https://stackoverflow.com/questions/39700330/handling-very-large-data-with-mysql/39714657,"So, for the new similar project that we will have this large DB, should we first insert/load all the <strong>data</strong> and then create indexes? (to speed up the insert) If we cannot use partitioning for our <strong>big</strong> table (&quot;transaction&quot; table), what is an alternative option to improve the performance? (except <strong>MySQl</strong> ..."
MySQL,Big Data MySQL,https://community.fabric.microsoft.com/t5/Desktop/Pulling-Big-Data-From-MYSQL-database/td-p/3253351,"A new <strong>Data</strong> Days event is coming soon! This time we’re going bigger than ever. Fabric, Power BI, SQL, AI and more."
MySQL,Big Data MySQL,https://www.linkedin.com/pulse/mysql-big-data-experience-using-process-huge-amount-laszlo-wagner,We all know <strong>MySQL</strong> is widely used as an open source database. For example we can mention LAMP or the most popular Content Management Systems use <strong>MySQL</strong> as backend database.
MySQL,Big Data MySQL,https://www.percona.com/blog/why-mysql-could-be-slow-large-tables/,"Some startups adopted <strong>MySQL</strong> in its early days such as Facebook, Uber, Pinterest, and many more, which are now <strong>big</strong> and successful companies that prove that <strong>MySQL</strong> can run on large databases and on heavily used sites."
MySQL,Big Data MySQL,https://dba.stackexchange.com/questions/114539/mysql-big-data-solutions,"I am in charge of a <strong>mysql</strong> database which is about 12 gb, and it grows pretty quickly (was 3gb a few months ago). I wanted to know what measures i can take when the database grows even larger (lets ..."
MySQL,Big Data MySQL,https://www.researchgate.net/publication/386360725_Optimizing_MySQL_for_Big_Data,"Download Citation | Optimizing <strong>MySQL</strong> <strong>for</strong> <strong>Big</strong> <strong>Data</strong> | Once you’ve optimized your database instance and some time has passed, you may start to notice that the measures you’ve used to optimize your <strong>data</strong>... | Find, read and cite all the research you need on ResearchGate"
MySQL,Big Data MySQL,https://planetscale.com/,PlanetScale offers the world’s fastest and most scalable cloud hosting for Vitess and Postgres.
MySQL,Big Data MySQL,https://medium.com/@errohitdhiman/developer-best-practice-mysql-and-large-data-set-6db74c50fa03,Developer Best Practice <strong>MySql</strong> and Large <strong>Data</strong> Set Have ever encountered interview question on Query Optimization for large <strong>data</strong> set or how would you handle millions of records or Join vs Multiple …
MySQL,Big Data MySQL,https://www.quora.com/Is-MySQL-good-for-a-large-database,"Answer (1 of 4): Sure - we run a dataworld with about 800 servers (in single primary, two replica configuration) with about 1.2 petabytes of “payload” <strong>data</strong> <strong>in</strong> <strong>MySQL</strong>. (We have a similar-sized Cassandra world as well.) In modern <strong>MySQL</strong> using InnoDB, you can handle databases that are as <strong>big</strong> as ..."
MySQL,Big Data MySQL,https://dba.stackexchange.com/questions/115425/how-to-manage-very-large-amount-of-data-in-mysql,"How <strong>big</strong> will the table eventually become? A million row -- no problem. A billion rows -- let&#x27;s discuss more details. For really high speed ingestion, see my blog. ... I have a few datasets I&#x27;m pulling into <strong>mysql</strong>, the small one has about 1.5 billion records in it (the large one has about 8 billion)."
MySQL,Big Data MySQL,https://stackoverflow.com/questions/66613841/how-to-speed-up-a-highly-active-big-data-table-mysql,"I&#x27;ll begin to try and explain my problem and what I meant with the title. Currently I have got a table with around ~8 million rows. This table is highly active, what this means is there&#x27;s constant"
MySQL,Big Data MySQL,https://medium.com/datadenys/inserting-large-data-volumes-into-mysql-854df547a168,"First of all, tune settings so <strong>Mysql</strong> can insert <strong>data</strong> in the most efficient way on your hardware. And then let’s take a look on the list of options we have to insert <strong>big</strong> volumes of <strong>data</strong> <strong>into</strong> <strong>Mysql</strong>."
MySQL,Big Data MySQL,https://www.classcentral.com/course/analytics-mysql-4181,"Learn to manage and analyze <strong>big</strong> <strong>data</strong> using <strong>MySQL</strong>. Gain practical skills in database design, querying, and <strong>data</strong> manipulation. Develop expertise in extracting valuable insights from large datasets for business decision-making."
MySQL,Big Data MySQL,https://moldstud.com/articles/p-leveraging-mysql-for-big-data-solutions-insights-from-a-data-architects-perspective,"Explore how <strong>MySQL</strong> can be leveraged for <strong>Big</strong> <strong>Data</strong> solutions through insights from an experienced <strong>Data</strong> Architect, focusing on practical applications and challenges."
MySQL,Big Data MySQL,https://planet.mysql.com/?tag_search=5471,"Any serious organization that’s dealing with <strong>big</strong> <strong>data</strong> uses Spark almost exclusively. Though, it has some caveats. For the starter, it’s hard to use. And it’s very confusing to get started with, even for those with a solid … · The post <strong>MySQL</strong> table to JSON with 10 lines of Spark appeared ..."
MySQL,Big Data MySQL,https://subscription.packtpub.com/book/big_data_and_business_intelligence/9781788397186/1/ch01lvl1sec15/evolution-of-mysql-for-big-data,"Introduction to <strong>Big</strong> <strong>Data</strong> <strong>and</strong> <strong>MySQL</strong> 8. A chapter from <strong>MySQL</strong> 8 for <strong>Big</strong> <strong>Data</strong> by Challawala, Jaydip Lakhatariya, Mehta, Patel"
MySQL,Big Data MySQL,https://books.google.com/books/about/MySQL_8_for_Big_Data.html?id=mFN5tAEACAAJ,Uncover the power of <strong>MySQL</strong> 8 for <strong>Big</strong> <strong>Data</strong> Key Features Combine the powers of <strong>MySQL</strong> and Hadoop to build a solid <strong>Big</strong> <strong>Data</strong> solution for your organization Integrate <strong>MySQL</strong> with different NoSQL APIs and <strong>Big</strong> <strong>Data</strong> tools such as Apache Sqoop A comprehensive guide with practical examples on building ...
MySQL,Big Data MySQL,https://github.com/ravi-teja09/Managing-Big-Data-with-MySQL,Exercise solutions to the &quot;Managing <strong>Big</strong> <strong>Data</strong> <strong>with</strong> <strong>MySQL</strong>&quot; course on Coursera. - ravi-teja09/Managing-<strong>Big</strong>-<strong>Data</strong>-<strong>with</strong>-<strong>MySQL</strong>
MySQL,Big Data MySQL,https://www.youtube.com/watch?v=rP0lZ_T5P28,"Watch me wrangle over 100,000,000 rows of <strong>data</strong> and load it into <strong>MySQL</strong>.To learn more about PlanetScale, head to https://planetscale.com/youtube!💬 Follow Plan..."
MySQL,Big Data MySQL,https://www.packtpub.com/networking-fi/product/mysql-8-for-big-data-9781788390422,"Effective <strong>data</strong> processing with <strong>MySQL</strong> 8, Hadoop, NoSQL APIs, and other <strong>Big</strong> <strong>Data</strong> tools. 1 customer review. Instant delivery. Top rated <strong>Data</strong> products."
MySQL,Big Data MySQL,https://subscription.packtpub.com/book/data/9781788397186/1/ch01lvl1sec15/evolution-of-mysql-for-big-data,"This book will show you how to ... Sqoop and real-time event processing. By the end of this book, you will know how to efficiently use <strong>MySQL</strong> 8 to manage <strong>data</strong> for your <strong>Big</strong> <strong>Data</strong> applications...."
MySQL,Big Data MySQL,https://medium.com/@adeet.patel/coursera-course-review-managing-big-data-with-mysql-5a3814a9f82b,"Coursera Course Review: “Managing <strong>Big</strong> <strong>Data</strong> <strong>with</strong> <strong>MySQL</strong>” I feel proud to have completed a course on Coursera titled “Managing <strong>Big</strong> <strong>Data</strong> <strong>with</strong> <strong>MySQL</strong>”, by Duke University! The course focused on the …"
MySQL,Big Data MySQL,https://breachdirectory.com/blog/mysql-and-big-data-mission-possible/,"<strong>MySQL</strong> is a widely used open-source relational database management system. As much as this RDBMS is widely used though, in certain aspects it is frequently misunderstood. One of those aspects is <strong>big</strong> <strong>data</strong> - should you run <strong>big</strong> <strong>data</strong> applications on <strong>MySQL</strong>? Should you use MongoDB? Maybe you should ..."
MySQL,Big Data MySQL,https://www.datacamp.com/doc/mysql/mysql-effect-of-large-data-sets,"Optimize <strong>MySQL</strong> performance with strategies for large <strong>data</strong> sets, including indexing, query optimization, and partitioning, to enhance speed and efficiency. Learn best practices for effective database management."
MySQL,Big Data MySQL,https://www.slideshare.net/izoratti/big-data-with-mysql,<strong>Big</strong> <strong>Data</strong> <strong>with</strong> <strong>MySQL</strong> - Download as a PDF or view online for free
MySQL,Big Data MySQL,https://stackoverflow.com/questions/24634587/mysql-database-design-for-bigdata,"It&#x27;s pretty &#x27;<strong>big</strong> <strong>data</strong>&#x27; for me :D And yes, cca is approximately, sorry. The numbers are my estimation. ... <strong>MySQL</strong> should be able to handle this pretty well."
MySQL,Big Data MySQL,https://cloud.google.com/data-fusion/docs/tutorials/replicating-data/mysql-to-bigquery,Set up your <strong>MySQL</strong> database to enable replication. Create and run a Cloud <strong>Data</strong> Fusion replication job. View the results in BigQuery.
MySQL,Big Data MySQL,https://stackoverflow.com/questions/44490666/moving-from-relational-database-to-big-data,"Currently I have an application hosted on the Google Cloud Platform that offers web analytics and provides session activity (clicks, downloads etc) and ties that web activity with web registrations..."
MySQL,Big Data MySQL,https://github.com/raffg/Coursera-Managing-Big-Data-with-MySQL/blob/master/MySQL_Exercise_01_Looking_at_Your_Data.ipynb,SQL tutorial projects from Managing <strong>Big</strong> <strong>Data</strong> <strong>with</strong> <strong>MySQL</strong> at Duke University on Coursera - Coursera-Managing-<strong>Big</strong>-<strong>Data</strong>-<strong>with</strong>-<strong>MySQL</strong>/<strong>MySQL</strong>_Exercise_01_Looking_at_Your_<strong>Data</strong>.ipynb at master · raffg/Coursera-Managing-<strong>Big</strong>-<strong>Data</strong>-<strong>with</strong>-<strong>MySQL</strong>
MySQL,Big Data MySQL,https://dev.to/siddhantkcode/how-to-inject-simple-dummy-data-at-a-large-scale-in-mysql-eci,Introduction Ever found yourself in a situation where you needed a large amount of dummy...
MySQL,Big Data MySQL,https://www.researchgate.net/publication/360401893_A_Comparative_Study_of_MongoDB_and_Document-Based_MySQL_for_Big_Data_Application_Data_Management,"In the context of the heavy demands of <strong>Big</strong> <strong>Data</strong>, software developers have also begun to consider NoSQL <strong>data</strong> storage solutions. One of the important criteria when choosing a NoSQL database for an application is its performance in terms of speed of <strong>data</strong> accessing and processing, including response times to the most important CRUD operations (CREATE, READ, UPDATE, DELETE). In this paper, the behavior of two of the major document-based NoSQL databases, MongoDB and document-based <strong>MySQL</strong>..."
MySQL,Big Data MySQL,https://stackoverflow.com/questions/29990165/mysql-large-datasets,"<strong>MySQL</strong> is slow because it need to retrieve the <strong>data</strong> from disk which is a slow operation, comparing to reading the <strong>data</strong> from memory, in case of a <strong>big</strong> <strong>data</strong> solution such as Spark."
MySQL,"""Big Data"" MySQL",https://www.talend.com/resources/what-is-mysql/,<strong>MySQL</strong> is one of the most recognizable technologies in the modern <strong>big</strong> <strong>data</strong> ecosystem.
MySQL,"""Big Data"" MySQL",https://www.datamation.com/storage/8-major-advantages-of-using-mysql/,"Fortunately, <strong>MySQL</strong> always prioritizes <strong>data</strong> security with its access privilege system and user account management. <strong>MySQL</strong> also offers host-based verification and password encryption. A server cluster backs <strong>MySQL</strong>. Therefore, <strong>MySQL</strong> offers smooth assistance with optimum speed, whether you store massive amounts of <strong>big</strong> ..."
MySQL,"""Big Data"" MySQL",https://www.scnsoft.com/data/big-data/databases,"NoSQL (non-relational) database systems are optimized for <strong>big</strong> <strong>data</strong>. They are built on a horizontal architecture and enable quick and cost-effective processing of large <strong>data</strong> volumes and multiple concurrent queries. ... Amazon Redshift, Azure Synapse Analytics, Microsoft SQL Server, Oracle Database, <strong>MySQL</strong>..."
MySQL,"""Big Data"" MySQL",https://www.coursera.org/learn/mysql-for-data-analytics-and-business-intelligence,"These solutions provide automated failover and distributed <strong>data</strong> storage. Use load balancing solutions to distribute read and write operations across multiple <strong>MySQL</strong> servers. This helps in optimizing resource utilization and ensures high availability. Yes, you can integrate <strong>MySQL</strong> <strong>with</strong> <strong>big</strong> <strong>data</strong> and ..."
MySQL,"""Big Data"" MySQL",https://n8n.io/integrations/big-data-cloud/and/mysql/,"Integrate <strong>Big</strong> <strong>Data</strong> Cloud with <strong>MySQL</strong> using n8n. Design automation that extracts, transforms and loads <strong>data</strong> between your apps and services."
MySQL,"""Big Data"" MySQL",https://stackoverflow.com/questions/14067609/very-big-data-in-mysql-table-even-select-statements-take-much-time,I am working on a database and its a pretty <strong>big</strong> one with 1.3 billion rows and around 35 columns. Here is what i get after checking the status of the table: Name:Table Name Engine:InnoDB Version:10
MSSQL,Большие данные MSSQL,https://learn.microsoft.com/ru-ru/archive/msdn-magazine/2016/january/big-data-making-big-data-batch-analytics-easier-using-u-sql,"И мы используем типы данных C# и языковые выражения C# так, чтобы вы могли бесшовно писать предикаты и выражения на C# внутри выражений SELECT и применять C# для добавления собственной логики. Наконец, мы стремимся к тому, чтобы Hive и другие языки для больших данных выявляли закономерности и соответствовали требованиям к обработке данных, и интегрируем их в нашу инфраструктуру."
MSSQL,Большие данные MSSQL,https://learn.microsoft.com/ru-ru/sql/relational-databases/in-memory-oltp/table-and-row-size-in-memory-optimized-tables?view=sql-server-ver16,"Для оптимальной производительности рекомендуется, чтобы большинство столбцов соответствовали 8 060 байтам. Данные вне строки могут привести к чрезмерному использованию памяти и (или) диска."
MSSQL,Большие данные MSSQL,https://userman.ru/2019/04/03/kak-opredelit-razmer-tablic-v-bd-ms-sql.html,"USE {database_name}; GO EXEC sp_spaceused N&#x27;{dbo}.{table_name}&#x27;; GO Ниже показан пример, в котором предоставляются сведения о занимаемом месте на диске для всех таблиц и ее индексах в базе данных database_name."
MSSQL,Большие данные MSSQL,https://qna.habr.com/q/231786,"Добрый день, уважаемые знатоки MS SQL Имеется база куда с большой частотой пишутся данные по 2-3 тысячам сущностей. Пишется все в несколько таблиц."
MSSQL,Большие данные MSSQL,https://ru.stackoverflow.com/questions/309927/%D0%9F%D1%80%D0%BE%D0%B8%D0%B7%D0%B2%D0%BE%D0%B4%D0%B8%D1%82%D0%B5%D0%BB%D1%8C%D0%BD%D0%BE%D1%81%D1%82%D1%8C-%D0%B7%D0%B0%D0%BF%D1%80%D0%BE%D1%81%D0%BE%D0%B2-%D0%B8-%D0%B1%D0%BE%D0%BB%D1%8C%D1%88%D0%B8%D0%B5-%D1%82%D0%B0%D0%B1%D0%BB%D0%B8%D1%86%D1%8B,"MSSQL Server. <strong>Есть огромная таблица (&gt; 15 000 000 записей).</strong> Записи содержат уникальный идентификатор записи (ключ таблицы), неуникальный иденти..."
MSSQL,Большие данные MSSQL,https://sky.pro/wiki/sql/opredelenie-razmerov-vsekh-baz-dannykh-v-ms-sql-server-2008/,"Больше 55 · Чтобы ... SQL-запрос: SQL · Скопировать код · <strong>SELECT DB_NAME(database_id) AS DatabaseName, CAST(SUM(size) * 8.</strong>..."
MSSQL,Большие данные MSSQL,https://rsdn.org/article/db/blobs.xml,"В статье описываются методы работы с большими объектами (LOB) таких СУБД, как MS SQL Server и Oracle с использованием технологий ADO, ADO.NET и языков C++, VB6, VB.NET."
MSSQL,Большие данные MSSQL,https://fossdoc.com/ru/sed-docs/filestream,"Суть данной технологии в том, что большие неструктурированные данные (типа текстовых файлов, изображений и т.п.) больше не сохраняются в БД, а переносятся на файловую систему."
MSSQL,Большие данные MSSQL,https://learn.microsoft.com/ru-ru/sql/sql-server/maximum-capacity-specifications-for-sql-server?view=sql-server-ver16,"This article shows maximum sizes and numbers of various objects defined in SQL Server components, along with additional information."
MSSQL,Большие данные MSSQL,https://itdiary.ru/subd/1c-on-sqlserver/sql-server-table-size/,"В общем и целом выгоднее использовать выборку(SELECT) из системных таблиц, т.к. она выдаёт больше информации, есть возможность для масштабирования путём присоединения ещё каких-нибудь таблиц если понадобится, выполняется быстрее чем динамический SQL с использованием процедуры sp_spaceused не говоря о курсоре."
MSSQL,Большие данные MSSQL,http://ekorshunov.blogspot.com/2015/06/1-ms-sql.html,"А для того, чтобы посмотреть размер каждого объекта (например, для того, чтобы найти аномально большие таблицы) приходилось извращаться с курсором и сохранением результата выполнения процедуры во временной таблице."
MSSQL,Большие данные MSSQL,https://sqlcom.ru/helpful-and-interesting/size-db-and-total-size-dbs/,1. sp_helpdb покажет размер каждой базы данных: 2. Следующий метод использует системную таблицу sys.master_files и возвращает размер текущей базы данных
MSSQL,Большие данные MSSQL,https://softonit.ru/blog/articles/ms-sql/mssql-growing-fast/,"Всякие фоновые задания, которые пишут по одной записи в какой-нибудь регистр в 1С делают изменения в данных, а следовательно, растет размер лога. Причем, чем больше изменений, тем больше растет ldf-файл."
MSSQL,Большие данные MSSQL,https://learn.microsoft.com/ru-ru/sql/sql-server/maximum-capacity-specifications-for-sql-server?view=sql-server-ver17,"В данной статье приведены максимальные размеры и количество для различных объектов, определяемых в компонентах SQL Server, а также дополнительные сведения."
MSSQL,Большие данные MSSQL,https://infostart.ru/1c/tools/2011192/,Инструмент для получения физического размера таблиц ИБ (MSSQL)
MSSQL,Большие данные MSSQL,https://sky.pro/wiki/sql/opredelenie-razmera-dannykh-i-indeksov-tablits-sql-server/,Использование sp_spaceused и sp_MSforeachtable для получения размера данных и индексов всех таблиц SQL Server в одну команду.
MSSQL,Большие данные MSSQL,https://sky.pro/wiki/sql/opredelenie-razmera-bazy-dannykh-v-sql-server-luchshie-podkhody/,Estimating the Size of a Database | Microsoft Learn — Методы Microsoft для оценки размера базы данных.
MSSQL,Большие данные MSSQL,https://www.osp.ru/winitpro/2016/08/13050087,"Мы можем обращаться к данным в кластерах Hadoop и даже писать запросы, в которых полуструктурированные Большие Данные будут объединены с таблицами в реляционных базах данных SQL Server."
MSSQL,Большие данные MSSQL,https://forum.mista.ru/topic/558075,Получение <strong>данных</strong> <strong>из</strong> <strong>большой</strong> таблицы ~6.2 млн. записей
MSSQL,Большие данные MSSQL,https://sqlcom.ru/dba-tools/size-all-db/,"Бывает необходимость узнать размер каждой таблицы, например для создания схемы секционирования. В этом нам поможет процедура sp_spaceused:"
MSSQL,Большие данные MSSQL,https://habr.com/ru/companies/yoomoney/articles/326436/,"В команде эксплуатации подумали, что наш опыт с Microsoft SQL в нагруженной среде <strong>больше</strong> нельзя скрывать, и потому родилась эта статья. В ней я расскажу о нюансах работы ..."
MSSQL,Большие данные MSSQL,https://www.osp.ru/winitpro/2011/01/13008224,"Операции с большими объектами (LOB) — одна из самых сложных задач в управлении SQL Server. LOB-объекты обычно представляют собой растровые изображения, но могут содержать ..."
MSSQL,Большие данные MSSQL,https://learn.microsoft.com/ru-ru/sql/relational-databases/blob/binary-large-object-blob-data-sql-server?view=sql-server-ver16,"С помощью FILESTREAM, таблиц FileTable и удаленного хранилища <strong>больших</strong> двоичных объектов (RBS) SQL Server может хранить <strong>большие</strong> двоичные объекты в базе <strong>данных</strong> или в удаленном ..."
MSSQL,Большие данные MSSQL,https://elma-3-4.elma365.ru/KB/article-7569.html,[ELMA3] Рекомендации ... <strong>MSSQL</strong> Server · [ELMA3] Ручное резервное копирование БД при обновлении системы · [ELMA3] Системные требования для Oracle Database · Инструкция по обезличиванию базы <strong>данных</strong>...
MSSQL,Большие данные MSSQL,https://learn.microsoft.com/ru-ru/sql/relational-databases/pages-and-extents-architecture-guide?view=sql-server-ver16,"В этом руководстве описаны структуры <strong>данных</strong>, используемые для управления страницами и экстентами во всех версиях SQL Server."
MSSQL,Большие данные MSSQL,https://learn.microsoft.com/ru-ru/sql/relational-databases/tables/tables?view=sql-server-ver16,"<strong>Данные</strong> в таблице могут быть сжаты либо по строкам, либо по страницам. Сжатие <strong>данных</strong> может позволить отображать <strong>больше</strong> строк на странице. Дополнительные сведения ..."
MSSQL,Большие данные MSSQL,https://bijournal.hse.ru/2015--3(33)%20/162625191.html,"Голов Николай Игоревич - преподаватель кафедры бизнес-аналитики, школа бизнес-информатики, факультет бизнеса и менеджмента, Национальный исследовательский ..."
MSSQL,Большие данные MSSQL,https://metanit.com/sql/sqlserver/3.3.php,"Типы <strong>данных</strong> T-SQL в MS SQL Server 2016, какие значения они могут хранить и сколько занимают места в памяти, примеры использования"
MSSQL,Большие данные MSSQL,https://www.flenov.info/blog/show/Razmer-stroki-vliyaet-na-proizvoditelynosty-SQL-Server,"В MS SQL Server ты можешь создавать поля типа varchar(max) и с точки зрения производительности это чуть лучше, чем text. Если размер текста в поле меньше 8k, то сервер будет ..."
MSSQL,Большие данные MSSQL,https://learn.microsoft.com/ru-ru/shows/ignite-2015/brk2550,"По мере того как все <strong>больше</strong> предприятий начинают реализовывать решения для <strong>больших</strong> <strong>данных</strong> или Hadoop, как служба DBA SQL Server поддерживает эти усилия, и у них есть навыки ..."
MSSQL,Большие данные MSSQL,https://help.sweb.ru/rukovodstvo-po-mssql-dlya-novichkov_1515.html,Все статьи / Полезная информация / Руководство по <strong>MSSQL</strong> для новичков ... Работа с базами <strong>данных</strong> — основа большинства современных приложений и сайтов.
MSSQL,Большие данные MSSQL,https://learn.microsoft.com/ru-ru/sql/relational-databases/memory-management-architecture-guide?view=sql-server-ver17,"Узнайте об архитектуре управления памятью в SQL Server, включая изменения в управлении памятью, появившиеся в предыдущих версиях."
MSSQL,Большие данные MSSQL,https://www.reddit.com/r/dataengineering/comments/1hgz0iy/sql_working_with_large_data_10m_rows_efficiently/,"27 votes, 25 comments. Hello, I&#x27;m currently working on upserting to a 100M row table in SQL server. The process is this: * Put data into staging…"
MSSQL,Большие данные MSSQL,https://learn.microsoft.com/ru-ru/sql/big-data-cluster/big-data-cluster-overview?view=sql-server-ver15,"Сведения о кластерах <strong>больших</strong> <strong>данных</strong> SQL Server, которые выполняются в Kubernetes и обеспечивают возможности горизонтального масштабирования для реляционных <strong>данных</strong> и ..."
MSSQL,Большие данные MSSQL,https://help.reg.ru/support/hosting/bazy-dannykh/osnovy-raboty-s-mssql,"<strong>MSSQL</strong> (Microsoft SQL Server) является системой администрирования баз <strong>данных</strong>, выпущенной Microsoft в 1989 году. В этой библиотеке используется Transact-SQL, расширенный язык SQL-запросов."
MSSQL,Большие данные MSSQL,https://www.learn-to-fly.ru/theory/sql/rabota-s-bolshimi-dannymi-osobennosti-sql-v-big-data-sistemakh/,Подробный урок по теме «Работа с <strong>большими</strong> <strong>данными</strong>: особенности SQL в big data системах» в разделе . Изучай через игры и практики на LearnToFly.
MSSQL,Большие данные MSSQL,https://tproger.ru/articles/kak-prokachat-svoj-sql-do-urovnja-bolshih-dannyh,Простое объяснение парадигмы MapReduce. Её понимание поможет вам писать эффективные SQL-запросы для работы с <strong>большими</strong> <strong>данными</strong>.
MSSQL,Большие данные MSSQL,https://learn.microsoft.com/ru-ru/sql/relational-databases/databases/increase-the-size-of-a-database?view=sql-server-ver16,Этот браузер <strong>больше</strong> не поддерживается.
MSSQL,Большие данные MSSQL,https://vc.ru/dev/248186-kak-szhat-snizit-razmery-bazy-dannyh-v-ms-sql,Одно из решений — это покупка нового жесткого диска с большим объемом памяти. Но тот же самый MS SQL Server предлагает более экономичное решение (бесплатное) — свои ...
MSSQL,Большие данные MSSQL,https://habr.com/ru/company/yamoney/blog/326436/,"В команде эксплуатации подумали, что наш опыт с Microsoft SQL в нагруженной среде <strong>больше</strong> нельзя скрывать, и потому родилась эта статья. В ней я расскажу о нюансах работы ..."
MSSQL,Большие данные MSSQL,http://www.gilev.ru/category/ms-sql-server/,<strong>Большие</strong> <strong>данные</strong>.
MSSQL,Большие данные MSSQL,https://ru.stackoverflow.com/questions/1207483/%D0%9F%D0%BE%D1%87%D0%B5%D0%BC%D1%83-%D1%83%D0%B2%D0%B5%D0%BB%D0%B8%D1%87%D0%B8%D0%B2%D0%B0%D0%B5%D1%82%D1%81%D1%8F-%D1%80%D0%B0%D0%B7%D0%BC%D0%B5%D1%80-%D0%B1%D0%B0%D0%B7%D1%8B-%D0%B4%D0%B0%D0%BD%D0%BD%D1%8B%D1%85-%D0%BF%D1%80%D0%B8-%D0%BE%D0%B1%D0%BD%D0%BE%D0%B2%D0%BB%D0%B5%D0%BD%D0%B8%D0%B8-%D1%82%D0%B0%D0%B1%D0%BB%D0%B8%D1%86%D1%8B-%D0%B2-mssql,"Почему увеличивается размер базы <strong>данных</strong> при обновлении таблицы в <strong>MSSQL</strong>? Хочу понять на примере, чтобы понимать как прогнозировать объем необходимый серверу."
MSSQL,Большие данные MSSQL,https://learn.microsoft.com/ru-ru/sql/relational-databases/databases/estimate-the-size-of-a-database?view=sql-server-ver16,"При проектировании базы <strong>данных</strong> в SQL Server оценка ее размера помогает определить конфигурацию аппаратного обеспечения, необходимую для достижения нужной произв..."
MSSQL,Большие данные MSSQL,https://jakondo.ru/mssql-poluchit-razmer-tablicz-v-baze-dannyh-s-pomoshhyu-sql-zaprosa/,<strong>MSSQL</strong> база <strong>данных</strong> в Always on Availability Group в статусе Not Synchronizing.
MSSQL,Большие данные MSSQL,https://rsdn.org/forum/db/5739112.hot,Контроль размера файла базы данных MS-SQL Server
MSSQL,Большие данные MSSQL,https://www.osp.ru/winitpro/2017/6/13052397,Различные способы определения объема базы данных и изменение размера файлов для любого экземпляра SQL Server
MSSQL,Большие данные MSSQL,https://qna.habr.com/q/206217,Всем привет! Наша компания разрабатывает региональные решения для системы образования. Работаем на ASP .NET + MS SQL Server. Размер БД крупных заказчиков стремительно ...
MSSQL,Большие данные MSSQL,https://learn.microsoft.com/ru-ru/sql/relational-databases/in-memory-oltp/table-and-row-size-in-memory-optimized-tables?view=sql-server-ver17,"Познакомьтесь с размером строк и таблицы для таблиц, оптимизированных для памяти. Вы можете создать таблицу с несколькими <strong>большими</strong> и LOB-столбцами."
MSSQL,Большие данные MSSQL,https://techdocs.broadcom.com/ru/ru/symantec-security-software/endpoint-security-and-management/endpoint-protection/all/upgrading-to-a-new-release-v14510472-d27e6/Reducing-the-database-size-before-upgrade-to-SQL-Server.html,"Last Updated November 4, 2022 · Thank you for your interest in Broadcom. Your submission has been received"
MSSQL,Большие данные MSSQL,https://infostart.ru/1c/articles/380287/,"Зачастую, когда пользователи обращаются с жалобами на производительность, бывает полезно посмотреть на отчет по размерам таблиц базы <strong>данных</strong>."
MSSQL,Большие данные MSSQL,https://qna.habr.com/q/1370598,"Поставлена задача каким-то способом высвободить свободное место на диске. БД уже отшринкованы, встал вопрос - попробовать попользоваться функцией: compression."
MSSQL,Большие данные MSSQL,https://support.kaspersky.ru/KS4Exchange/9.6/ru-RU/204634.htm,"Таблица Metadata · Чтобы рассчитать примерный размер таблицы Metadata, нужно знать количество писем, помещаемых в резервное хранилище, и ожидаемое время хранения ..."
MSSQL,Большие данные MSSQL,https://www.mista.ru/topic/693442,Закон Брукера: Даже маленькая практика стоит <strong>большой</strong> теории
MSSQL,Большие данные MSSQL,https://learn.microsoft.com/ru-ru/sql/relational-databases/databases/estimate-the-size-of-a-table?view=sql-server-ver16,"Используйте эту процедуру для оценки размера пространства, требуемого для хранения <strong>данных</strong> в таблице в SQL Server."
MSSQL,Большие данные MSSQL,https://qna.habr.com/q/14284,"Мы проектируем систему, которая в одной из таблиц, в год, должна накапливать более 52.5 миллиардов записей общим объемом 2.7 Tb (если учитывать только полезную ..."
MSSQL,Большие данные MSSQL,https://learn.microsoft.com/ru-ru/intune/configmgr/core/understand/site-size-performance-faq,Ответы на распространенные Configuration Manager вопросы о размерах и производительности сайта.
MSSQL,"""Большие данные"" MSSQL",https://aws.amazon.com/what-is/big-data/,Learn what Big Data are and why Big Data is essential. Discover its benefits and how you can use Big Data on AWS.
MSSQL,"""Большие данные"" MSSQL",https://learn.microsoft.com/ru-ru/power-apps/maker/data-platform/migrate-access-datatypes,"Как отмечалось выше, если столбец содержит слишком большие данные для переноса, средство переноса предупреждает пользователя о невозможности переноса содержимого."
MSSQL,"""Большие данные"" MSSQL",https://www.bigdataschool.ru/wiki/%D0%B1%D0%BE%D0%BB%D1%8C%D1%88%D0%B8%D0%B5-%D0%B4%D0%B0%D0%BD%D0%BD%D1%8B%D0%B5-big-data,"<strong>Большие</strong> <strong>данные</strong> (Big Data) – совокупность непрерывно увеличивающихся объемов информации одного контекста, но разных форматов представления, а также методов"
MSSQL,"""Большие данные"" MSSQL",https://www.pinterest.com/alexlemon93/sql/,We cannot provide a description for this page right now
MSSQL,Big Data MSSQL,https://sqream.com/blog/big-data-sql/,"Data is the lifeblood of modern decision-making, and with the explosion of digital information, “big data” has become the norm for businesses aiming to stay ahead. But managing and making sense of these massive, fast-growing datasets can feel overwhelming. Enter SQL—the trusted language of data professionals—which has not only stood the test of time but also evolved to handle the demands of big data."
MSSQL,Big Data MSSQL,https://medium.com/@adibostoninstitute123/sql-for-big-data-how-data-scientists-handle-large-datasets-ef17bc6aba79,"FeatureTraditional SQLBig Data SQLData VolumeHandles structured data in smaller databasesDesigned to process massive datasetsScalabilityLimited by a single machine’s resourcesDistributed processing over multiple nodesPerformanceSlower for complex queries on large dataOptimized for high-speed analyticsToolsMySQL, PostgreSQL, OracleHive, Spark SQL, Google BigQuery, Amazon RedshiftStorageStructured databasesData lakes, warehouses, and cloud storage"
MSSQL,Big Data MSSQL,https://learn.microsoft.com/en-us/sql/big-data-cluster/big-data-options?view=sql-server-ver17,"The operational data function facilitated by SQL Server inside the Big Data Clusters can be replaced by SQL Server on premises in a hybrid configuration or using the Microsoft Azure platform. Microsoft Azure offers a choice of fully managed relational, NoSQL, and in-memory databases, spanning proprietary and open-source engines, to fit the needs of modern app developers."
MSSQL,Big Data MSSQL,https://www.coursera.org/specializations/cloudera-big-data-analysis-sql,"Distinguish operational from analytic databases, and understand how these are applied in big data · Understand how database and table design provides structures for working with data · Appreciate how differences in volume and variety of data affects your choice of an appropriate database system · Recognize the features and benefits of SQL dialects designed to work with big data systems for storage and analysis"
MSSQL,Big Data MSSQL,https://www.coursera.org/learn/cloudera-big-data-analysis-sql-queries,"In this course, you&#x27;ll get an in-depth look at the SQL SELECT statement and its main clauses. The course focuses on big data SQL engines Apache Hive and Apache Impala, but most of the information is applicable to SQL with traditional RDBMs as well; the instructor explicitly addresses differences for MySQL and PostgreSQL."
MSSQL,Big Data MSSQL,https://www.lonti.com/blog/utilizing-sql-in-big-data-solutions,"Discover the transformative power of SQL in the age of big data. Learn how SQL has evolved to meet the demands of unstructured, high-velocity information and become an essential tool in managing and analyzing big data. Explore the complementary relationship between SQL and NoSQL, the role of SQL extensions, distributed SQL databases, real-time insights, modern data warehousing, AI and machine learning integration, and security considerations."
MSSQL,Big Data MSSQL,https://trino.io/,Fast distributed SQL query engine for big data analytics that helps you explore your data universe.
MSSQL,Big Data MSSQL,https://www.tutorialspoint.com/big_data_analytics/introduction_to_sql.htm,"### SELECT statement ej1 = sqldf(&quot; SELECT dep_time ,dep_delay ,arr_time ,carrier ,tailnum FROM flights &quot;) head(ej1) # dep_time dep_delay arr_time carrier tailnum # 1 517 2 830 UA N14228 # 2 533 4 850 UA N24211 # 3 542 2 923 AA N619AA # 4 544 -1 1004 B6 N804JB # 5 554 -6 812 DL N668DN # 6 554 -4 740 UA N39463 # In R we can use SQL with the sqldf function. It works exactly the same as in a database # The data.frame (in this case flights) represents the table we are querying and goes in the FROM statement # We can also compute new variables in the select statement using the syntax: # old_variables as new_variable ej2 = sqldf(&quot; SELECT arr_delay - dep_delay as gain, carrier FROM flights &quot;) ej2[1:5, ] # gain carrier # 1 9 UA # 2 16 UA # 3 31 AA # 4 -17 B6 # 5 -19 DL"
MSSQL,Big Data MSSQL,https://www.ibm.com/products/db2-big-sql,"IBM Db2 Big SQL is <strong>an enterprise-grade, hybrid ANSI-compliant SQL-on-Hadoop engine</strong>, delivering massively parallel processing (MPP) and advanced data query. Db2 Big SQL offers a single database connection or query for disparate sources such as ..."
MSSQL,Big Data MSSQL,https://www.ituonline.com/quick-bytes/what-is-sql-big-data/,"SQL Big Data <strong>refers to the use of SQL (Structured Query Language) in managing and querying large datasets typically stored in big data environments</strong>. SQL, known for its simplicity and effectiveness in data manipulation, allows for efficient data retrieval, analysis, and management in big data ..."
MSSQL,Big Data MSSQL,https://medium.com/art-of-data-engineering/handling-large-datasets-in-sql-2da0f435fb3c,"Learn how to efficiently query millions of rows in SQL using indexing, partitioning, and LIMIT. Avoid common mistakes and optimize performance with easy techniques."
MSSQL,Big Data MSSQL,https://www.microsoft.com/en-us/sql-server/blog/topic/big-data/,BDC extends SQL Server’s analytical ... data platform. ... SQL Server Big Data Clusters (BDC) is <strong>a new capability brought to market as part of the SQL Server 2019 release</strong>....
MSSQL,Big Data MSSQL,https://learn.microsoft.com/en-us/sql/big-data-cluster/big-data-cluster-overview?view=sql-server-ver15,"<strong>SQL Server Big Data Clusters provide flexibility in how you interact with your big data</strong>. You can query external data sources, store big data in HDFS managed by SQL Server, or query data from multiple external data sources through the cluster."
MSSQL,Big Data MSSQL,https://www.reddit.com/r/SQL/comments/18bjd1b/are_there_any_reallike_large_size_databases_i_can/,"I have used many times and I would never recommend it beyond just learning basic SQL. Better off with like the stack overflow or IMDb versions, I&#x27;ve never used but they sound like they can at least keep updated like a real database ... Here&#x27;s a gist with my answer to this FAQ: https://gist.github.com/mikeblas/8e3a7f7123fd73fd44d463e4d0ae57b4 ... Check out BigQuery public."
MSSQL,Big Data MSSQL,https://www.red-gate.com/simple-talk/cloud/aws/aws-services-using-sql-for-big-data-analysis/,"Because of these services’ high scalability, affordability, and ease of integration, AWS is the go-to option for businesses wishing to leverage big data. AWS’s fully managed data warehouse service which is Amazon Redshift, handles large-scale data analytics. It allows you to run complex SQL queries against petabytes of structured and semi-structured data."
MSSQL,Big Data MSSQL,https://mt-konsulting.com/2024/03/14/sql-versus-big-data/,"For decades, classic SQL databases, with their rigid structure and ACID principles, have been the backbone of business systems, providing reliability, transactionality, and data consistency. Their deterministic nature and simplicity in data modeling make them an excellent choice for applications requiring precise data operations and a high level of integrity. On the other hand, Big Data solutions, such as Hadoop, Spark, or NoSQL databases, with their flexibility, scalability, and ability to process huge data sets in real time, open new possibilities for data analysis and processing."
MSSQL,Big Data MSSQL,https://www.researchgate.net/publication/311488672_SQL_From_Traditional_Databases_to_Big_Data,"Specifically, SQL has been found to be <strong>a powerful query language in highly distributed and scalable systems that process Big Data</strong>, i.e., datasets with high volume, velocity and variety."
MSSQL,Big Data MSSQL,https://milvus.io/ai-quick-reference/how-is-sql-evolving-to-support-big-data,"<strong>SQL</strong> is evolving to handle <strong>big</strong> <strong>data</strong> challenges by integrating distributed computing capabilities, expanding support for d"
MSSQL,Big Data MSSQL,https://www.acceldata.io/blog/hadoop-with-hive-scalable-sql-queries-on-big-data,"Discover how Hadoop with Hive enables scalable <strong>data</strong> warehousing, flexible schema-on-read capabilities, and powerful <strong>SQL</strong> queries for <strong>big</strong> <strong>data</strong> analytics."
MSSQL,Big Data MSSQL,https://www.ibm.com/docs/en/db2-big-sql/7.1.0?topic=overview-release-notes,"With Db2 <strong>Big</strong> <strong>SQL</strong>, your organization can derive significant value from your enterprise <strong>data</strong>."
MSSQL,Big Data MSSQL,https://www.c-sharpcorner.com/article/working-with-big-data-in-sql-server/,<strong>Big</strong> <strong>data</strong> refers to this large and complex <strong>data</strong> sets that traditional <strong>data</strong> processing applications cannot handle. Managing and analyzing <strong>big</strong> <strong>data</strong> is becoming increasingly important for businesses to gain insights and stay ahead of the competition. Microsoft <strong>SQL</strong> Server is a powerful database ...
MSSQL,Big Data MSSQL,https://builtin.com/articles/optimize-sql-for-large-data-sets,Picture setting up a state-of-the-art ... vigilance is crucial for maintaining an eagle-eyed watch over your database’s health. Illustration of how Union works in <strong>SQL</strong>. | Image: Joel Hereth / Bigtechinterviews.com...
MSSQL,Big Data MSSQL,https://datasciencenerd.com/is-sql-good-for-big-data/,"You can use <strong>SQL</strong> effectively with <strong>big</strong> <strong>data</strong>—the complex datasets found outside of a relational database environment. However, this requires bridging the inefficiencies in latency that come with querying and processing vast amounts of <strong>data</strong>."
MSSQL,Big Data MSSQL,https://www.geeksforgeeks.org/data-science/sql-for-data-science/,"<strong>Data</strong> scientists frequently work ... The goal is to improve query performance and minimize resource usage when dealing with <strong>big</strong> <strong>data</strong>. ... Now, let&#x27;s focus on improving <strong>SQL</strong> query performance...."
MSSQL,Big Data MSSQL,https://stackoverflow.com/questions/27161725/manage-big-data-in-sql-server,Our team is facing a problem of querying a large amount of <strong>data</strong> <strong>on</strong> <strong>sql</strong> server blocks inserting into the table. We are working on a .NET project which involves saving and querying a large amount o...
MSSQL,Big Data MSSQL,https://www.amazon.com/sql-big-data/s?k=sql+for+big+data,"<strong>SQL</strong> QuickStart Guide: The Simplified Beginner&#x27;s Guide to Managing, Analyzing, and Manipulating <strong>Data</strong> <strong>With</strong> <strong>SQL</strong> (Coding &amp; Programming - QuickStart Guides) · <strong>SQL</strong> <strong>for</strong> <strong>Data</strong> Analytics — Volume 2: Advanced Cohorts, LTV, CAC, ROAS, Attribution &amp; Product Metrics (<strong>SQL</strong> <strong>for</strong> <strong>Data</strong> &amp; Product Analytics Series) ..."
MSSQL,Big Data MSSQL,https://www.integrate.io/blog/sql-for-data-engineering/,"<strong>SQL</strong> concepts facilitates seamless extraction of <strong>data</strong> from structured sources like relational databases (e.g., PostgreSQL, MySQL, Oracle) and semi-structured <strong>data</strong> from systems supporting <strong>SQL</strong>-like querying (e.g., Google BigQuery, AWS Redshift)."
MSSQL,Big Data MSSQL,https://tdwi.org/~/media/dae4a499f1a84559a64a461d65fead0e.pdf?m=1,"To give you an idea of what <strong>Big</strong> <strong>SQL</strong> is all about, Figure 1 · illustrates its architecture and how it fits into the InfoSphere · BigInsights Enterprise Edition V2.1 platform. (If you’re not · familiar with InfoSphere BigInsights, skim through this · introductory article: ibm.com/developerworks/<strong>data</strong>..."
MSSQL,Big Data MSSQL,https://www.reddit.com/r/SQL/comments/164t33n/when_does_a_big_data_solution_make_sense/,I&#x27;m in an MS <strong>SQL</strong> 2017 environment with a single server hosting databases for multiple companies. The total size of all MDF files is in the…
MSSQL,Big Data MSSQL,https://bobpusateri.com/archive/2020/12/what-is-a-sql-server-big-data-cluster/,"<strong>SQL</strong> Server <strong>Big</strong> <strong>Data</strong> Clusters (BDCs) are a highly anticipated feature of <strong>SQL</strong> Server 2019, but what are they – and how can their capabilities best be leveraged? …"
MSSQL,Big Data MSSQL,https://www.quora.com/Does-SQL-really-have-a-role-still-in-the-Big-Data-world-as-new-things-start-to-come-out-like-NoSQL-and-unstructured-data,"Answer (1 of 4): RDBMS were created for managing structured relational <strong>data</strong>, and they are the best at doing it. You want your <strong>data</strong> to be structured, and irrespective of what you want, it is usually relational. Hence, <strong>SQL</strong> has the central role in <strong>big</strong> <strong>data</strong>. Sure, there are things where <strong>SQL</strong> should..."
MSSQL,Big Data MSSQL,https://www.reddit.com/r/dataengineering/comments/12cew5o/ms_sql_server_and_big_data/,"Hello chaps, I&#x27;m in a bit of a pickle and could use your expertise. My team and I have been tasked with designing an infrastructure to support our ML…"
MSSQL,Big Data MSSQL,https://bigdatansql.com/,"Microsoft <strong>SQL</strong> Server is a relational database management system that Microsoft has created. It is a database server, which is a software product whose principal ... Throughout the year, “<strong>Big</strong> <strong>Data</strong> &amp; <strong>SQL</strong>” published a number of articles about Apache Impala. It covers the majority of its features ..."
MSSQL,Big Data MSSQL,https://learn.microsoft.com/en-us/sql/big-data-cluster/big-data-options?view=sql-server-ver16,This article discusses migration strategies for <strong>SQL</strong> Server 2019 <strong>Big</strong> Clusters
MSSQL,Big Data MSSQL,https://www.mssqltips.com/sql-server-tip-category/208/big-data/,"Great resources for <strong>SQL</strong> Server DBAs learning about <strong>Big</strong> <strong>Data</strong> with these valuable tips, tutorials, how-to’s, scripts, and more."
MSSQL,Big Data MSSQL,https://dzone.com/articles/sql-the-backbone-of-big-data-and-ai-powerhouses,"<strong>SQL</strong> powers <strong>Big</strong> <strong>Data</strong> and AI with tools like BigQuery, thus, it remains a cornerstone of <strong>data</strong>-driven innovation through its simplicity and adaptability."
MSSQL,Big Data MSSQL,https://medium.com/data-and-beyond/relational-databases-sql-and-big-data-4ca6ec398a06,"Relational Databases, <strong>SQL</strong>, <strong>and</strong> <strong>Big</strong> <strong>Data</strong> Bridging the Gap In the modern era of technology, <strong>data</strong> has become one of the main drivers of innovation and competitive advantage. The explosive growth of <strong>big</strong> …"
MSSQL,Big Data MSSQL,https://www.geeksforgeeks.org/sql-for-data-science/,"<strong>Data</strong> scientists frequently work ... The goal is to improve query performance and minimize resource usage when dealing with <strong>big</strong> <strong>data</strong>. ... Now, let&#x27;s focus on improving <strong>SQL</strong> query performance...."
MSSQL,Big Data MSSQL,https://medium.com/@yusuf.ganiyu/why-big-data-platforms-return-to-sql-a337c257fd09,"Why <strong>Big</strong> <strong>Data</strong> Platforms Return to <strong>SQL</strong>? The better alternative is unknown to most of them for now. Here we give the necessary background information. First, we need to figure out what <strong>big</strong> <strong>data</strong> …"
MSSQL,Big Data MSSQL,https://infohub.delltechnologies.com/l/microsoft-sql-server-2019-big-data-clusters-a-big-data-solution-using-dell-emc-infrastructure/sql-server-big-data-clusters-2/,Checking your browser before accessing infohub.delltechnologies.com · Click here if you are not automatically redirected after 5 seconds
MSSQL,"""Big Data"" MSSQL",https://www.mssqltips.com/category/big-data/,"MSSQLTips.com · Menu · Great resources for SQL Server DBAs learning about Big Data with these valuable tips, tutorials, how-to’s, scripts, and more. Big Data · Step-by-step instructions to create a multi-node Apache Hadoop cluster for the distributed processing of large data sets across multiple computers."
MSSQL,"""Big Data"" MSSQL",https://www.udemy.com/course/microsoft-sql-server-2019-big-data/,There are no requirements or prerequisites for this course but the student should be knowledgeable in data analysis · This course focuses on one of SQL Server 2019’s most impactful features—Big Data Clusters. You will learn about data virtualization and data lakes for this complete artificial intelligence (AI) and machine learning (ML) platform within the SQL Server database engine.
MSSQL,"""Big Data"" MSSQL",https://www.researchgate.net/publication/393172892_Optimizing_Big_Data_Management_on_Microsoft_SQL_Server_Enhancing_Performance_through_Normalization_and_Advanced_Analytical_Techniques,"Addressing the 4Vs of Big Data, our case study · collects data from 45 TAGs at one-minute intervals, generating approximately 56 million daily records. We employ OPC technology for · data acquisition, strategic normalization processes, and advanced MSSQL optimization techniques."
MSSQL,"""Big Data"" MSSQL",https://github.com/microsoft/sqlworkshops-bdc,"In this workshop, you&#x27;ll learn how SQL Server Big Data Clusters (BDC) <strong>implements large-scale data processing and machine learning</strong>, and how to select and plan for the proper architecture to enable machine learning to train your models using Python, ..."
MSSQL,"""Big Data"" MSSQL",https://learn.microsoft.com/en-us/openspecs/sql_server_protocols/ms-ssso/e68c6905-794c-4ce7-97e2-927b0f223821,"Microsoft SQL Server Big Data Clusters <strong>allow the deployment of scalable cluster containers that enable users to read, write, and process big data from Transact-SQL</strong>."
MSSQL,"""Big Data"" MSSQL",https://github.com/microsoft/sql-server-samples/tree/master/samples/features/sql-big-data-cluster,"The data-virtualization/oracle folder contains samples that demonstrate how to query data in Oracle using external tables. SQL Server 2019 big data cluster <strong>contains a storage pool consisting of HDFS, Spark and SQL Server instances</strong>."
MSSQL,"""Big Data"" MSSQL",https://redmondmag.com/articles/2022/03/09/microsoft-ending-support-of-sql-server-2019-big-data-clusters.aspx,"The Big Data Clusters add-on for SQL Server 2019 offers a way to &quot;<strong>deploy scalable clusters of SQL Server, Spark, and HDFS [Hadoop Distributed File System] containers running on Kubernetes</strong>,&quot; according to Microsoft&#x27;s description."
MSSQL,"""Big Data"" MSSQL",https://www.thestack.technology/microsoft-kills-offsql-server-2019-big-data-clusters/,"Wes Miller, a former Microsoft product manager and now a research analyst for independent IT advisory service Directions on Microsoft, said: &quot; I discovered this change because the new product terms on March 1 noted without any further elaboration, &#x27;Removed SQL Server Big Data Nodes offer for service end-of-life.&#x27;"
MSSQL,"""Big Data"" MSSQL",https://www.actendo.com/wordpress_2/wp-content/uploads/2019/08/white-paper-dbmod-microsoft-sql-server-2019-big-data-clusters.pdf,"provisioning, high availability, monitoring, and backup that are built into SQL Server 2019 big data clusters. A REST · API and the mssqlctl command-line utility open up options for automation."
MSSQL,"""Big Data"" MSSQL",https://visualstudiomagazine.com/articles/2018/09/26/sql-server-2019.aspx,"The company said v2019 creates a unified data platform by packaging Apache Spark and Hadoop Distributed File System (HDFS) in with the SQL Server database engine, helping data developers seamlessly ingest, store and analyze vast amounts of data. This integration is crucial to evolving the product in the age of Big Data, Microsoft said, because a single instance of SQL Server was never designed or built to handle analytics on the scale of petabytes or exabytes that are common in Big Data analytics implementations."
MSSQL,"""Big Data"" MSSQL",https://www.microsoft.com/en-us/sql-server/blog/2013/02/08/what-does-big-data-mean-to-you/,"What do we mean when we say big data? We mean <strong>data that is so large, so complex or collected at such a fast pace that it challenges the capabilities of traditional data management systems</strong>."
MSSQL,"""Big Data"" MSSQL",https://www.mssqltips.com/sqlservertip/3038/compare-big-data-platforms-vs-sql-server/,"With the core syntax and features reflected in easy-to-remember heuristics (SELECT, INSERT, UPDATE, DELETE), its popularity has soared and over the last twenty years, three vendors have come to the fore: Microsoft, with SQL Server; Oracle, with Oracle Database; and MySQL, developed by Sun and now also owned by Oracle. However, as astute readers of technology blogs may know, Big Data has come galloping onto the horizon."
MSSQL,"""Big Data"" MSSQL",https://www.amazon.com/SQL-Server-Data-Clusters-Virtualization/dp/148425984X,"SQL Server <strong>Big</strong> <strong>Data</strong> Clusters: <strong>Data</strong> Virtualization, <strong>Data</strong> Lake, and AI Platform [Weissman, Benjamin, van de Laar, Enrico] on Amazon.com. *FREE* shipping on qualifying offers. SQL Server <strong>Big</strong> <strong>Data</strong> Clusters: <strong>Data</strong> Virtualization, <strong>Data</strong> Lake, and AI Platform"
MSSQL,"""Big Data"" MSSQL",https://redmondmag.com/articles/2018/09/24/sql-big-data-clusters-explained.aspx,"The biggest feature in the SQL Server 2019 preview launched at Ignite is SQL Server <strong>Big</strong> <strong>Data</strong> clusters. Travis Wright, Microsoft&#x27;s principal program manager for SQL Server, explains exactly what this means for administrators."
MSSQL,"""Big Data"" MSSQL",https://miroconsulting.com/microsoft-sql-server-big-data-clusters/,"SQL Server <strong>Big</strong> Clusters – released as a feature of Version 2019 – is a deployment method allowing SQL Server to create / query centralized repositories (e.g., <strong>data</strong> lakes) with no additional product licensing."
MSSQL,"""Big Data"" MSSQL",https://docs.microsoft.com/en-us/sql/big-data-cluster/big-data-cluster-overview,Learn about SQL Server <strong>Big</strong> <strong>Data</strong> Clusters that run on Kubernetes and provide scale-out options for both relational and HDFS <strong>data</strong>.
MSSQL,"""Big Data"" MSSQL",https://www.pluralsight.com/courses/building-microsoft-sql-server-big-data-cluster,"<strong>Big</strong> <strong>Data</strong> Clusters are an amazing new technology introduced in SQL Server 2019 bringing together <strong>data</strong> virtualization, querying file based <strong>data</strong> using T-SQL and Spark, scaling out for <strong>data</strong> marts, and state-of-the-art machine learning and AI technologies. In this course, Building Your First Microsoft ..."
MSSQL,"""Big Data"" MSSQL",https://chaosmail.github.io/hadoop/2019/02/26/getting-started-with-sql2019/,The mssqlctl tool is a handy command-line utility that allows you to create and manage SQL Server 2019 <strong>Big</strong> <strong>Data</strong> cluster installations.
MSSQL,"""Big Data"" MSSQL",https://www.redhat.com/files/summit/session-assets/2019/T575BE.pdf,Shards of the <strong>Data</strong> Pool. ... Storage Pool. ... • Spark is a distributed compute engine that provides a unified framework for E2E <strong>big</strong> <strong>data</strong> processing
Postgress,Большие данные Postgress,https://pgconf.ru/2017/93499,"В докладе будет рассказано о том, как мы реализовали хранение таблиц с большим количеством строк (1 млрд + строк в сутки). Проект существует в production 2 год. Это крупный транспортный проект всероссийского масштаба. Суммарный объем данных 300 Tb на 25 серверах PostgreSQL * 2 Data Center."
Postgress,Большие данные Postgress,https://cyberleninka.ru/article/n/otsenka-operativnosti-peredachi-bolshih-dannyh-na-primere-bazy-dannyh-postgresql-platformy-hadoop-i-sistemy-sqoop,Вы точно человек · Для продолжения работы вам необходимо ввести капчу · Пользовательское соглашение Политика конфиденциальности
Postgress,Большие данные Postgress,https://postgrespro.ru/docs/postgresql/9.5/largeobjects,"В этой главе описывается реализация, а также программный интерфейс и функции языка запросов для работы с данными больших объектов PostgreSQL."
Postgress,Большие данные Postgress,https://sky.pro/wiki/sql/optimizatsiya-postgre-sql-dlya-bolshikh-tablits-resheniya/,"Убедитесь, что оборудование и настройки конфигурации PostgreSQL отвечают требованиям и способны справиться с объемом данных: ... shared_buffers = 1GB # минимум 128kB work_mem = 32MB # минимум 64kB maintenance_work_mem = 512MB # минимум 1MB -- Как говорил дядя Бен: &quot;С большой мощностью приходит большая ответственность&quot;."
Postgress,Большие данные Postgress,https://postgrespro.ru/docs/postgrespro/9.5/populate,"Ускорить загрузку больших объёмов данных можно, <strong>увеличив параметр конфигурации maintenance_work_mem на время загрузки</strong>."
Postgress,Большие данные Postgress,https://postgrespro.ru/docs/postgresql/9.6/largeobjects,"В этой главе описывается реализация, а также программный интерфейс и функции языка запросов для работы с данными больших объектов PostgreSQL."
Postgress,Большие данные Postgress,https://pgconf.ru/talk/1588070,"Вадим Яценко ООО Прогресс Софт Начальник Отдела разработки систем хранения даных ... В докладе будет рассказано о том, как мы реализовали хранение таблиц с большим количеством строк (1 млрд + строк в сутки)."
Postgress,Большие данные Postgress,https://www.linux.org.ru/forum/development/9585556,Приветствую! Возникла задача хранить все логи в базе данных: речь идет о 10-20 гигабайт в день. Структура данных крайне проста и репорты не требуют никаких джойнов.
Postgress,Большие данные Postgress,https://habr.com/ru/company/ruvds/blog/525412/,"Поэтому <strong>нельзя непосредственно хранить очень большие значения полей</strong>. Из пояснений, даваемых в документации, можно узнать, что PostgreSQL ..."
Postgress,Большие данные Postgress,https://postgrespro.ru/docs/postgresql/10/largeobjects,"В PostgreSQL имеется <strong>механизм для работы с большими объектами, предоставляющий доступ в потоковом режиме к пользовательским данным, сохранённым в специальной структуре больших объектов</strong>..."
Postgress,Большие данные Postgress,https://www.cnews.ru/news/top/2026-04-10_rossijskij_razrabotchik_reshil,"Затруднительно также распределить одну большую базу данных между несколькими серверами – существующие решения такой задачи нарушают совместимость с PostgreSQL, а значит, и с использующими ее бизнес-приложениями."
Postgress,Большие данные Postgress,https://www.opennet.ru/tips/917_postgresql_size_database.shtml,Как посмотреть размер баз и таблиц в PostgreSQL [исправить] Для сопоставления OID номеров и имен баз и таблиц в contrib есть утилита oid2name. Для просмотра размера таблиц для ...
Postgress,Большие данные Postgress,https://blog.skillfactory.ru/glossary/postgresql/,"<strong>В одном поле записи может быть не больше 1 Гб данных, а максимальное количество полей зависит от типа и составляет от 250 до 1600 штук</strong>."
Postgress,Большие данные Postgress,https://habr.com/ru/articles/253017/,Подключившись к узлу данных (на порт 25432) можно увидеть как были распределены данные. Теперь давайте попробуем заполнить таблицы большим объемом данных и сравнить производительность запросов со standalone PostgreSQL.
Postgress,Большие данные Postgress,https://mws.ru/blog/postgre-sql-chto-eto-kak-rabotaet-i-gde-primenyaetsya/,"Каждая операция либо выполняется целиком, либо откатывается при сбое, сохраняя целостность базы данных. ... PostgreSQL эффективно работает как на одном сервере, так и в кластерных конфигурациях. Она поддерживает разные индексы (B-tree, Hash, GiST, GIN и другие) для ускорения запросов, а также партиционирование таблиц для распределения больших объёмов данных."
Postgress,Большие данные Postgress,https://habr.com/ru/post/214183/,"Что характерно, AUTOVACUUM и ручной VACUUM не занимаются простановкой FrozenXID и для нормальной работы БД при достижении счётчиком транзакций определённого конфигом значения запускается автовакуум с красивым комментом «to prevent wraparound». При больших таблицах (в десятки ГБ) этот процесс может занять томительные часы, в течение которых таблица будет недоступна ни для чтения, ни для записи."
Postgress,Большие данные Postgress,https://habr.com/ru/post/519788/,Вольный перевод статьи «7 Best Practice Tips for PostgreSQL Bulk Data Loading» Иногда возникает необходимость в несколько простых шагов загрузить в БД PostgreSQL большой объём данных.
Postgress,Большие данные Postgress,https://ru.stackoverflow.com/questions/822346/%D0%9D%D0%B5%D0%BE%D0%B1%D1%8A%D1%8F%D1%81%D0%BD%D0%B8%D0%BC%D0%BE-%D0%B1%D0%BE%D0%BB%D1%8C%D1%88%D0%BE%D0%B9-%D1%80%D0%B0%D0%B7%D0%BC%D0%B5%D1%80-%D0%B1%D0%B0%D0%B7%D1%8B-%D0%B2-postgresql,"Не могу понять, почему общий размер базы данных в postgresql в три раза превышаем сумму размеров всех таблиц и индексов этой базы. Вот общий размер БД - 62 Гб: 5620sam=# SELECT ..."
Postgress,Большие данные Postgress,https://ru.stackoverflow.com/questions/321/%D0%9A%D0%B0%D0%BA-%D1%83%D0%B7%D0%BD%D0%B0%D1%82%D1%8C-%D1%80%D0%B0%D0%B7%D0%BC%D0%B5%D1%80-%D0%B1%D0%B0%D0%B7%D1%8B-%D0%B4%D0%B0%D0%BD%D0%BD%D1%8B%D1%85-postgresql,"Есть база PostgreSQL base, пользователь postgres. Как одной командой, не используя скриптов, получить размер базы?"
Postgress,Большие данные Postgress,http://www.gilev.ru/sizetablepostgre/,"Размер базы данных Postgres select pg_size_pretty(pg_database_size(current_database())); Самые большие по размеру базы данных select t1.datname AS db_name, pg_size_pretty(pg_database_size(t1.datname)) as db_size from pg_database t1 order by pg_database_size(t1.datname) desc;"
Postgress,Большие данные Postgress,https://habr.com/ru/companies/ruvds/articles/525412/,"В схеме любой базы <strong>данных</strong>, наверняка, будет множество текстовых полей. Я, для целей этой статьи, разделил текстовые поля на три категории: Маленькие тексты."
Postgress,Большие данные Postgress,https://core247.kz/blog/postgresql-performance-monitoring,Производительность зависит от многих факторов — их и рассмотрим в этой статье: от инструментов для исследования проблем до их решения с помощью передовых методов ...
Postgress,Большие данные Postgress,https://habr.com/ru/articles/280822/,"Стек рассматриваемых технологий : Postgresql 9.3, Python 2.7 с установленным модулем «psycopg2». Проблема Как часто в вашей практике приходилось сталкиваться с задачей обработки ..."
Postgress,Большие данные Postgress,https://habr.com/ru/articles/519788/,Вольный перевод статьи «7 Best Practice Tips for PostgreSQL Bulk Data Loading» Иногда возникает необходимость в несколько простых шагов загрузить в БД PostgreSQL <strong>большой</strong> объём <strong>данных</strong>.
Postgress,Большие данные Postgress,https://wiki.postgresql.org/wiki/%D0%A7%D0%B0%D1%81%D1%82%D0%BE_%D0%97%D0%B0%D0%B4%D0%B0%D0%B2%D0%B0%D0%B5%D0%BC%D1%8B%D0%B5_%D0%92%D0%BE%D0%BF%D1%80%D0%BE%D1%81%D1%8B,Чтобы отсортировать <strong>данные</strong> по значению используйте IS NULL или IS NOT NULL в выражении ORDER BY.
Postgress,Большие данные Postgress,https://core247.kz/blog/scaling-postgresql,Как масштабировали PostgreSQL в OpenAI для поддержки миллионов запросов в секунду для 800 миллионов пользователей через строгие оптимизации и солидную инженерию
Postgress,Большие данные Postgress,https://www.threads.com/@irene_de88/post/DHDdLQzsFHY/%D1%80%D0%B0%D0%B1%D0%BE%D1%82%D0%B0-%D1%81-%D0%B1%D0%BE%D0%BB%D1%8C%D1%88%D0%B8%D0%BC%D0%B8-%D0%B4%D0%B0%D0%BD%D0%BD%D1%8B%D0%BC%D0%B8-big-data-%D0%B2-postgresql%D0%BA%D0%BE%D0%B3%D0%B4%D0%B0-%D0%BE%D0%B1%D1%8A%D0%B5%D0%BC-%D0%B4%D0%B0%D0%BD%D0%BD%D1%8B%D1%85-%D1%80%D0%B0%D1%81%D1%82%D0%B5%D1%82-%D1%81%D1%82%D0%B0%D0%BD%D0%B4%D0%B0%D1%80,"Работа с большими данными (Big Data) в PostgreSQL Когда объем данных растет, стандартные подходы в SQL перестают работать эффективно: 📎 Запросы выполняются медленно 📎 ..."
Postgress,Большие данные Postgress,https://postgrespro.ru/docs/postgresql/9.6/storage-toast,"Лишь определённые типы <strong>данных</strong> поддерживают TOAST — нет смысла производить дополнительные действия с типами <strong>данных</strong>, размер которых не может быть <strong>большим</strong>."
Postgress,Большие данные Postgress,https://habr.com/ru/company/otus/blog/706346/,"На сегодняшний день существует <strong>большое</strong> количество различных систем управления базами <strong>данных</strong> - СУБД, от коммерческих до открытых, от реляционных до новомодных ..."
Postgress,Большие данные Postgress,https://habr.com/ru/articles/996560/,"Каждый, кто хоть раз разбирался в три часа ночи с упавшим продом, знает: большинство катастроф в базах <strong>данных</strong> это не сбой железа и не космические лучи."
Postgress,Большие данные Postgress,https://habr.com/ru/company/tensor/blog/481610/,"Как стоит поступить (а как точно не надо), если в «многомиллионной» активно используемой таблице PostgreSQL нужно обновить <strong>большое</strong> количество записей — проинициал..."
Postgress,Большие данные Postgress,https://postgrespro.ru/,"Postgres Professional - российская компания, разработчик систем управления базами <strong>данных</strong>"
Postgress,Большие данные Postgress,https://azure.microsoft.com/ru-ru/products/postgresql,"Explore Azure Database for PostgreSQL, an AI-ready fully managed service to build, scale, and secure intelligent apps with open-source PostgreSQL."
Postgress,Большие данные Postgress,https://postgrespro.ru/docs/postgresql/9.4/runtime-config-resource,"При увеличении shared_buffers обычно требуется соответственно увеличить checkpoint_segments, чтобы растянуть процесс записи <strong>большого</strong> объёма новых или изменённых <strong>данных</strong> на более ..."
Postgress,Большие данные Postgress,https://qna.habr.com/q/934531,"В общем очень холиварный вопрос, но всё таки решил спросить. Долгое время я работал с mysql для работы с небольшими <strong>данными</strong>. Теперь есть задача для проекта с <strong>большим</strong> ..."
Postgress,Большие данные Postgress,https://selectel.ru/blog/hardware-for-postgresql/,"Page Cache может хранить как <strong>данные</strong> PostgreSQL, так и всех остальных системных служб в ОС. Оба эти уровня используют одну и ту же оперативную память. Если задать слишком <strong>большой</strong> ..."
Postgress,Большие данные Postgress,https://highload.guide/blog/query_performance_postgreSQL.html,"Если у вас вся ... с <strong>большой</strong> вероятностью вы можете часть из них снести, и будет быстрее. Тем не менее, если в вашем апросе нужо, например, извлечь половину <strong>данных</strong> из ..."
Postgress,Большие данные Postgress,https://postgresqlco.nf/doc/ru/param/huge_pages/,"huge_pages: Default: try, Values: [off,on,try], Context: postmaster, Needs restart: true • Use of huge pages on Linux or Windows."
Postgress,Большие данные Postgress,https://selectel.ru/blog/postgresql-for-developers/,"Рассмотрим, как правильно использовать индексы, анализировать планы выполнения запросов и избегать типичных ошибок при проектировании схемы."
Postgress,Большие данные Postgress,https://hightech.fm/2019/11/19/bartunov-postgres,"Созданные человеком программы берут <strong>данные</strong> и манипулируют ими, чтобы создавать новые, более ценные <strong>данные</strong>. Именно базы <strong>данных</strong> (СУБД) являются ядром любой ..."
Postgress,Большие данные Postgress,https://postgrespro.ru/docs/postgresql/11/largeobjects,"В PostgreSQL имеется механизм для работы с <strong>большими</strong> объектами, предоставляющий доступ в потоковом режиме к пользовательским <strong>данным</strong>, сохранённым в специальной ..."
Postgress,Большие данные Postgress,https://postgrespro.ru/docs/postgresql/current/storage-file-layout,"У таблицы, столбцы которой могут содержать <strong>данные</strong> <strong>большого</strong> объёма, будет иметься собственная таблица TOAST, предназначенная для отдельного хранения значений, ..."
Postgress,Большие данные Postgress,https://bigdataschool.ru/blog/greenplum-vs-postgresql-what-is-the-difference/,"Как связаны Greenplum и PostgreSQL, чем важна MPP-архитектура для аналитики <strong>больших</strong> <strong>данных</strong> и что где использовать: сравнительный обзор СУБД"
Postgress,Большие данные Postgress,https://importfree.cnews.ru/news/top/2026-04-10_rossijskij_razrabotchik_reshil,7 апреля в Москве компания «Тантор Лабс» представила третье поколение машин баз <strong>данных</strong> Tantor XData. Новое решение поддерживает полноценную одновременную обработку ...
Postgress,Большие данные Postgress,https://wiki.dieg.info/razmer_bazy_dannyx_postgresql,Все о размерах физических и виртуальных баз <strong>данных</strong> PostgreSQL. Как посмотреть размер баз и таблиц PostgreSQL.
Postgress,Большие данные Postgress,https://ru.stackoverflow.com/questions/1409278/%D0%9A%D0%B0%D0%BA-%D0%BF%D1%80%D0%B0%D0%B2%D0%B8%D0%BB%D1%8C%D0%BD%D0%BE-%D1%85%D1%80%D0%B0%D0%BD%D0%B8%D1%82%D1%8C-%D0%B1%D0%BE%D0%BB%D1%8C%D1%88%D0%B8%D0%B5-json-%D0%B2-%D0%91%D0%94,"Периодически обращаюсь к различным API (типа яндекса) и тяну оттуда информацию, затем записываю в БД. PostgreSQL в моем случае. Ответ от API получаю в JSON и весь JSON заливаю ..."
Postgress,Большие данные Postgress,https://postgrespro.ru/docs/postgresql/10/runtime-config-resource,"При увеличении shared_buffers обычно требуется соответственно увеличить max_wal_size, чтобы растянуть процесс записи <strong>большого</strong> объёма новых или изменённых <strong>данных</strong> на более ..."
Postgress,Большие данные Postgress,https://ru.stackoverflow.com/questions/1170592/%D0%9A%D0%B0%D0%BA%D1%83%D1%8E-%D0%91%D0%94-%D0%B2%D1%8B%D0%B1%D1%80%D0%B0%D1%82%D1%8C-%D0%B4%D0%BB%D1%8F-%D0%B1%D0%BE%D0%BB%D1%8C%D1%88%D0%BE%D0%B3%D0%BE-%D0%BA%D0%BE%D0%BB%D0%B8%D1%87%D0%B5%D1%81%D1%82%D0%B2%D0%B0-%D0%B4%D0%B0%D0%BD%D0%BD%D1%8B%D1%85,Нужно выбрать БД для хранения <strong>большого</strong> количества <strong>данных</strong> 1-10 млн.(Храниться будут координаты пользователя и его login). От БД нужно что бы поиск по координатам в ...
Postgress,Большие данные Postgress,https://www.reddit.com/r/PostgreSQL/comments/145y391/best_practices_for_very_large_databases/,"21 votes, 25 comments. Hello. We are looking for best practices and recommendations about how do you manage and work with very large PostgreSQL…"
Postgress,Большие данные Postgress,https://lecturesdb.readthedocs.io/databases/postgres.html,На базе PostgreSQL ... совместимости с Oracle Database). В комплекте поставки <strong>данных</strong> продуктов содержится <strong>большой</strong> набор ПО для разработчиков и DBA:...
Postgress,Большие данные Postgress,https://azure.microsoft.com/ru-ru/overview/what-is-postgresql,"Узнайте, что такое PostgreSQL и как эта реляционная база <strong>данных</strong> с открытым исходным кодом поддерживает надежные SQL-запросы, гибкие модели <strong>данных</strong> и современные рабочие ..."
Postgress,Большие данные Postgress,https://ru.stackoverflow.com/questions/980338/%D0%9A%D0%B0%D0%BA-%D0%B2%D1%8B%D0%B4%D0%B5%D0%BB%D1%8F%D0%B5%D1%82%D1%81%D1%8F-%D0%BF%D0%B0%D0%BC%D1%8F%D1%82%D1%8C-%D0%B4%D0%BB%D1%8F-%D1%82%D0%B8%D0%BF%D0%B0-varchar-%D0%B2-%D0%91%D0%94%D0%B2-%D1%87%D0%B0%D1%81%D1%82%D0%BD%D0%BE%D1%81%D1%82%D0%B8-%D0%B2-posgtgres,"Как 1гб <strong>данных</strong> записать в таком случае? На помощь приходит огромный фокус ушами (а у слона уши-то <strong>большие</strong>, так что всё с нами ясно, с таким-то логотипом): длинные ..."
Postgress,Большие данные Postgress,https://market.cnews.ru/news/top/2022-04-25_obzor_baz_dannyh_postgresql,Свободное программное обеспечение становится все более актуальным. Компании привлекает независимость от решений правообладателя и возможность вносить ...
Postgress,Большие данные Postgress,https://highload.ru/foundation/2022/partners/postgress,Крупнейшая профессиональная конференция для разработчиков высоконагруженных систем
Postgress,Большие данные Postgress,https://postgrespro.ru/docs/postgrespro/12/largeobjects,"В Postgres Pro имеется механизм для работы с <strong>большими</strong> объектами, предоставляющий доступ в потоковом режиме к пользовательским <strong>данным</strong>, сохранённым в специальной ..."
Postgress,Большие данные Postgress,https://habr.com/ru/articles/512144/,"Естественно, CPU. На наших базах я не нашел, когда где в полку, но когда показания CPU высокие, то это значит, что у нас достаточно <strong>большая</strong> нагрузка на базу <strong>данных</strong>."
Postgress,Большие данные Postgress,https://habr.com/ru/companies/postgrespro/articles/993330/,"Производительность СУБД PostgreSQL — один из ключевых параметров, непосредственно влияющий на работу всей системы. Поэтому за производительностью тщательно следят, ..."
Postgress,Большие данные Postgress,https://ru.stackoverflow.com/questions/1561658/python-postgresql-%D0%BF%D0%B5%D1%80%D0%B5%D0%B4%D0%B0%D1%87%D0%B0-%D0%B1%D0%BE%D0%BB%D1%8C%D1%88%D0%B8%D1%85-%D0%BC%D0%B0%D1%81%D1%81%D0%B8%D0%B2%D0%BE%D0%B2-%D0%B4%D0%B0%D0%BD%D0%BD%D1%8B%D1%85-%D0%B2-%D1%85%D1%80%D0%B0%D0%BD%D0%B8%D0%BC%D1%8B%D0%B5-%D1%84%D1%83%D0%BD%D0%BA%D1%86%D0%B8%D0%B8-%D0%B4%D0%BB%D1%8F-%D0%B2%D1%8B%D0%BF,"в python коде есть список списков arr = list() каждый элемент которого представляет собой список из 5 элементов (int, str, str, int, str) хочу передать этот массив в хранимую ..."
Postgress,Большие данные Postgress,https://habr.com/ru/companies/mws/articles/659455/,Существует великое множество статей об оптимизации PostgreSQL — эта «кроличья нора» весьма глубока. Когда несколько лет назад я начал разрабатывать бэкэнд аналит...
Postgress,"""Большие данные"" Postgress",https://medium.com/@kirill.sereda/postgresql-afe7dabf5b67,Начиная с версии 9.6 PG научился добавлять мсто большими порциями (например когда мы очень часто вставляем в таблицу да и еще большие данные)
Postgress,"""Большие данные"" Postgress",https://cyberleninka.ru/article/n/sravnenie-proizvoditelnosti-postgresql-i-ee-rasshireniya-timescaledb,"Результаты для PostgreSQL - 4 минуты 50 секунд, для TimescaleDB - 4 минуты 27 секунд. Так как объем данных большой, то обе базы данных достаточно долго выполняли"
Postgress,"""Большие данные"" Postgress",https://www.tadviser.ru/index.php/%D0%A1%D1%82%D0%B0%D1%82%D1%8C%D1%8F:%D0%91%D0%BE%D0%BB%D1%8C%D1%88%D0%B8%D0%B5_%D0%B4%D0%B0%D0%BD%D0%BD%D1%8B%D0%B5_(Big_Data)_%D0%B2_%D0%A0%D0%BE%D1%81%D1%81%D0%B8%D0%B8,"Статья <strong>Большие данные</strong> (Big Data) в России, Сквозная аналитика, 2025 редставление стратегии развития рынка больших данных, Объем российского ..."
Postgress,"""Большие данные"" Postgress",https://habr.com/ru/company/postgrespro/blog/456716/,"QUERY PLAN ------------------------------------------------------------------------------------ Append Subplans Removed: 2 -&gt; Seq Scan on bookings_range_201707 Filter: (book_date = to_timestamp(&#x27;01.07.2017&#x27;::text, &#x27;DD.MM.YYYY&#x27;::text)) (4 rows) Значение функции вычисляется при инициализации плана запроса и часть секций исключается из просмотра (строка Subplans Removed). Но это работает только для SELECT. При изменении данных исключение секций на основе значений STABLE функций пока не реализовано:"
Postgress,"""Большие данные"" Postgress",https://actanaturae.ru/2075-8251/article/download/10575/1138,"От проблемы к ... <strong>данных</strong> Data-Enabled ... В докладе д. ф.-м. н. Всеволода · Макеева (Институт общей генети- ки РАН) утверждалось, что в бли- жайшем будущем мы будем все · <strong>больше</strong> работать ..."
Postgress,"""Большие данные"" Postgress",https://www.fa.ru/university/structure/university/uso/press-service/press-releases/bolshie-dannye-kak-drayver-razvitiya-biznesa-i-sistem-bezopasnosti,"«Один из старейших российских вузов, готовящих экономистов, финансистов, юристов по финансовому праву, математиков, ИТ-специали​стов, социологов и политологов»"
Postgress,Big Data Postgress,https://www.reddit.com/r/PostgreSQL/comments/xdrbdc/tip_for_querying_big_data_hundreds_of_billions_of/,"It&#x27;s SQL dialect is inspired by Postgres in many places but quite limited if you&#x27;re used to do advanced operations in Postgres SQL. ... Look at your most used queries and partition your largest tables with the partition keys being stuff that your most common queries filter on. For example, if you frequently run select * from bigtable where table.a=$1, then partition bigtable on column a (either a hash or a range partition, depends on the datatype of a)."
Postgress,Big Data Postgress,https://www.quora.com/Is-Postgresql-a-good-option-for-big-data,"Answer (1 of 7): It depends on how you will use it. I have migrated 17 TB of data from Oracle to PostgreSQL. It works way better. It’s much faster. But, of course, as others said, it’s not for “big data”. You need to work on your indexes and your queries (I use “EXPLAIN” a lot to ..."
Postgress,Big Data Postgress,https://www.tigerdata.com/learn/handling-large-objects-in-postgres,"Learn how PostgreSQL handles large objects using BYTEA, TEXT, and pg_largeobject for efficient storage and manipulation of files up to 4 TB with practical."
Postgress,Big Data Postgress,https://severalnines.com/database-blog/big-data-postgresql-and-apache-spark,"PostgreSQL is well known as the most advanced opensource database, and <strong>it helps you to manage your data no matter how big, small or different the dataset is</strong>, so you can use it to manage or analyze your big data, and of course, there are several ..."
Postgress,Big Data Postgress,https://www.tinybird.co/blog/outgrowinghandling-growing-data-volumes,"As your data grows, you may need more RAM to maintain performance. While Postgres wasn&#x27;t originally designed for big data, there are several strategies you can employ to manage and query large datasets effectively."
Postgress,Big Data Postgress,https://ubuntu.com/blog/lets-play-sharded-big-data-postgresql,"Everyone knows that if you’ve got big data, you need Apache Hadoop, right? It’s an affordable, horizontally scalable, clustered data processing platform ideal for data warehousing use cases. And it knocks the socks off classic relational database management systems like PostgreSQL that can barely keep up when playing with a terabyte of da […]"
Postgress,Big Data Postgress,https://www.linkedin.com/pulse/handling-large-data-volumes-postgresql-yugabytedb-franck-pachot-dpmaf,We cannot provide a description for this page right now
Postgress,Big Data Postgress,https://opensource.com/article/23/2/manage-large-postgres-databases,"Adding a column is a common request during the life of a database, but with a huge table, it can be tricky, again, due to locking. Problem: When you add a new column with a default that calls a function, Postgres needs to rewrite the table. For big tables, this can take several hours."
Postgress,Big Data Postgress,https://www.meritdata-tech.com/resources/blog/digital-engineering-solutions/postgresql-large-data-applications/,"<strong>We help you source, clean, and integrate high-quality datasets at scale using APIs, automation, and AI-driven scrapers</strong>—all with strict ethical and security standards."
Postgress,Big Data Postgress,https://leopard.in.ua/presentations/postgresql_and_big_data_2016/,"the system is described as <strong>an over 2 petabyte repository of user click stream and context data with an update rate for 24 billion events per day</strong> ... Petascale SQL DB at Yahoo! ... Write‐scalable PostgreSQL cluster (more than 3x scalability performance speedup with five servers, compared with ..."
Postgress,Big Data Postgress,https://www.dataversity.net/why-you-should-learn-postgresql-for-data-science/,PostgresSQL supports big data by <strong>adding JSON-B for documents and PostGIS for geolocation systems</strong>.
Postgress,Big Data Postgress,https://medium.com/@digitake/my-fun-journey-of-managing-a-large-table-of-postgresql-b8d09cb19444,"My fun journey of managing a large table of PostgreSQL Recently, I have had a chance to work on a very large data table. By very large, I mean, 1.5 billion rows up to this point, and it growing about …"
Postgress,Big Data Postgress,https://www.linkedin.com/pulse/postgresql-big-data-solution-rafael-moreti-santana,"Have you ever imagined PostgreSQL as a Big Data solution? For instance, in a case where you need to write more than 2 thousand rows per second and read more than 60 thousand rows as fast as you can? Well, I would never imagine to use PostgreSQL for this. Let me tell you all a little about our situat"
Postgress,Big Data Postgress,https://dev.to/itspavan/handling-huge-data-on-postgres-dng,"PostgreSQL uses multiversion concurrency control (MVCC) to ensure consistency between simultaneous transactions. This means each transaction may see different rows and different numbers of rows in a table. There is no single universal row count that the database could cache, so it must scan through all rows counting how many are visible."
Postgress,Big Data Postgress,https://odsc.com/blog/all-the-cool-things-you-can-do-with-postgresql-for-data-analysis/,"Again this is a great way to do your analysis close to where the data resides and then pull back just the results you need. As a side note, if you use Python for your data analysis you can embed that as well. I hope you can see that PostgreSQL should be a valuable tool in your big data/data science toolbox."
Postgress,Big Data Postgress,https://www.cybertec-postgresql.com/en/data-science-2/big-data-analytics/,Analyzing large amounts of data in SQL is in many cases easier and a lot faster to do than with competing technologies. <strong>PostgreSQL offers modern SQL to extract valuable information out of structured as well as unstructured data</strong>.
Postgress,Big Data Postgress,https://barisgunduz.medium.com/architecting-large-scale-applications-handling-big-data-with-postgresql-ff772d26476b,"In this article, we’ll look at practical ways to handle large datasets and keep your PostgreSQL setup healthy, fast, and maintainable. Not every project with a million rows is “big data”. But you should start thinking about scale when:"
Postgress,Big Data Postgress,https://leopard.in.ua/presentations/postgresql_and_big_data_2016/index.html,"the system is described as <strong>an over 2 petabyte repository of user click stream and context data with an update rate for 24 billion events per day</strong> ... Petascale SQL DB at Yahoo! ... Write‐scalable PostgreSQL cluster (more than 3x scalability performance speedup with five servers, compared with ..."
Postgress,Big Data Postgress,https://www.enterprisedb.com/blog/powering-big-data-processing-postgres-apache-spark,"The most recent advance from EnterpriseDB is a new version of the EDB Postgres Data Adapter for Hadoop with compatibility for the Apache Spark cluster computing framework. The new version gives organizations the ability to combine analytic workloads based on the Hadoop Distributed File System (HDFS) with operational data in Postgres, using an Apache Spark interface."
Postgress,Big Data Postgress,https://www.percona.com/blog/working-with-large-postgresql-databases/,Addressing potential issues for a large PostgreSQL database by anticipating future conditions is the goal for every DBA.
Postgress,Big Data Postgress,https://www.nucamp.co/blog/coding-bootcamp-back-end-with-python-and-sql-postgresql-for-data-analysis-an-introduction,"PostgreSQL, an open-source database system, excels in <strong>data</strong> analysis with rich functionalities like JSON support and diverse indexing options. It&#x27;s ideal for <strong>big</strong> <strong>data</strong> and analytics due to SQL standards, extensibility, and robust performance."
Postgress,Big Data Postgress,https://gajus.medium.com/lessons-learned-scaling-postgresql-database-to-1-2bn-records-month-edc5449b3067,"The primary reason we migrated ... causing <strong>data</strong> corruption. This was a known bug that is fixed in newer PostgreSQL versions. However, Google SQL for PostgreSQL is several versions behind. The lack of response from the support acknowledging the issue was a <strong>big</strong> enough red-flag ..."
Postgress,Big Data Postgress,https://www.cybertec-postgresql.com/en/postgresql-bulk-loading-huge-amounts-of-data/,"This article is about bulk loading, which is the quickest way to import large amounts of <strong>data</strong> into a PostgreSQL database."
Postgress,Big Data Postgress,https://stackoverflow.com/questions/54874407/processing-large-amount-of-data-from-postgresql,I am looking for a way how to process a large amount of <strong>data</strong> that are loaded from the database in a reasonable time. The problem I am facing is that I have to read all the <strong>data</strong> from the database (
Postgress,Big Data Postgress,https://www.tigerdata.com/blog/postgres-for-everything,"Table of contents01 PostgreSQL Is Becoming the De Facto Database Standard02 Everything Is Becoming a Computer03 The Return of PostgreSQL04 Free Yourself, Build the Future, Embrace PostgreSQL05 Timescale Started as “PostgreSQL for Time Series”06 Timescale Expanded Beyond Time Series07 Timescale is now “PostgreSQL made Powerful”08 Coda: Yoda?09 Update: Reactions ... One of the biggest ..."
Postgress,Big Data Postgress,https://www.infoq.com/news/2026/02/databricks-lakebase-postgresql/,"As applications become more automated ... an even bigger liability (...) To remove this architectural bottleneck, we created the lakebase category, a new architecture for operational databases that separates compute from storage. Databricks Lakebase provides a managed <strong>Postgres</strong> database service ..."
Postgress,Big Data Postgress,https://medium.com/data-engineering-chariot/why-not-just-use-postgres-cc13a506a9b5,"Why Not Just Use <strong>Postgres</strong>? My last few posts have focused on Redshift and Athena, two specialized tools for managing and querying <strong>Big</strong> <strong>Data</strong>. But there’s a meme that’s been floating around for at …"
Postgress,Big Data Postgress,https://stackoverflow.com/questions/21866113/how-big-is-too-big-for-a-postgresql-table,"I see no reason <strong>Postgres</strong> can&#x27;t deal with that, without knowing all the details of what you are doing. Depending on your <strong>data</strong> distribution you can use a mixture of indexes, filtered indexes, and table partitioning of some kind to speed thing up once you see what performance issues you may or ..."
Postgress,Big Data Postgress,https://www.tigerdata.com/learn/guide-to-data-analysis-on-postgresql,"Using Timescale hyperfunctions, you can handle extensive <strong>data</strong> volumes while sustaining real-time analytics within PostgreSQL. Exactly how extensive, you may be wondering? In our biggest dogfooding effort to date, we are successfully managing a"
Postgress,Big Data Postgress,https://medium.com/@fengruohang/postgres-is-eating-the-database-world-157c204dcfc4,"Hardware advancements have solved the <strong>data</strong> volume and performance issue, while database software developments (PostgreSQL, ParadeDB, DuckDB) have addressed access method challenges. This puts the fundamental assumptions of the analytics sector — the so-called “<strong>big</strong> <strong>data</strong>” industry — under ..."
Postgress,Big Data Postgress,https://openai.com/index/scaling-postgresql/,"An inside look at how OpenAI scaled PostgreSQL to millions of queries per second using replicas, caching, rate limiting, and workload isolation."
Postgress,Big Data Postgress,https://www.postgresql.org/,"Want to learn more about PostgreSQL and help build the community? Come to one of the many events, local user groups, &amp; training sessions where you can meet experienced PostgreSQL users and enhance your database skills."
Postgress,Big Data Postgress,https://www.postgresql.org/docs/current/largeobjects.html,Chapter 33. Large Objects Table of Contents 33.1. Introduction 33.2. Implementation Features 33.3. Client Interfaces 33.3.1. Creating a Large Object 33.3.2. Importing …
Postgress,Big Data Postgress,https://www.crunchydata.com/blog/postgres-tuning-and-performance-for-analytics-data,"Without careful planning and tuning, you can find yourself with analytics queries that not only take far too long to run, but also slow down your existing application. Even if you have a dedicated PostgreSQL instance for OLAP, you’ll want to tune it for analytics as the <strong>data</strong> gets bigger and the ..."
Postgress,Big Data Postgress,https://www.postgresql.org/about/,"PostgreSQL comes with many features aimed to help developers build applications, administrators to protect <strong>data</strong> integrity and build fault-tolerant environments, and help you manage your <strong>data</strong> no matter how <strong>big</strong> or small the dataset. In addition to being free and open source, PostgreSQL is highly ..."
Postgress,Big Data Postgress,https://www.stratascratch.com/blog/postgres-vs-mysql-which-is-better-for-analytics,"If most of your projects are of such kind and MySQL satisfies all your requirements, then there really isn’t necessary to learn PostgreSQL. You might be better off with MySQL. However, if your projects include (or you want them to include in the future!) working with <strong>big</strong> <strong>data</strong> sets and complex ..."
Postgress,Big Data Postgress,https://stackoverflow.com/questions/24841142/how-can-i-generate-big-data-sample-for-postgresql-using-generate-series-and-rand,"I want to generate <strong>big</strong> <strong>data</strong> sample (almost 1 million records) for studying tuplesort.c&#x27;s polyphase merge in postgresql, and I hope the schema as follows:"
Postgress,Big Data Postgress,https://www.slideshare.net/ChrisTravers5/postgresql-as-a-big-data-platform,"JavaScript is disabled in your browser · Please enable JavaScript to proceed · A required part of this site couldn’t load. This may be due to a browser extension, network issues, or browser settings. Please check your connection, disable any ad blockers, or try using a different browser"
Postgress,Big Data Postgress,https://medium.com/@firmanbrilian/postgresql-as-a-data-warehouse-is-it-good-enough-59e0492d4a5c,"In the world of <strong>big</strong> <strong>data</strong> and analytics, tools like Snowflake, BigQuery, and Redshift often dominate the conversation around <strong>data</strong> warehousing. But what if we told you that an open-source, battle-tested relational database like PostgreSQL can also serve as a cost-effective, flexible <strong>data</strong> warehouse?"
Postgress,Big Data Postgress,https://severalnines.com/blog/big-data-postgresql-and-apache-spark/,"PostgreSQL is well known as the most advanced opensource database, and it helps you to manage your <strong>data</strong> no matter how <strong>big</strong>, small or different the dataset is, so you can use it to manage or analyze your <strong>big</strong> <strong>data</strong>, and of course, there are several ways to make this possible, e.g Apache Spark."
Postgress,Big Data Postgress,https://reintech.io/blog/postgresql-big-data-scalability-considerations,"PostgreSQL, often known simply as <strong>Postgres</strong>, is a powerful open-source object-relational database system that has earned a strong reputation for its reliability, robust feature set, and performance. When it comes to managing <strong>big</strong> <strong>data</strong>, PostgreSQL presents itself as a viable solution with several ..."
Postgress,Big Data Postgress,https://cyounkins.medium.com/working-with-large-datasets-in-postgres-f79666dd0cd8,"Working with Large Datasets in <strong>Postgres</strong> Let’s say you want to run a <strong>BIG</strong> query with gigabytes of results. How do you do it? Plain Query With a plain query, you load the entire result set into client …"
Postgress,Big Data Postgress,https://www.meritdata-tech.com/resources/blog/data-engineering-and-operations/postgresql-large-data-applications/,"Streamline operations, modernise legacy systems, and scale faster with AI-powered automation and enterprise-grade <strong>data</strong> infrastructure."
Postgress,Big Data Postgress,https://medium.com/@jasonsolanof/postgresql-para-big-data-d375f0f32c64,"<strong>Postgres</strong>-XL es un cluster de base de datos SQL tipo open source, lo suficientemente flexible para manejar varios tipos de carga de trabajo: Cargas de trabajo de escritura intensivas y masivas de OLTP (Online Transactional Processing) Inteligencia de Negocio requiriendo MPP (Massive Parallel Processing) Almacenamiento de <strong>Data</strong> ..."
Postgress,Big Data Postgress,https://support.boldbi.com/kb/article/15636/optimizing-large-scale-postgresql-databases-for-performance,"Best Practices for Optimizing <strong>Data</strong> Models and Dashboards for Server Performance Connecting Materialized Views in Bold BI - MSSQL, PostgreSQL, Oracle and Google <strong>Big</strong> Query PostgreSQL Materialized Views"
Postgress,Big Data Postgress,https://intellidbenterprise.com/managing-big-data-with-postgresql-and-generative-ai-can-gpts-really-help/,"As enterprises increasingly instrument themselves, from their logs, sensors, social media streams to their applications, PostgreSQL’s role in managing and querying that <strong>data</strong> continues to grow. With <strong>big</strong> <strong>data</strong> comes complexity, and that is where AI-inspired support, in particular generative ..."
Postgress,Big Data Postgress,https://sol-may.medium.com/postgresql-the-data-scientists-secret-weapon-for-handling-data-efficiently-552e43b92ed1,"Integration with Python &amp; Machine Learning Libraries (seamlessly connecting SQL with <strong>data</strong> science workflows) ... Unlike Excel, which struggles with large files, PostgreSQL can process millions of records efficiently. This makes it a great tool for <strong>big</strong> <strong>data</strong> analysis."
Postgress,Big Data Postgress,https://www.reddit.com/r/PostgreSQL/comments/mcwrkr/guidance_on_handling_massive_datasets_in_postgres/,"Tens of millions of rows shouldn&#x27;t be a <strong>big</strong> problem. ... Some optimizations are obvious - like organizing the <strong>data</strong> properly, adding the correct indexes, changing postgresql config (more work_mem, more cache)."
Postgress,Big Data Postgress,https://medium.com/@wendymak/lessons-learnt-working-with-large-datasets-on-postgres-5ae7f5552126,"Recently, I was working on a large-ish dataset on UK residential property sales, which I stored in a <strong>postgres</strong> database (around 3GB csv, 24million or so rows). It’s probably small in the ‘<strong>Big</strong> <strong>Data</strong>’ world, but manipulating it is definitely a lot harder than, say when you only have 20k or ..."
Postgress,"""Big Data"" Postgress",https://www.developing.dev/p/turing-award-winner-postgres-disagreeing,"Postgres has so far chosen not to do that. They don’t implement a column store. And so I think they are not, they are not competitive, you know, on sizable data warehouses. They also don’t have multi node support. Again, for people with big data warehouses."
Postgress,"""Big Data"" Postgress",https://www.datacamp.com/blog/what-is-postgresql-introduction,PostgreSQL shines when it comes to handling large datasets. <strong>Its ability to efficiently manage terabytes of data makes it suitable for big data applications</strong>.
Postgress,"""Big Data"" Postgress",https://www.crn.com/news/software/2025/the-10-hottest-big-data-tools-of-2025,"The hottest <strong>big</strong> <strong>data</strong> tools in 2025 include Amazon Aurora DSQL, Snowflake Intelligence, and the Databricks Lakebase."
Postgress,"""Big Data"" Postgress",https://geoinnova.org/blog-territorio/postgre-sql-big-data/,"Los SGBD como PostgreSQL se han convertido en una potente herramienta para la gestión del <strong>Big</strong> <strong>Data</strong>, pero ¿sabes por qué? Te lo contamos en este post."
Postgress,"""Big Data"" Postgress",https://aprenderbigdata.com/postgresql/,"▷ Descubre PostgreSQL, el potente sistema de gestión de bases de datos. Aprende todo sobre sus ventajas y características"
Postgress,"""Big Data"" Postgress",https://www.nobledesktop.com/learn/sql/data-analytics-with-postgresql-analyzing-large-datasets,"The ability to use various SQL commands, including SELECT, WHERE, and JOIN, allows for nuanced <strong>data</strong> filtering and combining datasets that yield meaningful insights. As businesses increasingly embrace <strong>big</strong> <strong>data</strong>, mastering PostgreSQL equips individuals with the skills to conduct thorough <strong>data</strong> ..."
Postgress,"""Big Data"" Postgress",https://www.enterprisedb.com/news/enterprisedb-extends-postgres-big-data-capacity-new-mongodb-hadoop-extensions,New Foreign <strong>Data</strong> Wrappers expand PostgreSQL’s ability to support <strong>data</strong> integration and connect <strong>data</strong> silos
Postgress,"""Big Data"" Postgress",https://www.postgres-xl.org/,Postgres-XL is an all-purpose fully ACID open source scale-out SQL database solution.
Postgress,"""Big Data"" Postgress",https://www.quora.com/Why-is-PostgreSQL-not-a-big-data-database,"Answer (1 of 2): PostgreSQL is a scale up architecture and is not distributed across multiple nodes in a cluster. Having said that there are various PostgreSQL forks such as Redshift, Greenplum, PostgreXL that can be run distributed as an MPP <strong>data</strong> warehouse database."
Postgress,"""Big Data"" Postgress",https://www.mdpi.com/2504-2289/10/2/66,"This paper presents a comparative analysis of read performance for PostgreSQL and MongoDB in e-commerce scenarios, using identical datasets in a resource-constrained single-host environment. The results demonstrate that PostgreSQL executes complex analytical queries 1.6–15.1 times faster, ..."
Postgress,"""Big Data"" Postgress",https://medium.com/@sanjeets1900/hadoop-hive-and-hue-with-postgress-metastore-from-scratch-fd4425d13831,"Hadoop, Hive and Hue with <strong>Postgress</strong> Metastore in Docker from scratch. Recent advancements in <strong>data</strong> engineering, like Iceberg, Delta, Lakehouse etc. all trace their roots back to the original <strong>big</strong> <strong>data</strong> …"
Postgress,"""Big Data"" Postgress",https://www.linkedin.com/pulse/big-data-model-must-represent-reality-henry-chiu,"Once the model is validated; An ... <strong>data</strong> to the analyses engine, which in effect reduces the noise, in the signal-to-noise ratio. A <strong>postgress</strong> agent will be useful in properly categorizing the derived knowledge. Armed with these mathematical tools we are ready to model, test and improve upon how we observe, utilize and profit from the information that we derive from the vast sea of &quot;<strong>Big</strong> ..."
Postgress,"""Big Data"" Postgress",https://www.dbta.com/Editorial/News-Flashes/Yugabyte-Partners-with-AWS-to-Forward-Enterprise-PostgreSQL-Modernization-174508.aspx,"Yugabyte, the distributed SQL database company, is entering a strategic collaboration agreement (SCA) with Amazon Web Services (AWS), enabling the company to help enterprises modernize their legacy databases and scale cloud-native applications on AWS by providing high availability, global ..."
Postgress,"""Big Data"" Postgress",https://www.reddit.com/r/node/comments/1ga6fqs/best_way_to_host_postgresql/,"23 votes, 40 comments. For a restaurant booking management system, kinda like dojo , with a goal of getting 50 restaurants to signup within a year…"
Postgress,"""Big Data"" Postgress",https://rmoff.net/2026/03/25/interesting-links-march-2026/,"Ch 4 - Beyond Rows and Columns: The Five Forms of <strong>Data</strong>. Ch 5 - Entities, Instances, and Identifiers. Ch 6 - Attributes: Describing the Entity. Ch 7 - Relationships: Tying It Together. Ch 8 - Grain: Getting the Level Right. Ch 9 - Counting and Aggregation: Controlling the Grain. A VLDB paper from 2021 by Google’s Pavan Edara and Mosha Pasumansky describing BigQuery..."
Postgress,"""Big Data"" Postgress",https://community.fabric.microsoft.com/t5/Report-Server/big-data-analysis-can-power-BI-handles-Millions-of-row-in-a/m-p/624540,"Hello, I have been testing Power BI for a possibility of using it with my software instead of tableau, Excel ... or other BI. I have a tricky question: I receive 1 to 5 million of rows of <strong>data</strong> (around 16 fields each row) per day, and I store incrementaly the result in a <strong>postgress</strong> on a server ..."
Postgress,"""Big Data"" Postgress",https://aws.amazon.com/blogs/big-data/streamline-large-binary-object-migrations-a-kafka-based-solution-for-oracle-to-amazon-aurora-postgresql-and-amazon-s3/,"In this post, we present a scalable solution that addresses the challenge of migrating your large binary objects (LOBs) from Oracle to AWS by using a streaming architecture that separates LOB storage from structured <strong>data</strong>. This approach avoids size constraints, reduces Oracle licensing costs, ..."
Postgress,"""Big Data"" Postgress",https://www.dbta.com/Editorial/News-Flashes/Experts-Give-8-Big-Data-Predictions-for-2026-172655.aspx,"As AI continues to dominate the technology landscape, the <strong>data</strong> underlying the information these artificial intelligence solutions train on is under more scrutiny than ever. Here, <strong>data</strong> professionals share their <strong>big</strong> <strong>data</strong> and database/infrastructure predictions for 2026."
Berkeley DB,Большие данные Berkeley DB,https://en.wikipedia.org/wiki/Berkeley_DB,"Berkeley DB (BDB) is an embedded database software library for key/value data, historically significant in open-source software. Berkeley DB is written in C with API bindings for many other programming languages. BDB stores arbitrary key/data pairs as byte arrays and supports multiple data ..."
Berkeley DB,Большие данные Berkeley DB,https://dic.academic.ru/dic.nsf/ruwiki/156559,"BDB может обслуживать тысячи процессов или потоков, одновременно манипулирующих базами данных размером в <strong>256 терабайт</strong>, на разнообразном ..."
Berkeley DB,Большие данные Berkeley DB,https://alphapedia.ru/w/Berkeley_DB,"Программная библиотека, предоставляющая встроенную базу данных для данных типа ключ-значение Написано наC Операционная система Windows, Unix-like Размер ~ 1244 kB ск"
Berkeley DB,Большие данные Berkeley DB,http://xpoint.ru/forums/programming/theory_algorythms/thread/33641.xhtml,"У меня есть задача - полнотекстовый поиск по базе резюмешек: объем базы в записях чуть более 30 милионов - данные добавляются раз в неделю порциями ~300-400 тысяч. Текст резюме содержит ~ 8 кил. У меня есть самодельный поисковый движок на Berkeley DB, который прекрасно показывал себя на объемах до 600 тысяч документов - но на этих объемах вста"
Berkeley DB,Большие данные Berkeley DB,https://wikiprograms.org/berkeley-db/,"Berkeley DB <strong>может обслуживать тысячи процессов или потоков, одновременно манипулирующих базами данных размером в 256 Тб</strong>, на разнообразном ..."
Berkeley DB,Большие данные Berkeley DB,https://bourabai.ru/dbt/dbms/berkeleydb.htm,"BDB может обслуживать тысячи процессов или потоков, одновременно манипулирующих базами данных размером в <strong>256 терабайт</strong>, на разнообразном оборудовании под различными ..."
Berkeley DB,Большие данные Berkeley DB,http://wp.wiki-wiki.ru/wp/index.php/Berkeley_DB,"BDB может обслуживать тысячи процессов или потоков, одновременно манипулирующих базами данных размером в <strong>256 терабайт</strong>, на разнообразном ..."
Berkeley DB,Большие данные Berkeley DB,http://www.crossplatform.ru/node/184,"BDB может обслуживать тысячи процессов или потоков, одновременно манипулирующих базами данных размером в <strong>256 терабайт</strong>, на разнообразном оборудованиии под различным ..."
Berkeley DB,Большие данные Berkeley DB,https://docs.altlinux.org/ru-RU/archive/2.4/html-single/master/alt-docs-master/ch08s10.html,"Формат Berkeley DB поддерживает B-деревья, расширенное линейное хеширование, доступ к записям фиксированной и переменной длины, транзакции, блокирование, ведение журнала событий, работу с общей памятью и восстановление баз данных."
Berkeley DB,Большие данные Berkeley DB,https://www.oracle.com/database/technologies/related/berkeleydb.html,"Berkeley DB provides a collection of well-proven building-block technologies that can be configured to address any application need from the hand-held device to the data center, from a local storage solution to a world-wide distributed one, from kilobytes to petabytes."
Berkeley DB,Большие данные Berkeley DB,http://bourabai.kz/dbt/dbms/berkeleydb.htm,Параллельно с теоретическими лекциями студенты выполняют лабораторные работы путем практического программирования по изученным теоретическим темам · А. ...
Berkeley DB,Большие данные Berkeley DB,https://russianbi.ru/vendors/detail.php?ID=195,"BDB предоставляет набор хорошо зарекомендовавших себя технологий построения блоков, которые могут быть сконфигурированы для удовлетворения потребностей любого приложения, от портативного устройства до центра обработки данных, от локального решения для хранения данных до распределенного по всему миру, от килобайт до петабайт."
Berkeley DB,Большие данные Berkeley DB,https://osp.ru/os/2000/11/178318,"На наш взгляд, Berkeley DB проще в понимании и обращении, чем автономные СУБД. Она хранит и извлекает записи, состоящие из пар ключ-значение. Ключи используются для обнаружения элементов и могут представлять собой данные любого типа или любые структуры, поддерживаемые применяемым языком программирования."
Berkeley DB,Большие данные Berkeley DB,https://www.linux.org.ru/forum/general/1972510,Есть ли какой нибудь браузер что бы посмотреть содержимое базы berkeley db? (база в виде файла) Заранее спасибо!!!
Berkeley DB,Большие данные Berkeley DB,https://ru.bmstu.wiki/Berkeley_DB,"pokrovkino.com is your first and best source for all of the information you’re looking for. From general topics to more of what you would expect to find here, pokrovkino.com has it all. We hope you find what you are searching for!"
Berkeley DB,Большие данные Berkeley DB,https://www.monitor.us/berkeley-db/,"High-performance systems often rely on storage solutions that ensure scalability, data integrity, and efficient operation. Handling large datasets requires features like flexible data models, concurrency control, and reliable indexing. Berkeley DB offers capabilities designed to meet these requirements and support a wide range of applications."
Berkeley DB,Большие данные Berkeley DB,https://habr.com/ru/articles/123884/comments/,"Кстати, может, добавлять (и обновлять) каждую публикацию внизу полным списком статей по теме, раз собираетесь большой цикл делать? ... очень много будет. статей 30 я думаю набежит. а так хоть понятно где искать начало ... Ну тогда да, можно делать такой «дисклаймер» с отсылкой к оглавлению. ... У меня машинка которая обрабатывает данные имеет много памяти на борту."
Berkeley DB,Большие данные Berkeley DB,https://ru.frwiki.wiki/wiki/Berkeley_DB,"поддерживает большие объемы данных (<strong>до 4 ГБ на запись и 256 ТБ на базу</strong>); данные могут быть зашифрованы ( алгоритм AES ); ... версия, оптимизированная для Java, например, ..."
Berkeley DB,Большие данные Berkeley DB,https://docstore.mik.ua/manuals/ru/blfs6/content/databases.html,"Berkeley DB db_archive, db_checkpoint, db_deadlock, db_dump, db_load, db_printlog, db_recover, db_stat, db_upgrade, db_verify libdb."
Berkeley DB,Большие данные Berkeley DB,https://ru.wikipedia.org/wiki/%D0%92%D1%81%D1%82%D1%80%D0%B0%D0%B8%D0%B2%D0%B0%D0%B5%D0%BC%D0%B0%D1%8F_%D0%A1%D0%A3%D0%91%D0%94,"В угоду производительности часто разработчики реализуют или неполный SQL (SQLite), или специализированный язык запросов (BerkeleyDB)."
Berkeley DB,Большие данные Berkeley DB,https://studfile.net/preview/14648724/page:187/,Работа по теме: Плещёв БД 2013-06-02. Глава: 6.12. <strong>Berkeley</strong> <strong>db</strong> – движок для субд. ВУЗ: УрГЭУ.
Berkeley DB,Большие данные Berkeley DB,https://stackoverflow.com/questions/10047947/unable-to-read-data-from-a-large-berkeley-db-file,"I am trying to read data from <strong>a</strong> <strong>Berkeley</strong> <strong>DB</strong> file of size &gt; 12 GB and write to a text file in key value pairs. But I am not able to do so, as my process stops after reading 26 million records. I tried"
Berkeley DB,Большие данные Berkeley DB,https://dbdb.io/db/berkeley-db,"BerkeleyDB (sometimes referred to as simply &quot;BDB&quot;) is an embedded open-source, database storage library. The simplicity arises from the fact that it is a basic key-value store and not a full-fledged database system that provides querying and schema constraints."
Berkeley DB,Большие данные Berkeley DB,https://www.opennet.ru/docs/RUS/mysqladm/bdbtable.html,"Даже при том, что <strong>Berkeley</strong> <strong>DB</strong> сам по себе очень проверен и надежен, интерфейс с MySQL все еще рассматривается в качестве бета-версии."
Berkeley DB,Большие данные Berkeley DB,https://oracle-berkeley-db.en.uptodown.com/windows,"Download Oracle <strong>Berkeley</strong> <strong>DB</strong> for Windows for free. Free database engine to store all your applications. Oracle <strong>Berkeley</strong> <strong>DB</strong> is a scalable, transactional..."
Berkeley DB,Большие данные Berkeley DB,https://russianblogs.com/article/3592817004/,"Обучение <strong>Berkeley</strong> <strong>DB</strong> (1), Русские Блоги, лучший сайт для обмена техническими статьями программиста."
Berkeley DB,Большие данные Berkeley DB,https://pypi.org/project/berkeleydb/,"This module provides a nearly complete wrapping of the Oracle/Sleepycat C API for the Database Environment, Database, Cursor, Log Cursor, Sequence and Transaction objects, and each of these is exposed as a Python type in the berkeleydb.<strong>db</strong> module. The database objects can use various access ..."
Berkeley DB,Большие данные Berkeley DB,https://www.oracle.com/database/technologies/related/berkeleydb-downloads.html,Oracle employs a dual licensing model that offers customers a choice of either our open source license or a commercial license. Our open source license is OSI-certified and permits use of <strong>Berkeley</strong> <strong>DB</strong> in open source projects or in applications that are not distributed to third parties.
Berkeley DB,Большие данные Berkeley DB,https://oracle-berkeley-db.en.softonic.com/,"Oracle <strong>Berkeley</strong> <strong>DB</strong>, free and safe download. Oracle <strong>Berkeley</strong> <strong>DB</strong> latest version: Comprehensive Overview of Oracle <strong>Berkeley</strong> <strong>DB</strong>. Oracle <strong>Berkeley</strong> <strong>DB</strong> is a r"
Berkeley DB,Большие данные Berkeley DB,https://wiki.debian.org/BerkeleyDB,"<strong>Berkeley</strong> <strong>DB</strong> provides a collection of well-proven building-block technologies that can be configured to address any application need from the hand-held device to the datacenter, from a local storage solution to a world-wide distributed one, from kilobytes to petabytes."
Berkeley DB,Большие данные Berkeley DB,https://www.wikidata.org/wiki/Q820854,software library providing embedded database for key/value data
Berkeley DB,Большие данные Berkeley DB,https://stackoverflow.com/questions/18707751/retrieving-a-range-of-data-from-berkeley-db,How can I retrieve a range of data such as 10 &lt; key &lt; 20 from <strong>Berkeley</strong> <strong>DB</strong>?
Berkeley DB,Большие данные Berkeley DB,https://directory.fsf.org/wiki/Berkeley_Database,"Its access methods include B+tree, Extended Linear Hashing, fixed and variable-length records, and Persistent Queues. <strong>Berkeley</strong> <strong>DB</strong> provides full transactional support, database recovery, online backups, and separate access to locking, logging and shared memory caching subsystems."
Berkeley DB,Большие данные Berkeley DB,https://web.stanford.edu/class/cs276a/projects/docs/berkeleydb/reftoc.html,<strong>Berkeley</strong> <strong>DB</strong>: An embedded database programmatic toolkit.
Berkeley DB,Большие данные Berkeley DB,https://web.stanford.edu/class/cs276a/projects/docs/berkeleydb/ref/intro/dbis.html,<strong>Berkeley</strong> <strong>DB</strong>: An embedded database programmatic toolkit.
Berkeley DB,Большие данные Berkeley DB,https://www.softpedia.com/get/Internet/Servers/Database-Utils/Berkeley-DB.shtml,"Download <strong>Berkeley</strong> <strong>DB</strong> 18.1.32 - A reliable application that eliminates the overhead of SQL query processing, enabling applications with predictable access patterns to run faster"
Berkeley DB,Большие данные Berkeley DB,https://www.opennet.ru/cgi-bin/opennet/ks.cgi?mask=berkeleydb,Как произвести оптимизацию хранилища в MySQL (аналог vacuum в psql) · Как в Shell выполнить SQL запрос или получить список баз и таблиц (PostgreSQL) · Работа с изображениями на PHP ...
Berkeley DB,Большие данные Berkeley DB,https://www.oracle.com/database/technologies/berkeleydb-db-faq.html,Frequently asked questions about Oracle <strong>Berkeley</strong> <strong>DB</strong>.
Berkeley DB,Большие данные Berkeley DB,https://wiki.python.org/moin/BerkeleyDB.html,The bsddb — Interface to <strong>Berkeley</strong> <strong>DB</strong> library has been deprecated since version 2.6: The bsddb module has been removed in Python 3.
Berkeley DB,Большие данные Berkeley DB,https://coderoad.ru/7951031/%D0%A0%D0%B0%D0%B7%D0%B4%D0%B5%D0%BB%D0%B5%D0%BD%D0%B8%D0%B5-%D1%84%D0%B0%D0%B9%D0%BB%D0%BE%D0%B2-%D0%91%D0%B5%D1%80%D0%BA%D0%BB%D0%B8-%D0%91%D0%94,"Наше приложение использует <strong>berkeley</strong> <strong>db</strong> для временного хранения и persistance.A возникла новая проблема, когда огромные <strong>данные</strong> поступают из различных источников ввода. Теперь базовая файловая система не поддерживает такие <strong>большие</strong> ..."
Berkeley DB,Большие данные Berkeley DB,https://habr.com/ru/post/459862/,"Все классы и функции ... <strong>Berkeley</strong> <strong>DB</strong> находятся в пространстве имен dbstl, для сокращения, под dbstl будет подразумеваться так же и STL-интерфейс. База <strong>данных</strong> поддерживает большинство ..."
Berkeley DB,Большие данные Berkeley DB,https://www.directindustry.com.ru/prod/oracle/product-27142-785707.html,Найдите всю необходимую информацию о товаре: программное обеспечение для управления <strong>Berkeley</strong> <strong>DB</strong> компании Oracle. Свяжитесь с поставщиком или непросредственно с головным ...
Berkeley DB,Большие данные Berkeley DB,https://pro-spo.ru/winprog/1259-oracle-berkeley-db,"<strong>Berkeley</strong> <strong>DB</strong> (BDB) — высокопроизводительная, встраиваемая база да"
Berkeley DB,Большие данные Berkeley DB,https://temofeev.ru/info/articles/stl-interfeys-berkeley-db/,"Все классы и функции ... <strong>Berkeley</strong> <strong>DB</strong> находятся в пространстве имен dbstl, для сокращения, под dbstl будет подразумеваться так же и STL-интерфейс. База <strong>данных</strong> поддерживает большинство ..."
Berkeley DB,Большие данные Berkeley DB,https://docs.altlinux.org/ru-RU/archive/2.3/html-single/junior/alt-docs-junior/ch05s11.html,"<strong>Berkeley</strong> Database (<strong>Berkeley</strong> <strong>DB</strong>) — это набор программ, предоставляющий поддержку встраиваемых баз <strong>данных</strong> для традиционных и клиент-серверных приложений."
Berkeley DB,Большие данные Berkeley DB,https://stackoverflow.com/questions/37644/examining-berkeley-db-files-from-the-cli,I have a set of <strong>Berkeley</strong> <strong>DB</strong> files on my Linux file system that I&#x27;d like to examine. What useful tools exist for getting a quick overview of the contents? I can write Perl scripts that use BDB modu...
Berkeley DB,Большие данные Berkeley DB,https://habr.com/ru/articles/172777/,"В плюсы к работе с Berkley <strong>Db</strong> можно отнести прямые CRUD операции над объектами, что облегчает последующую огическую работу с <strong>данными</strong>. Для меня это имело <strong>больший</strong> вес, нежели привычный интерфейс выдачи <strong>данных</strong>. P.S. Ссылка для скачивания. Нужна версия <strong>Berkeley</strong> ..."
Berkeley DB,Большие данные Berkeley DB,https://www.linux.org.ru/forum/development/7262688,"Доброй ночи! Ищу для скромного justforfun&#x27;овского проекта относительно быструю БД, в которой можно хранить и обрабатывать миллиарды записей. Пока что остановилс..."
Berkeley DB,Большие данные Berkeley DB,https://pcnews.ru/blogs/stl_interfejs_berkeley_db-913041.html,"Все классы и функции ... <strong>Berkeley</strong> <strong>DB</strong> находятся в пространстве имен dbstl, для сокращения, под dbstl будет подразумеваться так же и STL-интерфейс. База <strong>данных</strong> поддерживает большинство ..."
Berkeley DB,Большие данные Berkeley DB,https://www.monitor.us/berkeley-db-performance-tuning/,"Learn how to optimize BerkeleyDB performance with indexing, concurrency control, and efficient transaction logging for scalable data storage."
Berkeley DB,Большие данные Berkeley DB,https://ru.wikibrief.org/wiki/Berkeley_DB,"WikiBrief - краткие статьи, отражающие основную суть вопроса. Нет необходимости читать <strong>большой</strong> текст, чтобы понять о чем предмет и основное его содержание."
Berkeley DB,Большие данные Berkeley DB,https://xn--h1ajim.xn--p1ai/BerkeleyDB,"Может использоваться как средство для построения хранимых индексов, так и в качестве хранилища <strong>данных</strong>. Существуют средства для работы с <strong>Berkeley</strong> <strong>DB</strong> на большинстве ..."
Berkeley DB,Большие данные Berkeley DB,https://ecsoft2.org/berkeley-db,"<strong>Berkeley</strong> <strong>DB</strong> enables the development of custom data management solutions, without the overhead traditionally associated with such custom projects. <strong>Berkeley</strong> <strong>DB</strong> provides a collection of well-proven building-block technologies that can be configured to address any application need from the hand-held ..."
Berkeley DB,Большие данные Berkeley DB,https://progi.pro/berkeley-db-t7796,Я использую <strong>Berkeley</strong> <strong>DB</strong> v5.3.21 для вставки <strong>большого</strong> количества <strong>данных</strong> (записи 100K) в очередь BDB.
Berkeley DB,Большие данные Berkeley DB,https://www.opennet.ru/docs/RUS/blfs6/content/databases.html,"Пакет <strong>Berkeley</strong> <strong>DB</strong> содержит программы и утилиты, используемые многими другими приложениями для функций, связанных с базами данных."
Berkeley DB,Большие данные Berkeley DB,https://www.oracle.com/cis/database/technologies/related/berkeleydb.html,"The Oracle <strong>Berkeley</strong> <strong>DB</strong> family of open source, embeddable databases provides developers with fast, reliable, local persistence with zero administration. Often deployed as an &#x27;edge&#x27; database, Oracle <strong>Berkeley</strong> <strong>DB</strong> provides very high performance, reliability, scalability, and availability for application ..."
Berkeley DB,Большие данные Berkeley DB,https://habr.com/ru/articles/336098/,"Введение Немного о сабже. BerkeleyDB — высокопроизводительная встраиваемая СУБД, поставляемая в виде библиотеки для различных языков программирования."
Berkeley DB,Большие данные Berkeley DB,https://stackoverflow.com/questions/13281809/insert-data-to-berkeley-db-very-poor-performance-in-big-data,I have already held the 80G <strong>Berkeley</strong> <strong>DB</strong> file. I measure the average insert speed is 8ms for one record(32 byte key/100 byte value) without transaction. Compare to insert to empty database with same
Berkeley DB,Большие данные Berkeley DB,https://hmong.ru/wiki/Berkeley_DB,"<strong>Berkeley</strong> <strong>DB</strong> ( BDB ) - это программная библиотека, предназначенная для обеспечения высокопроизводительной встроенной базы <strong>данных</strong> <strong>для</strong> <strong>данных</strong> типа &quot; ключ-значение&quot; ."
Berkeley DB,Большие данные Berkeley DB,https://coderoad.ru/37644/%D0%98%D0%B7%D1%83%D1%87%D0%B5%D0%BD%D0%B8%D0%B5-%D1%84%D0%B0%D0%B9%D0%BB%D0%BE%D0%B2-Berkeley-DB-%D0%B8%D0%B7-CLI,"Используйте программу <strong>db</strong>_dump . Она содержится в пакете core/<strong>db</strong> (Arch), <strong>db</strong>-util (Debian, Ubuntu), sys-libs/<strong>db</strong> (Gentoo, обратите внимание, что здесь бинарник называется db4.8_dump или любой другой..."
Berkeley DB,"""Большие данные"" Berkeley DB",https://www.pngwing.com/ru/search?q=nosql,"База данных Oracle NoSQL База данных Oracle NoSQL Berkeley DB Система управления реляционными базами данных, Couchdb, текст, логотип, другие png"
Berkeley DB,"""Большие данные"" Berkeley DB",https://habr.com/ru/hubs/bigdata/news/page1/,"под номером № 19542 ... ЭВМ и баз данных включена платформа ITS DPP. ITS DPP (ITS Data Processing Platform) — это платформа для анализа, хранения и обработки больших данных на ..."
Berkeley DB,"""Большие данные"" Berkeley DB",https://library.cbr.ru/catalog/lib/books/981655/,На сайте Библиотеки Банка России представлен сводный электронный каталог изданий центрального аппарата и территориальных учреждений по направлениям деятел...
Berkeley DB,"""Большие данные"" Berkeley DB",https://www.cnews.ru/reviews/bolshie_dannye_i_analitika_2026,"На отечественный рынок <strong>больших</strong> <strong>данных</strong> и аналитических решений позитивно влияют несколько факторов, среди которых — импортозамещение, развитие технологии ..."
Berkeley DB,"""Большие данные"" Berkeley DB",https://aiew.ru/glossary/big-data/,"<strong>Большие</strong> <strong>данные</strong> (Big Data) — это термин, обозначающий обработку и анализ массивов информации, которые по объёму, скорости поступления и разнообразию выходят за р..."
Berkeley DB,"""Большие данные"" Berkeley DB",https://xn--80ad0ammb6f.reverso.net/%D0%B0%D0%BD%D0%B3%D0%BB%D0%B8%D0%B9%D1%81%D0%BA%D0%B8%D0%B9-%D1%80%D1%83%D1%81%D1%81%D0%BA%D0%B8%D0%B9/big+data,"Перевод Big data в направлении Английский-Русский словарь Reverso. Посмотрите также &quot;big data analytics&quot;, &quot;big data management&quot;, &quot;big data platform&quot;, &quot;big data mining&quot;, примеры, определение, спряжение"
Berkeley DB,"""Большие данные"" Berkeley DB",http://hrm.ru/db/hrm/D5822F7C1A57B5E944257C2B00433B9D/print.html,"Предисловие переводчика У меня двойственные чувства к статье: сколько не говори слово &quot;халва&quot;, слаще не становится. Или я не прав? Хочется уже чего-то гораздо ..."
Berkeley DB,"""Большие данные"" Berkeley DB",https://jetschool.az/ru/glossary/term/big-data-bolshie-dannye/,"Big Data (<strong>Большие</strong> <strong>Данные</strong>) — это наборы данных, объем, скорость и разнообразие которых настолько велики и сложны, что их невозможно управлять, хранить и"
Berkeley DB,Big Data Berkeley DB,https://bd.studentorg.berkeley.edu/,Big Data at Berkeley is <strong>a UC Berkeley student organization dedicated to promoting data science in our community through educational bootcamps and industry-level data consulting projects</strong>.
Berkeley DB,Big Data Berkeley DB,https://www2.eecs.berkeley.edu/Research/Areas/DBMS/,"Faculty and students at Berkeley have repeatedly defined and redefined the broad field of data management, combining deep intellectual impact with the birth of multi-billion dollar industries, including relational databases, RAID storage, scalable Internet search, and big data analytics. Berkeley also gave birth to many of the most widely-used open source systems in the field including INGRES, Postgres, BerkeleyDB, and Apache Spark. Today, our research continues to push the boundaries of data-centric computing, taking the foundations of data management to a broad array of emerging scenarios. Database group website: db.cs.berkeley.edu ·"
Berkeley DB,Big Data Berkeley DB,https://docs.oracle.com/cd/E17275_01/html/programmer_reference/intro_dbis.html,"The database library itself is quite compact (under 300 kilobytes of text space on common architectures), but <strong>it can manage databases up to 256 terabytes in size</strong>. It also supports high concurrency, with thousands of users operating on the same database at the same time."
Berkeley DB,Big Data Berkeley DB,https://oracle.com/database/berkeley-db/db.html,Lead the change with the only database that natively architects AI into your data everywhere.
Berkeley DB,Big Data Berkeley DB,https://sites.ischool.berkeley.edu/bdd/,"Students should be prepared to dissect, discuss, and replicate academic publications from several fields including development economics, machine learning, information science, and other social sciences. The course requires students to analyze complex and heterogeneous data. Students must have prior graduate training in machine learning, econometrics, or a related field. Professor: Joshua Blumenstock (jblumenstock@berkeley.edu) (pronouns: he/him/his)"
Berkeley DB,Big Data Berkeley DB,https://gitpiper.com/resources/big-data/embeddeddatabases/berkeleydb-a-software-library-that-provides,We cannot provide a description for this page right now
Berkeley DB,Big Data Berkeley DB,https://bd.studentorg.berkeley.edu/apply/,"Thank you for your interest in applying to Big Data at Berkeley (BDAB)! We are looking for individuals who want to be a part of one of our four departments: <strong>Bootcamp, Online Course, Projects, or Marketing</strong>. Each department has its own interview process which is independent of the other departments."
Berkeley DB,Big Data Berkeley DB,https://libdb.org/docs/db/5.3.28/gsg/C/introduction.html,"Welcome to Berkeley DB (DB). DB is <strong>a general-purpose embedded database engine that is capable of providing a wealth of data management services</strong>. It is designed from the ground up for high-throughput applications requiring in-process, bullet-proof management of mission-critical data."
Berkeley DB,Big Data Berkeley DB,https://aosabook.org/en/v1/bdb.html,"At the time of writing, Berkeley DB is <strong>the most widely used database toolkit in the world</strong>, with hundreds of millions of deployed copies running in everything from routers and browsers to mailers and operating systems."
Berkeley DB,Big Data Berkeley DB,https://berkeleyclubs.com/club/BigDataatBerkeley,BDAB has a dual purpose to <strong>provide data science education to high school students and data science consulting services to clients</strong>. Our Bootcamp department holds a seven-week in-person data science course called “Big Data Bootcamp” for high school students at UC Berkeley twice a year during ...
Berkeley DB,Big Data Berkeley DB,https://bd.berkeley.edu/,<strong>Big</strong> <strong>Data</strong> <strong>at</strong> <strong>Berkeley</strong> is a UC <strong>Berkeley</strong> student organization dedicated to promoting <strong>data</strong> science in our community through educational bootcamps and industry-level <strong>data</strong> consulting projects.
Berkeley DB,Big Data Berkeley DB,https://dzone.com/refcardz/getting-started-oracle,"Understand the Oracle <strong>Berkeley</strong> <strong>DB</strong> Family and Java Edition features along with the BDB JE APIs, persistent layer, and more."
Berkeley DB,Big Data Berkeley DB,https://www.linkedin.com/company/big-data-at-berkeley,"<strong>Big</strong> <strong>Data</strong> <strong>at</strong> <strong>Berkeley</strong> | 521 followers on LinkedIn. <strong>Data</strong> science consulting and education organization at UC <strong>Berkeley</strong>. <strong>|</strong> <strong>Big</strong> <strong>Data</strong> <strong>at</strong> <strong>Berkeley</strong> (BDAB), established in 2019, is one of the largest <strong>data</strong> science student organizations at UC <strong>Berkeley</strong>, comprising 75+ members across three departments ..."
Berkeley DB,Big Data Berkeley DB,https://medium.com/big-data-at-berkeley,A student org that promotes <strong>data</strong> science through bootcamps and industry-level <strong>data</strong> consulting
Berkeley DB,Big Data Berkeley DB,https://docs.janusgraph.org/storage-backend/bdb/,"The Oracle <strong>Berkeley</strong> <strong>DB</strong> Java Edition storage backend runs in the same JVM as JanusGraph and provides local persistence on a single machine. Hence, the BerkeleyDB storage backend requires that all of the graph <strong>data</strong> fits on the local disk and all of the frequently accessed graph elements fit into ..."
Berkeley DB,Big Data Berkeley DB,https://edoras.sdsu.edu/doc/BerkeleyDB/ref/arch/bigpic.html,"There are actually five major subsystems in <strong>Berkeley</strong> <strong>DB</strong>, as follows: ... The access methods subsystem provides general-purpose support for creating and accessing database files formatted as Btrees, Hashed files, and Fixed- and Variable-length records. These modules are useful in the absence ..."
Berkeley DB,Big Data Berkeley DB,https://www.usenix.org/legacy/event/usenix99/full_papers/olson/olson.pdf,"Similarly, <strong>Berkeley</strong> <strong>DB</strong> deﬁnes simple interfaces for · inserting, updating, and deleting records in a database."
Berkeley DB,Big Data Berkeley DB,https://www.facebook.com/bigdata.berkeley/,<strong>Big</strong> <strong>Data</strong> <strong>at</strong> <strong>Berkeley</strong>. 988 likes. <strong>Data</strong> science consulting and education organization at UC <strong>Berkeley</strong>.
Berkeley DB,Big Data Berkeley DB,https://apps.state.or.us/tech/berkeleyDB/gsg/CXX/introduction.html,"Welcome to <strong>Berkeley</strong> <strong>DB</strong> (<strong>DB</strong>). <strong>DB</strong> is a general-purpose embedded database engine that is capable of providing a wealth of <strong>data</strong> management services. It is designed from the ground up for high-throughput applications requiring in-process, bullet-proof management of mission-critical <strong>data</strong>."
Berkeley DB,Big Data Berkeley DB,https://apps.state.or.us/tech/berkeleyDB/ref/intro/dbis.html,<strong>Berkeley</strong> <strong>DB</strong>: An embedded database programmatic toolkit.
Berkeley DB,Big Data Berkeley DB,https://dsf.berkeley.edu/oldprojects.php,"<strong>Berkeley</strong> has been a leader in <strong>data</strong> systems research through 50 years of evolution · As <strong>data</strong> has become increasingly central to computing and society, our group&#x27;s charter and collaborations have expanded. Our research covers a wide range of topics in <strong>data</strong>-centric computing."
Berkeley DB,Big Data Berkeley DB,https://www.oracle.com/partners/campaign/index-085366.html,"<strong>Berkeley</strong> <strong>DB</strong> is a database engine that provides developers with fast, reliable, local persistence with zero administration. <strong>Berkeley</strong> <strong>DB</strong> is a library that links directly into your application. Your application makes simple function calls, rather than sending messages to a remote server, eliminating ..."
Berkeley DB,Big Data Berkeley DB,http://bdd-data.berkeley.edu/,Download the Datasets · Please download at User portal · Download Dataset · Please go to our discussion board with any questions on the BDD100K dataset usage and contact Fisher Yu for other inquiries
Berkeley DB,Big Data Berkeley DB,https://news.ycombinator.com/item?id=29290095,"BDB was impressive in that you’d file a bug with them &amp; they would have a patch for you by the next day. If you did the same thing with Oracle, stars would have to align even to get an ack · I think that’s because they kept BDB pretty simple. I happened to sit in a meeting with Margo Seltzer ..."
Berkeley DB,Big Data Berkeley DB,https://news.ycombinator.com/item?id=10150394,"By the time you have a working robust multi-client system, you have completely reinvented half of what an RDBMS provides, since you will have pushed most functionality into a central server to avoid the lack of robustness its embedded nature brings, to simplify coordination of recovery when ..."
Berkeley DB,Big Data Berkeley DB,https://callink.berkeley.edu/organization/bigdataatberkeley,"Discover unique opportunities at CalLink at UC <strong>Berkeley</strong>! Find and attend events, browse and join organizations, and showcase your involvement."
Berkeley DB,Big Data Berkeley DB,https://bd.studentorg.berkeley.edu/aboutus/,"Founded in 2019, <strong>Big</strong> <strong>Data</strong> <strong>at</strong> <strong>Berkeley</strong> is the premier <strong>data</strong> consulting and <strong>data</strong> science education organization on the UC <strong>Berkeley</strong> campus."
Berkeley DB,Big Data Berkeley DB,https://www.instagram.com/bigdata.berkeley/,"1,152 Followers, 232 Following, 219 Posts - <strong>Big</strong> <strong>Data</strong> <strong>at</strong> <strong>Berkeley</strong> (@bigdata.<strong>berkeley</strong>) on Instagram: &quot;Making <strong>data</strong> science accessible through education and consulting at UC <strong>Berkeley</strong>.&quot;"
Berkeley DB,Big Data Berkeley DB,https://web.mit.edu/Ghudson/dev/third/rpm/db/docs/ref/refs/bdb_usenix.html,"A single database managed by <strong>Berkeley</strong> <strong>DB</strong> can be up to 248 bytes, or 256 petabytes, in size. <strong>Berkeley</strong> <strong>DB</strong> uses the host filesystem as the backing store for the database, so large databases require <strong>big</strong> file support from the operating system."
Berkeley DB,Big Data Berkeley DB,https://oracle.com/technetwork/database/berkeleydb/overview/index-085366.html,"The Oracle <strong>Berkeley</strong> <strong>DB</strong> family of open source, embeddable databases provides developers with fast, reliable, local persistence with zero administration. Often deployed as an &#x27;edge&#x27; database, Oracle <strong>Berkeley</strong> <strong>DB</strong> provides very high performance, reliability, scalability, and availability for application ..."
Berkeley DB,Big Data Berkeley DB,https://www.oracle.com/technical-resources/articles/database/oracle-berkeley-db-storage-layer.html,"Incorporating <strong>Berkeley</strong> <strong>DB</strong> into your software application allows you to quickly and easily store application <strong>data</strong> in relational tables using SQL, as XML documents accessible using XQuery, as persistent graphs of Java objects, or as opaque unstructured <strong>data</strong> in key/value pairs accessible using ..."
Berkeley DB,Big Data Berkeley DB,https://bd.studentorg.berkeley.edu/courses/,Our <strong>Big</strong> <strong>Data</strong> Bootcamp and new online course are inspired by our mission to provide <strong>data</strong> science education for all.
Berkeley DB,Big Data Berkeley DB,https://web.stanford.edu/class/archive/cs/cs276a/cs276a.1032/projects/docs/berkeleydb/ref/arch/bigpic.html,"There are actually five major subsystems in <strong>Berkeley</strong> <strong>DB</strong>, as follows: ... The access methods subsystem provides general-purpose support for creating and accessing database files formatted as Btrees, Hashed files, and Fixed- and Variable-length records. These modules are useful in the absence ..."
Berkeley DB,Big Data Berkeley DB,https://bd.studentorg.berkeley.edu/index.html,<strong>Big</strong> <strong>Data</strong> <strong>at</strong> <strong>Berkeley</strong> is a UC <strong>Berkeley</strong> student organization dedicated to promoting <strong>data</strong> science in our community through educational bootcamps and industry-level <strong>data</strong> consulting projects.
Berkeley DB,Big Data Berkeley DB,https://bd.berkeley.edu/aboutus/,"Founded in 2019, <strong>Big</strong> <strong>Data</strong> <strong>at</strong> <strong>Berkeley</strong> is the premier <strong>data</strong> consulting and <strong>data</strong> science education organization on the UC <strong>Berkeley</strong> campus."
Berkeley DB,Big Data Berkeley DB,https://community.oracle.com/tech/developers/discussion/2463784/insert-data-to-berkeley-db-very-poor-performance-in-big-data,I have already held the 80G <strong>Berkeley</strong> <strong>DB</strong> file. I measure the average insert speed is 8ms for one record(32 byte key/100 byte value) without transaction.
Berkeley DB,Big Data Berkeley DB,https://web.deu.edu.tr/doc/berkeley/berkeleyDB/ref/intro/dbis.html,<strong>Berkeley</strong> <strong>DB</strong>: An embedded database programmatic toolkit.
Berkeley DB,Big Data Berkeley DB,https://www.crunchbase.com/organization/big-data-at-berkeley,<strong>Big</strong> <strong>Data</strong> <strong>at</strong> <strong>Berkeley</strong> is a student organization that provides <strong>data</strong> science education and consulting services.
Berkeley DB,Big Data Berkeley DB,https://web.stanford.edu/class/archive/cs/cs276a/cs276a.1032/projects/docs/berkeleydb/reftoc.html,<strong>Berkeley</strong> <strong>DB</strong>: An embedded database programmatic toolkit.
Berkeley DB,Big Data Berkeley DB,https://www.usenix.org/legacy/events/usenix99/full_papers/olson/olson.pdf?q=db,"Similarly, <strong>Berkeley</strong> <strong>DB</strong> deﬁnes simple interfaces for · inserting, updating, and deleting records in a database."
Berkeley DB,Big Data Berkeley DB,https://link.springer.com/chapter/10.1007/978-1-4302-0317-9_1,There exist only a few pieces of software that are so versatile and so well engineered that they can be used with ease in applications as diverse as a simple web browser and a highly sophisticated telecom switch connecting millions of calls every hour. <strong>Berkeley</strong> <strong>DB</strong> is...
Berkeley DB,Big Data Berkeley DB,https://amplab.cs.berkeley.edu/tag/big-data/,"Anand Padmanabha Iyer, Li Erran Li, Tathagata Das, Ion Stoica Graph <strong>Data</strong>-management Experiences &amp; Systems (GRADES), Jun. 2016. Tags: <strong>Big</strong> <strong>Data</strong>, graph, graph analytics, graph processing"
Berkeley DB,Big Data Berkeley DB,https://dblp.org/rec/conf/wsdm/Franklin15.html,Bibliographic details on Making Sense of <strong>Big</strong> <strong>Data</strong> with the <strong>Berkeley</strong> <strong>Data</strong> Analytics Stack.
Berkeley DB,Big Data Berkeley DB,https://technology.berkeley.edu/database,Loading · Skip to page content
Berkeley DB,Big Data Berkeley DB,https://dl.acm.org/doi/10.1145/2684822.2685326,"The lab is realizing its ideas ... the <strong>Berkeley</strong> <strong>Data</strong> Analytics Stack. In the four years the lab has been in operation, we&#x27;ve released major components of BDAS. Several of these components have gained significant traction in industry and elsewhere: the Mesos cluster resource manager, the Spark in-memory computation framework, and the Shark query processing system. BDAS features prominently in many industry discussions of the future of the <strong>Big</strong> <strong>Data</strong> analytics ..."
Berkeley DB,"""Big Data"" Berkeley DB",https://bigdata-berkeley.medium.com/,Read writing from Big Data at Berkeley on Medium. Access our full publication! https://medium.com/big-data-at-berkeley
Berkeley DB,"""Big Data"" Berkeley DB",https://amplab.cs.berkeley.edu/benchmark/,"The scale factor is defined such that each node in a cluster of the given size will hold ~25GB of the UserVisits table, ~1GB of the Rankings table, and ~30GB of the web crawl, uncompressed. The datasets are encoded in TextFile and SequenceFile format along with corresponding compressed versions. They are available publicly at s3n://big-data-benchmark/pavlo/[text|text-deflate|sequence|sequence-snappy]/[suffix]."
Berkeley DB,"""Big Data"" Berkeley DB",https://begin.berkeley.edu/resources/berkeley-institute-of-data-science/,"BIDS is <strong>a central hub of data-intensive research, open source software, and data science training programs at UC Berkeley</strong>. Our programs and initiatives are designed to facilitate collaboration across an…"
Berkeley DB,"""Big Data"" Berkeley DB",https://biddata.berkeley.edu/,Welcome to the BID <strong>Data</strong> Project! Here you will find resources for the fastest <strong>Big</strong> <strong>Data</strong> tools on the Web. See our Benchmarks on github.
Berkeley DB,"""Big Data"" Berkeley DB",https://www.icsi.berkeley.edu/icsi/projects/big-data,"Researchers from Lawrence <strong>Berkeley</strong> Laboratory, UC <strong>Berkeley</strong>, and ICSI are developing and applying new statistics and machine learning algorithms that can operate on real-world datasets produced by a diverse range of experimental and observational facilities. This is a critical capability in facilitating <strong>big</strong> ..."
Berkeley DB,"""Big Data"" Berkeley DB",https://medium.com/big-data-at-berkeley/why-we-started-big-data-at-berkeley-9a2541a84f25,"Why we started <strong>Big</strong> <strong>Data</strong> <strong>at</strong> <strong>Berkeley</strong> By Melissa Wong and Smruthi Balajee What even is <strong>data</strong> science? Buzzwords like machine learning, artificial intelligence, and <strong>data</strong> analytics are tossed around in …"
Berkeley DB,"""Big Data"" Berkeley DB",https://www.ischool.berkeley.edu/courses/info/288,"As new sources of digital <strong>data</strong> proliferate in developing economies, there is the exciting possibility that such <strong>data</strong> could be used to benefit the world’s poor. Through a careful reading of recent research and through hands-on analysis of large-scale datasets, this course introduces students ..."
Berkeley DB,"""Big Data"" Berkeley DB",https://www.institutedata.com/us/ds-berkeley-data-science-program/,"Transition your career into <strong>Berkeley</strong> <strong>Data</strong> Science Program with practical training, industry certification, and job placement."
Berkeley DB,"""Big Data"" Berkeley DB",https://www.ischool.berkeley.edu/courses/datasci/2024/fall,"The UC <strong>Berkeley</strong> School of Information is a global bellwether in a world awash in information and <strong>data</strong>, boldly leading the way with education and fundamental research that translates into new knowledge, practices, policies, and solutions. The I School offers three master’s degrees and an academic ..."
MemcacheDB,Большие данные MemcacheDB,https://ru.bmstu.wiki/MemcacheDB,"По скорости доступа к данным memcacheDB стоит на уровне того же memcache и сравнимо с специализированными базами данных, например, CouchDB, а в цифрах это составляет десятки тысяч операций записи и чтения в секунду."
MemcacheDB,Большие данные MemcacheDB,https://ru.stackoverflow.com/questions/715786/memcached-%D0%BD%D0%B5-%D0%BF%D1%80%D0%B8%D0%BD%D0%B8%D0%BC%D0%B0%D0%B5%D1%82-%D0%B1%D0%BE%D0%BB%D1%8C%D1%88%D0%B8%D0%B5-%D0%B4%D0%B0%D0%BD%D0%BD%D1%8B%D0%B5,В вашем случае обычные БД вроде MySQL будут работать быстрее хотя бы потому что им не нужно загружать в память весь набор данных при каждом запросе.
MemcacheDB,Большие данные MemcacheDB,https://ru.stackoverflow.com/questions/11616/%D0%9A%D0%B0%D0%BA-%D0%B8%D0%B7%D0%BC%D0%B5%D0%BD%D0%B8%D1%82%D1%8C-%D1%80%D0%B0%D0%B7%D0%BC%D0%B5%D1%80-%D0%BF%D0%B0%D0%BC%D1%8F%D1%82%D0%B8-memcached,<strong>По умолчанию memcached использует до 64 Мб памяти</strong>. Можно из командной строки задать размер опцией -m: memcached -p 11211 -u nobody -l 127.0.0.1 -m 128 -d Но после ...
MemcacheDB,Большие данные MemcacheDB,https://smira.ru/posts/20090121data-structures-in-memcached-memcachedb.html,"Достаточно часто нам приходится хранить данные в memcached или MemcacheDB. Это могут быть относительно простые данные, например, закэшированные выборки из базы данных, ..."
MemcacheDB,Большие данные MemcacheDB,https://qna.habr.com/q/2632,"А обьекты которые умерли «от старости» сюда не считаются — такчто ничего удивительного что инфы отдано больше чем есть в памяти — просто некоторая инфа успела сменится. Ну и про сам мемкеш — вы сами можете выставить его обьем и время жизни обьектов ... memcache хранит данные полностью в оперативной памяти и, если мне память не изменяет, ему пофигу на размер данных под ключом."
MemcacheDB,Большие данные MemcacheDB,https://ru.stackoverflow.com/questions/214469/memchached-%D0%9A%D1%83%D0%B4%D0%B0-%D1%81%D0%BE%D1%85%D1%80%D0%B0%D0%BD%D1%8F%D1%8E%D1%82%D1%81%D1%8F-%D0%B4%D0%B0%D0%BD%D0%BD%D1%8B%D0%B5,"52711 золотой знак1010 ...ивной памяти, &quot;не хорошо&quot;? ... 1. <strong>Не желательно хранить большие объемы данных</strong>...."
MemcacheDB,Большие данные MemcacheDB,https://eax.me/memcached/,"Например, через тот же модуль Cache::Memcached можно работать с MemcacheQ, MemcacheDB, а также Tarantool/Box. Но это — темы для отдельных заметок. В отношении Memcached справедливы следующие утверждения: Все данные хранятся в памяти для ускорения чтения-записи (не забудьте отключить swap!);"
MemcacheDB,Большие данные MemcacheDB,https://ru.stackoverflow.com/questions/759860/memcached-%D1%81%D0%BE%D1%85%D1%80%D0%B0%D0%BD%D0%BD%D0%BE%D1%81%D1%82%D1%8C-%D0%B4%D0%B0%D0%BD%D0%BD%D1%8B%D1%85-%D0%B2-%D0%9E%D0%97%D0%A3,"Если процессом-жертвой OOM-киллера окажется memcached, то, разумеется, данные потеряются. Причём в типичной грамотно настроенной системе сработает механизм автоматического перезапуска memcached."
MemcacheDB,Большие данные MemcacheDB,https://highload.guide/blog/using-memcached-and-redis.html,"Понятно, что полезно кэшировать часто запрашиваемые данные, т.е. если у нас какой то маленький садик и там 100 пользователей в час, то большой нагрузки на базу не будет, и кэширование будет малоэффективно."
MemcacheDB,Большие данные MemcacheDB,https://habr.com/ru/post/42607/,"В случае оперативной памяти это означает, что если программа работает с данными, находящимися по адресу 100, то с большей степенью вероятности следующее обращение будет по адресу 101, 102 и т.п., а не по адресу 10000, например."
MemcacheDB,Большие данные MemcacheDB,https://highload.guide/blog/caching-data-in-web-applications.html,"Это физическое ограничение – <strong>memcached не может создать данные больше, чем одна страница</strong>. И, в итоге, все страницы побиты на чанки, это то, ..."
MemcacheDB,Большие данные MemcacheDB,https://www.opennet.ru/base/dev/memcached_tips.txt.html,"Буфер жесткого диска удовлетворяет запросы за данными на порядки быстрее самого жесткого диска, однако буфер не обладает свойством запоминать данные при отключении питания - в этом смысле он хуже самого устройства."
MemcacheDB,Большие данные MemcacheDB,https://www.linux.org.ru/news/development/15577091,"Extstore позволяет использовать внешние Flash- или SSD-накопителя для увеличения размера кэша. Это позволит кешировать гораздо большие объемы данных, чем без использования этой функции."
MemcacheDB,Большие данные MemcacheDB,https://habr.com/ru/company/oleg-bunin/blog/316652/,"Понятно, что полезно кэшировать часто запрашиваемые данные, т.е. если у нас какой то маленький садик и там 100 пользователей в час, то большой нагрузки на базу не будет, и кэширование будет малоэффективно."
MemcacheDB,Большие данные MemcacheDB,https://habr.com/ru/articles/50243/,"Достаточно часто нам приходится хранить данные в memcached или MemcacheDB . Это могут быть относительно простые данные, например, закэшированные выборки из базы данных, а иногда необходимо хранить и..."
MemcacheDB,Большие данные MemcacheDB,https://habr.com/ru/articles/122094/,"#для большого будет ошибка обработки too long.... Особенно удобно видеть реальное количество «живых» сессий, которые у нас тоже лежат в мемкеше. Остается добавить: на рабочем сервере раз в день убивает около 850-1000 Mb данных ключей (из 2Гб выделенных) и у меня почти всегда есть реальные данные о состоянии memcached."
MemcacheDB,Большие данные MemcacheDB,https://xakep.ru/2018/03/30/memcached-dos/,"В конце февраля этого года GitHub подвергся мощнейшей DoS-атаке с пиковой мощностью 1 Тбайт/с. Атака стала возможна из-за особенностей кеширующей базы данных Memcached. Помимо GitHub, ее используют Facebook, LiveJournal и другие большие сайты."
MemcacheDB,Большие данные MemcacheDB,https://zinvapel.github.io/it/tools/2017/11/27/cache/,"Некоторые данные могут запрашиваться несколько раз в рамках одной страницы, каждый вызов будет получать данные из кэша. Если Memcache стоит на отдельном сервере, это вызовет большой сетевой трафик и задержки."
MemcacheDB,Большие данные MemcacheDB,https://stackoverflow.com/questions/215274/opinions-about-using-memcachedb-as-a-large-scale-key-value-store,"We need to implement a large-scale key-value store (let&#x27;s say up to 500GB) and BerkeleyDB seemed like it might be a decent option, but we would really like it to be network accessible. This led me to look at memcachedb."
MemcacheDB,Большие данные MemcacheDB,https://valera.ws/2008.08.09~memcached/,"Это касается ,больших объектов, которые используются при каждом запросе страницы сайта, и время инициализации которых довольно значительное, а так же кэширование данных, на получение которых уходит длительное время (например получение информации от других серверов из сети)."
MemcacheDB,Большие данные MemcacheDB,https://github.com/pozitronik/cache,Класс для работы с MySQL через memcached. Contribute to pozitronik/cache development by creating an account on GitHub.
MemcacheDB,Большие данные MemcacheDB,https://ru.stackoverflow.com/questions/411400/%d0%9f%d1%80%d0%be%d0%b1%d0%bb%d0%b5%d0%bc%d0%b0-%d1%81-memcached,"Народ, продолжение вопроса. Прошу еще подсказать, где может быть косяк. Реализовал хранение сессии в memcached. Пишу в сессию Session::put(&#x27;key&#x27;,&#x27;value&#x27;), причем внутри метода, в ..."
MemcacheDB,Большие данные MemcacheDB,https://memcachedb.org/memcached-performance/,"Optimize Memcached performance with advanced tuning techniques. Learn about memory allocation, connection pooling, and scaling strategies."
MemcacheDB,Большие данные MemcacheDB,https://dev.1c-bitrix.ru/learning/course/?COURSE_ID=35&LESSON_ID=2725&LESSON_PATH=3906.6663.4750.2725,"Кеш в оперативной памяти Кеш в оперативной памяти --!&gt; memcached сервер - сервер, позволяющий сохранять кеш не в файлах, а в оперативной п..."
MemcacheDB,Большие данные MemcacheDB,https://beget.com/ru/kb/how-to/services/nastrojka-i-ispolzovanie-memcached,"Узнайте, как установить и настроить сервис кеширования <strong>данных</strong> Memcached для популярных CMS: Битрикс, WordPress, Joomla, ModX и Drupal"
MemcacheDB,Большие данные MemcacheDB,https://en.wikipedia.org/wiki/Memcached,"Therefore, clients must treat Memcached as a transitory cache; they cannot assume that data stored in Memcached is still there when they need it. Other databases, such as <strong>MemcacheDB</strong>, Couchbase Server, provide persistent storage while maintaining Memcached protocol compatibility."
MemcacheDB,Большие данные MemcacheDB,https://highload.guide/blog/web-caching-memcached.html,"Эта статья была написана на основе материалов одноименного доклада на конференции HighLoad++ (2008). Для начала, о названии статьи: в статье пойдет речь и о кэшировании ..."
MemcacheDB,Большие данные MemcacheDB,https://qna.habr.com/q/822345,"Храню сессии в ФС. Для авторизованных пользователей - в одной папке, для неавторизованных - в другой. В папке неавторизованных демоном хожу и удаляю старые сессии."
MemcacheDB,Большие данные MemcacheDB,https://qna.habr.com/q/425954,"Приветствую знатоки! Есть такой скромный вопрос: Как рассчитать кол-во RAM для memcached? Есть сервер на Debian 8.8 у которого 64 Гб озу. На сервере 10 сайтов, под управлением ..."
MemcacheDB,Большие данные MemcacheDB,https://aws.amazon.com/elasticache/what-is-memcached/,"Memcached is an open source, distributed, in-memory key-value store. Learn how Memcached works and how you can use it as a cache or session store to speed up your applications."
MemcacheDB,Большие данные MemcacheDB,https://dev.1c-bitrix.ru/learning/course/index.php?COURSE_ID=48&LESSON_ID=2725&LESSON_PATH=3918.4635.4750.2725,"Кеш в оперативной памяти Кеш в оперативной памяти --!&gt; memcached сервер - сервер, позволяющий сохранять кеш не в файлах, а в оперативной п..."
MemcacheDB,Большие данные MemcacheDB,https://memcached.org/,"Free &amp; open source, high-performance, distributed memory object caching system, generic in nature, but intended for use in speeding up dynamic web applications by alleviating database load · Memcached is an in-memory key-value store for <strong>small</strong> chunks of arbitrary data (strings, objects) from ..."
MemcacheDB,Большие данные MemcacheDB,https://journal.sweb.ru/article/optimizatsiya-raboty-s-bazoy-dannyh-s-pomoschyu-memcached,"Рассмотрим,что такое Memcached, как установить и настроить расширение PHP Memcached на Bitrix, Wordpress и других популярных CMS."
MemcacheDB,Большие данные MemcacheDB,https://support.servbay.com/database-management/getting-started/memcached-management-and-usage,"Learn how to easily manage and use Memcached caching within the ServBay local web development environment. Optimize your web application performance by leveraging Memcached for data caching, including installation, configuration, connection methods, basic usage, and best practices."
MemcacheDB,Большие данные MemcacheDB,https://dizballanze.com/ru/khranilishcha-dannykh-v-nodejs-memcachedb/,"<strong>Memcachedb</strong> - это key-value база <strong>данных</strong>, основанная на memcached. Для тех, кто работал с memcached, начало работы с <strong>memcachedb</strong> не будет требовать особых усилий, т.к. они используют общее API."
MemcacheDB,Большие данные MemcacheDB,https://habr.com/ru/articles/50247/,"Продолжение статьи про структуры <strong>данных</strong> в memcached. В этой завершающей части мы рассмотрим еще три структуры <strong>данных</strong>: лог событий, массив и таблицу."
MemcacheDB,Большие данные MemcacheDB,https://web-creator.ru/technologies/memcached,"Memcached — хранилище «ключ-значение», которое часто используют как сервис кеширования <strong>данных</strong>. Хранит <strong>данные</strong> в оперативной памяти на основе хеш-таблицы, что позволяет ..."
MemcacheDB,Большие данные MemcacheDB,https://habr.com/ru/companies/oleg-bunin/articles/316652/,"Вячеслав Москаленко (Ленвендо) Я буду рассказывать вам об инструментах высоконагруженных проектов, кэшировании, в частности, о memcached, Redis-е и о сервисе очередей ..."
MemcacheDB,Большие данные MemcacheDB,https://habr.com/ru/articles/43735/,"Серия постов про “Web, кэширование и memcached” продолжается. Начало здесь: 1 , 2 , 3 , 4 и 5 . В этих постах мы поговорили о memcached, его архитектуре, возможном применении, выборе ..."
MemcacheDB,Большие данные MemcacheDB,https://dbpedia.org/page/MemcacheDB,Distributed key-value storage system designed for persistent
MemcacheDB,Большие данные MemcacheDB,https://habr.com/ru/post/50243/,"Memcached и <strong>MemcacheDB</strong> <strong>в</strong> <strong>данной</strong> статье рассматриваются вместе, потому что имеют общий интерфейс доступа и логика работы <strong>большей</strong> части структур <strong>данных</strong> будет одинаковой, ..."
MemcacheDB,Большие данные MemcacheDB,https://m.habr.com/en/post/126418,"удаляем мьютекс Из ... <strong>данных</strong>. Для нормальных разработчиков: Redis, <strong>MemcacheDB</strong> и им подобные, нам же еще предстоит переписать это чудо. С помощью этого алгоритма Memcache может быть использован даже как Gearman. Недостатки самого кэширующего сервера остаются, но в большинстве случаев ..."
MemcacheDB,Большие данные MemcacheDB,https://www.stableit.ru/2009/03/mysql-vs-memcachedb.html,"Блог об администрировании, программировании и техническом менеджменте!"
MemcacheDB,Большие данные MemcacheDB,https://hackerx.ru/memcached-nosql/,"Подробное руководство Memcached хранилище <strong>данных</strong> типа NoSQL. Уроки для начинающих, примеры использование. Как хранить <strong>данные</strong> в оперативной памяти"
MemcacheDB,Большие данные MemcacheDB,https://qna.habr.com/q/593755,"Ответили на вопрос 1 человек. Оцените лучшие ответы! И подпишитесь на вопрос, чтобы узнавать о появлении новых ответов."
MemcacheDB,Большие данные MemcacheDB,https://web-creator.ru/technologies/webdev/legacy/memcached,"Memcached — хранилище «ключ-значение», которое часто используют как сервис кеширования <strong>данных</strong>. Хранит <strong>данные</strong> в оперативной памяти на основе хеш-таблицы, что позволяет ..."
MemcacheDB,Большие данные MemcacheDB,https://smira.ru/posts/20081016web-caching-memcached-1.html,Этим постом хочу открыть небольшую серию постов по материалам доклада на HighLoad++-2008. Впоследствии весь текст будет опубликован в виде одной <strong>большой</strong> PDF-ки.
MemcacheDB,Большие данные MemcacheDB,https://klisl.com/memcache.html,Memcache - кэширование <strong>данных</strong> в оперативной памяти.
MemcacheDB,Большие данные MemcacheDB,https://artkiev.com/blog/memcachedb-in-node-js.htm,"<strong>Memcachedb</strong> – это ключ-значение база <strong>данных</strong>, основанная на memcached (memcached — связующее программное обеспечение, реализующее сервис кэширования <strong>данных</strong> в оперативной памяти ..."
MemcacheDB,Большие данные MemcacheDB,https://habr.com/ru/post/245135/,"Доброго времени суток, дорогой %habrauser%! Ниже небольшой набор тестов, показывающих статистику по вставке/чтению в/из таблицы/коллекции. Понятно, что никакой тест ..."
MemcacheDB,Большие данные MemcacheDB,https://wiki.moguta.ru/faq/rabota-s-produktom/kak-nastroit-keshirovanie-memcache,"Как настроить Memcache кэширование - ​Как настроить Memcache кэширование memcached — программное обеспечение, реализующее сервис кэширования <strong>данных</strong> в оперативной памяти ..."
MemcacheDB,Большие данные MemcacheDB,https://web-creator.ru/articles/accelerate_site_memcached,"Memcached — это хранилище «ключ =&gt;значение», использование которого очень эффективно для ускорения работы сайта или веб-приложения."
MemcacheDB,Большие данные MemcacheDB,https://ru.stackoverflow.com/questions/38560/memcached-vs-memcache,"Прошу прощения за, возможно, очевидный вопрос, но я только начал смотреть в сторону этих инструментов. Знаю только что один старый, а другой новый."
MemcacheDB,Большие данные MemcacheDB,http://netwild.ru/memcached-stats/,Установка memcache на debian и настройка мониторинга его показателей
MemcacheDB,Большие данные MemcacheDB,https://ru.stackoverflow.com/questions/411400/%D0%9F%D1%80%D0%BE%D0%B1%D0%BB%D0%B5%D0%BC%D0%B0-%D1%81-memcached,"Народ, продолжение вопроса. Прошу еще подсказать, где может быть косяк. Реализовал хранение сессии в memcached. Пишу в сессию Session::put(&#x27;key&#x27;,&#x27;value&#x27;), причем внутри метода, в ..."
MemcacheDB,Большие данные MemcacheDB,https://memcachedb.org/database-cache-layer/,"Database cache layer design patterns for reducing query load. Learn about query caching, object caching, and cache-aside strategies."
MemcacheDB,Большие данные MemcacheDB,https://tproger.ru/articles/kak-ispolzovat-servery-redis-i-memcached-dlya-kewirovaniya,Что такое кэширование. Показываем основные способы использовать серверы Redis и Memcached для кэширования. Рассматриваем пошаговую инструкцию ✔ Tproger
MemcacheDB,Большие данные MemcacheDB,https://ru-highload.livejournal.com/45629.html,"Добрый день! Наблюдаю следующую ситуацию. В кеше хранится два массива PHP: 80 Кб и 50 Кб, соответственно + 2 флажка. Рабочий PHP-скрипт подключается к мемкешу и выбитает ..."
MemcacheDB,Большие данные MemcacheDB,https://memcachedb.org/server-cache-benchmark/,Server cache benchmark methodology and analysis. Learn how to measure cache performance and compare caching solutions effectively.
MemcacheDB,Большие данные MemcacheDB,https://ru.stackoverflow.com/questions/1229694/%D0%97%D0%B0%D1%87%D0%B5%D0%BC-mongodb-%D0%B8-memcached-%D0%B5%D1%81%D0%BB%D0%B8-%D0%B5%D1%81%D1%82%D1%8C-lru-cashe-cashe-cached-property-%D0%B2-%D0%BC%D0%BE,"Нужен &quot;философский&quot; ответ с небольшим примером, если понадобится. Видимо, я не все знаю о MongoDB. Его основное предназначение - как я понимаю - кеширование <strong>данных</strong>, чтобы ..."
MemcacheDB,"""Большие данные"" MemcacheDB",https://piterpy.com/archive/2023/talks/43620c3eac18489e83d957b66a3ab79d/,"Process Mining набирает обороты, и специалисты по работе с <strong>данными</strong> стремятся помочь бизнесу получать инсайты из хаотичных действий пользователей и строить красивые ..."
MemcacheDB,Big Data MemcacheDB,https://memcachedb.org/,"MemcacheDB is <strong>a distributed key-value storage system designed for persistent</strong>. It is NOT a cache solution, but a persistent storage engine for fast and reliable key-value based object storage and retrieval. It conforms to memcache protocol(not completed, see below), so any memcached client can ..."
MemcacheDB,Big Data MemcacheDB,https://dbdb.io/db/memcached,"In Memcached, <strong>everything is stored in memory, since it is intended for caching objects stored in a disk-oriented database</strong>. By storing everything in memory, it achieved the needed latency and speed."
MemcacheDB,Big Data MemcacheDB,https://www.researchgate.net/publication/4331944_Using_Memcached_for_Data_Distribution_in_Industrial_Environment,"Experimental evaluation shows that the methodology is powerful enough not only to enhance the data availability, but also to improve the server’s scalability. ... Keith C.C. Chan ... Big Data continues to be one of the hottest topics in the computer science field and itself takes many forms."
MemcacheDB,Big Data MemcacheDB,https://en.wikipedia.org/wiki/MemcacheDB,"It was developed by Steve Chu and Howard Chu. The main difference between MemcacheDB and memcached is that MemcacheDB has its own key-value database system. based on Berkeley DB, so it is meant for persistent storage rather than limited to a non-persistent cache."
MemcacheDB,Big Data MemcacheDB,https://github.com/stvchu/memcachedb,"MemcacheDB uses Berkeley DB as a storing backend, so lots of features including transaction and replication are supported. Features ******** * High performance read/write for a key-value based object * High reliable persistent storage with transaction * High availability data storage with replication * Memcache protocol compatibility Supported memcache commands *************************** get(also mutiple get) set, add, replace append/prepend incr, decr delete stats Private commands **************** rget db_checkpoint db_archive rep_set_priority stats rep stats repmgr stats repms Some Warning ************ Expire time has been discarded in MemcacheDB(we are for persistent:p), so you should not use any corresponding features of clients."
MemcacheDB,Big Data MemcacheDB,https://amp.ww.en.freejournal.org/22395244/1/memcachedb.html,"The main difference between MemcacheDB and memcached is that MemcacheDB has its own key-value database system based on Berkeley DB, so it is meant for persistent storage rather than limited to a non-persistent cache. A version of MemcacheDB using Lightning Memory-Mapped Database is also available, offering greater performance."
MemcacheDB,Big Data MemcacheDB,https://adam.herokuapp.com/past/2010/7/19/memcached_a_database/,"MongoDB offers capped collections and Redis offers expiring keys; in both of these cases, the fact that the data does not persistent forever is a feature. Memcached is a datastore which has extreme transience as a feature. How many times have application developers written nightly cron jobs to clean up old session data from their SQL datastore?"
MemcacheDB,Big Data MemcacheDB,https://www.odbms.org/wp-content/uploads/2013/11/memcachedb-guide-1.0.pdf,"‘-H &lt;dir&gt;’ env home of database, default is /data1/memcachedb · ‘-L &lt;num&gt;’ log buﬀer size in kbytes, default is 32KB · ‘-C &lt;num&gt;’ do checkpoint every XX seconds, 0 for disable, default is 60s · ‘-D &lt;num&gt;’ do deadlock detecting every XXX millisecond, 0 for disable, default is 100ms · ‘-N’ enable DB TXN NOSYNC to gain big performance ·"
MemcacheDB,Big Data MemcacheDB,https://github.com/LMDB/memcachedb,"What is MemcacheDB? ******************* MemcacheDB is <strong>a distributed key-value storage system designed for persistence</strong>. It is NOT a cache solution, but a persistent storage engine for fast and reliable key-value based object storage and retrieval."
MemcacheDB,Big Data MemcacheDB,https://ieeexplore.ieee.org/document/7352511/,Memcached is <strong>a data caching system which well known as in-memory database that provide faster data access compare with on-disk database</strong>. Persistency support in Memcached can be built by unification between Memcached as in-memory database and ...
MemcacheDB,Big Data MemcacheDB,https://stackoverflow.com/questions/14907457/how-large-data-can-memcached-handle-efficiently,"<strong>Memcached is more or less only limited by available (free) memory in the number of servers you run it on</strong>. The more memory, the more data fits, and since it uses fairly efficient in-memory indexes, you won&#x27;t really see performance degrade in ..."
MemcacheDB,Big Data MemcacheDB,https://stackoverflow.com/questions/tagged/memcachedb,"I am trying to load a huge amount of data into memcachedb. I am running some queries on MySQL database, and I want to store the results of these queries in memcachedb for later easy access."
MemcacheDB,Big Data MemcacheDB,https://opensource-it.com/memcachedb/amp/,"It conforms to memcache protocol(not completed, see below), so any memcached client can have connectivity with it. MemcacheDB uses Berkeley DB as a storing backend, so lots of features including transaction and replication are supported. Key-Value store NOSQL NOSQL database NOSQL databases"
MemcacheDB,Big Data MemcacheDB,https://gist.github.com/andybeak/171f4c358debcc304462,"Storing large values in Memcached. GitHub Gist: instantly share code, notes, and snippets."
MemcacheDB,Big Data MemcacheDB,https://fewbar.com/2008/06/using-memcachedb-and-memcached-make-things-scale/,"So to combat this, what is really needed is a persistent place to keep your data up to date when it is needed in an extremely high reads to write ratio. Thats where memcachedb is so attractive. Instead of keeping everything in RAM, memcachedb stores anything you put into it in a berkeleydb database."
MemcacheDB,Big Data MemcacheDB,https://medium.com/@humberto521336/what-is-memcached-ecfc23b5a8f2,"<strong>It stores data in memory, allowing for fast access, and can be used to cache the results of database queries, API calls, and other expensive operations</strong>."
MemcacheDB,Big Data MemcacheDB,https://en.wikipedia.org/wiki/Memcachedb,<strong>MemcacheDB</strong> (pronunciation: mem-cash-dee-bee) is a persistence enabled variant of memcached. <strong>MemcacheDB</strong> has not been actively maintained since 2009. It is a general-purpose distributed memory caching system often used to speed up dynamic database-driven websites by caching <strong>data</strong> and objects in memory.
MemcacheDB,Big Data MemcacheDB,https://memcached.org/blog/nvm-caching/,"Cache objects that used to be too expensive: create new pools with larger objects, caching precomputed <strong>data</strong> <strong>from</strong> <strong>big</strong> <strong>data</strong> stores, machine learning training <strong>data</strong>, and so on."
MemcacheDB,Big Data MemcacheDB,https://www.alibabacloud.com/tech-news/a/memcached/gu2nz66fuk-memcached-and-big-data-accelerating-analysis,"In the world of <strong>Big</strong> <strong>Data</strong>, speed and efficiency of <strong>data</strong> analysis are of the essence. Memcached, an open-source, high-performance distributed memory object caching system, plays a pivotal role in accelerating this process. It significantly improves the performance of dynamic web applications ..."
MemcacheDB,Big Data MemcacheDB,https://stackoverflow.com/questions/24318814/memcached-vs-a-db-based-key-value-table,"Which is faster? A two column select to a traditional db or a query to memcached? If the db query is roughly as fast, why bother with adding another layer to your stack (assuming you don&#x27;t care ab..."
MemcacheDB,Big Data MemcacheDB,https://memcachedb.org/memcached-guide/,"Complete Memcached implementation guide for developers. Learn installation, configuration, and best practices for production environments."
MemcacheDB,Big Data MemcacheDB,https://stackoverflow.com/questions/11809266/mysql-memcached-for-large-datasets,For a customer I am currently investigating improvements to their database structure. My customer offers holiday rentals on their website. On their front page they have a search function wich se...
MemcacheDB,Big Data MemcacheDB,https://nowlab.cse.ohio-state.edu/projects/31/,"Apache Hadoop and Spark are gaining prominence in handling <strong>Big</strong> <strong>Data</strong> and analytics. Similarly, Memcached in Web 2.0 environment is becoming important for large-scale query processing. These middleware are traditionally written with sockets and do not deliver best performance on datacenters with ..."
MemcacheDB,Big Data MemcacheDB,https://medium.com/swlh/what-is-memcached-d1498623db3b,"What is Memcached? Memcached is a free and open-source high-performance memory caching system. It’s typically used to cache database <strong>data</strong>, API calls or page rendering chunks in RAM to increase the …"
MemcacheDB,Big Data MemcacheDB,https://stackoverflow.com/questions/1403936/how-to-implement-memcached-using-a-database,"As far as I know, memcached runs in-memory and does not have a persistent backing-store. Currently my team is not ready yet to use memcached. So, I plan to write a simple database backed alternat..."
MemcacheDB,Big Data MemcacheDB,https://aws.amazon.com/memcached/,"Memcached is an open source, distributed, in-memory key-value store. Learn how Memcached works and how you can use it as a cache or session store to speed up your applications."
MemcacheDB,Big Data MemcacheDB,https://groups.google.com/g/reviewboard/c/H0evVOJUPpY,"Provided your machine can handle it, i believe you can do this when starting memcache by setting the max memory to use for items higher. I do this as so: /usr/local/bin/memcached -d -m 2048 -l 127.0.0.1 -u memcache By the way, if you are using RB with really large diffs (I believe you said ..."
MemcacheDB,Big Data MemcacheDB,https://medium.com/@andrewmcgrath/using-memcached-79bdaa3c6754,"I’m the CTO and Co-founder of Checkout51.com, a grocery coupon website that uses <strong>data</strong> collected on receipts to verify your purchases and…"
MemcacheDB,Big Data MemcacheDB,https://docs.memcached.org/,"Free &amp; open source, high-performance, distributed memory object caching system, generic in nature, but intended for use in speeding up dynamic web applications by alleviating database load. Memcached is an in-memory key-value store for small arbitrary <strong>data</strong> (strings, objects) from results of ..."
MemcacheDB,Big Data MemcacheDB,https://stackoverflow.com/questions/44762384/caching-large-file-with-memcached,"I have a problem I am trying to cache an array php with many <strong>data</strong> with memcached , when I try to store the array memcached return a code which is 37 so I found on google that 37 code is 37 ="
MemcacheDB,Big Data MemcacheDB,https://docs.acquia.com/acquia-cloud-platform/help/93046-memcached-detail,"53 State Street, 10th Floor Boston, MA 02109 United States Phone: 888-922-7842 · Note: This article only covers Acquia’s non-Kubernetes version of Acquia Cloud infrastructure, referred to as Cloud Classic"
MemcacheDB,Big Data MemcacheDB,https://adodb.org/dokuwiki/doku.php?id=v5:userguide:memcached,Database Abstraction Layer for PHP · This section describes connecting to an already configured Memcache server. Information about installation and configuration of Memcached servers can be found here
MemcacheDB,Big Data MemcacheDB,https://learn.netdata.cloud/docs/collecting-metrics/databases/memcached,"Plugin: go.d.plugin Module: memcached · Monitor Memcached metrics for proficient in-memory key-value store operations. Track cache hits, misses, and memory usage for efficient <strong>data</strong> caching"
MemcacheDB,Big Data MemcacheDB,https://news.ycombinator.com/item?id=118682,"This new cousin would be ideal for me. Is anyone else considering it? I need a flexible object database. I&#x27;ve looked at CouchDB or something based off of qdbm (http://qdbm.sourceforge.net). Currently working on other parts of the system (and delaying the persistence part) · As for alternatives, ..."
MemcacheDB,Big Data MemcacheDB,https://hub.docker.com/_/memcached,"Free &amp; open source, high-performance, distributed memory object caching system."
MemcacheDB,Big Data MemcacheDB,https://github.com/memcached/memcached/wiki/Overview,memcached development tree. Contribute to memcached/memcached development by creating an account on GitHub.
MemcacheDB,Big Data MemcacheDB,https://manpages.ubuntu.com/manpages/bionic/man1/memcachedb.1.html,"/data1/<strong>memcachedb</strong>) -G &lt;dir&gt; Log directory of database (default: same as Environment HOME, see -H) -B &lt;db_type&gt; Type of database, options are: &#x27;btree&#x27; or &#x27;hash&#x27; (default: btree) -L &lt;num&gt; Log buffer size in kBytes (default: 4096kB) -C &lt;num&gt; Perform a checkpoint every &lt;"
MemcacheDB,Big Data MemcacheDB,https://github.com/johann8384/memcachedb,An unofficial <strong>MemcacheDB</strong> repository. Contribute to johann8384/<strong>memcachedb</strong> development by creating an account on GitHub.
MemcacheDB,Big Data MemcacheDB,https://news.ycombinator.com/item?id=420868,"I could see this going a step further to merge it with being an actual cache, keeping much of the frequently used <strong>data</strong> in memory, while still saving the <strong>data</strong> so that it&#x27;s persistent. I&#x27;m for sure going to tinker around with this · MemcacheQ (message queuing system) linked on that page seems ..."
MemcacheDB,Big Data MemcacheDB,https://memcachedb.org/memcachedb-guide-1.0.pdf,All they have a complicated SQL engine on top of storage. Our <strong>data</strong>
MemcacheDB,Big Data MemcacheDB,https://memcachedb.org/scalable-cache-architecture/,"Scalable cache architecture patterns for enterprise systems. Learn horizontal scaling, consistent hashing, and cluster management strategies."
MemcacheDB,Big Data MemcacheDB,https://www.imaginarycloud.com/blog/redis-vs-memcached,Memcached vs Redis can be a solution when you think of improving a web app&#x27;s performance by adding a server-side cache. But which one to pick?
MemcacheDB,Big Data MemcacheDB,https://code.google.com/archive/p/memcachedb,Archive · Skip to content · The Google Code Archive requires JavaScript to be enabled in your browser · Google · About Google · Privacy · Terms
MemcacheDB,Big Data MemcacheDB,https://www.scylladb.com/2024/10/08/scylladb-and-memcached/,"Engineers behind ScyllaDB joined forces with Memcached maintainer dormando for an in-depth look at database and cache internals, and the tradeoffs in each."
MemcacheDB,Big Data MemcacheDB,https://stackoverflow.com/questions/19769706/use-memcached-as-memory-database,"Memecached generally is used to store things usually bigger than one table-record for example if you are creating a menu based on categories/subcategories you can store the entire category tree inside one key. You will likely need that category tree to be rendered on every page or ajaxed on every page so having it in a cache would be practical. Many times Memcached is used to store read-made output such as entire HTML pages, or HTML pieces of a page (blocks) rendered using some <strong>data</strong> ..."
MemcacheDB,Big Data MemcacheDB,https://launchpad.net/ubuntu/xenial/+package/memcachedb,"<strong>Memcachedb</strong> is a distributed key-value storage system designed for persistent <strong>data</strong>. It is NOT a cache solution, but a persistent storage engine for fast and reliable key-value based object storage and retrieval. . It conforms to the memcache protocol, so any memcached client can have connectivity ..."
MemcacheDB,Big Data MemcacheDB,https://stackoverflow.com/questions/38448943/cache-large-data-in-session-on-memcache-server,"I had set two memcached server for my php server to cache some database <strong>data</strong> in session. When I select more than 20000 records with 20 columns <strong>data</strong> and cache into php session, it would take more th..."
MemcacheDB,Big Data MemcacheDB,https://www.infoworld.com/article/2252065/why-redis-beats-memcached-for-caching-3.html,"Memcached is sometimes more efficient, but Redis is almost always the better choice"
MemcacheDB,Big Data MemcacheDB,https://www.dragonflydb.io/guides/memcached,"Memcached is an open-source, in-memory key-value store used to cache <strong>data</strong> and objects in RAM to reduce the need to read from external <strong>data</strong> sources."
MemcacheDB,Big Data MemcacheDB,https://www.positronsecurity.com/advisories/2009-001.html,It was originally developed by Danga Interactive [2]. <strong>MemcacheDB</strong> [3] is a fork of the memcached project which adds persistent storage using the BerkeleyDB database engine [4]. An implementation weakness that impacts security was identified in memcached v1.2.7 and <strong>MemcacheDB</strong> v1.2.0.
MemcacheDB,Big Data MemcacheDB,https://www.netdata.cloud/memcached-monitoring/,"Learn everything about monitoring &amp; troubleshooting Memcached, what metrics are important to monitor and why, and how to monitor Memcached with Netdata."
MemcacheDB,Big Data MemcacheDB,https://www.sciencedirect.com/topics/computer-science/memcached,"It’s now interpreted as “Not only SQL” (hence the small “o” in our spelling). This recognizes that RDBMSs have many qualities that justify their presence in the IT ecosystem, but that other forms of <strong>data</strong> management systems are needed to reply to expectations motivated by the <strong>Big</strong> <strong>Data</strong> ..."
MemcacheDB,Big Data MemcacheDB,https://memcached.org/about,"memcached is a high-performance, distributed memory object caching system, generic in nature, but originally intended for use in speeding up dynamic web applications by alleviating database load · You can think of it as a short-term memory for your applications"
MemcacheDB,Big Data MemcacheDB,https://www.educba.com/redis-vs-memcached/,Guide to Redis vs Memcached. Here we discuss the Redis vs Memchached key differences with infographics and comparison table.
MemcacheDB,"""Big Data"" MemcacheDB",http://harish11g.blogspot.com/2013/01/amazon-elasticache-memcached-internals_8.html,"This action may bring undesirable consequences and swamp your backend with heavy requests until the Amazon ElastiCache Nodes are properly warmed. Whereas if you have 100 cache.m1.large nodes running your cluster and if you are planning to add 5 more nodes into your cluster , it will not have a big impact if the backend is designed to handle this little spike variation."
MemcacheDB,"""Big Data"" MemcacheDB",https://github.com/gwhalin/Memcached-Java-Client/issues/41,We use memcached-java-client as one of our memcached client in our project.we found that when we operation big data some thing goes wrong: [2012-03-05 22:58:29.872]-[ERROR] com.danga.MemCached.MemCachedClient ++++ exception thrown while ...
MemcacheDB,"""Big Data"" MemcacheDB",https://alibaba-cloud.medium.com/redis-vs-memcached-in-memory-data-storage-systems-3395279b0941,"Redis and Memcached are both in-memory data storage systems. <strong>Memcached is a high-performance distributed memory cache service</strong>, and Redis is…"
MemcacheDB,"""Big Data"" MemcacheDB",https://www.alibabacloud.com/blog/redis-vs--memcached-in-memory-data-storage-systems_592091,"Redis and Memcached are both in-memory <strong>data</strong> storage systems. Memcached is a high-performance distributed memory cache service, and Redis is an open-source key-value store."
MemcacheDB,"""Big Data"" MemcacheDB",https://github.com/twitter/fatcache,Memcache on SSD. Contribute to twitter/fatcache development by creating an account on GitHub.
MemcacheDB,"""Big Data"" MemcacheDB",https://www.akamai.com/blog/developers/in-memory-data-management-caching-tools-a-guide-to-the-best-options,"In-memory <strong>data</strong> management caching tools store frequently accessed <strong>data</strong> in memory, which significantly improves performance by reducing how often the database needs to be accessed."
MemcacheDB,"""Big Data"" MemcacheDB",http://harish11g.blogspot.com/2012/11/amazon-elasticache-memcached-ec2.html,"I share my experiences in Cloud Computing,Amazon Web Services,Hadoop,<strong>Big</strong> <strong>Data</strong> and Mobility.Best Practices,Tips,Configurations,Analysis are posted."
MemcacheDB,"""Big Data"" MemcacheDB",https://insideainews.com/2015/02/14/accelerating-big-data-processing-hadoop-spark-memcached/,News and commentary on high performance <strong>data</strong> analytics
MemcacheDB,"""Big Data"" MemcacheDB",https://stackoverflow.com/questions/27091597/cache-huge-data-in-memory,I am looking for an in-memory cache solution which can handle <strong>big</strong> <strong>data</strong> (
Redis,Большие данные Redis,https://www.cloud4y.ru/blog/what-is-redis/,"Решение для больших объемов данных · Репликация данных, vCAV · Дублирующий сервер · Nextсloud корпоративное хранилище · Облачное решение файлового хранения ·"
Redis,Большие данные Redis,https://cloud.ru/blog/chto-takoye-redis,Нецелесообразность для постоянного хранения больших объемов данных. Redis подойдет в качестве вспомогательного хранилища или кеша.
Redis,Большие данные Redis,https://ru.stackoverflow.com/questions/681089/%D0%A5%D1%80%D0%B0%D0%BD%D0%B8%D0%BB%D0%B8%D1%89%D0%B0-%D0%B1%D0%BE%D0%BB%D1%8C%D1%88%D0%B8%D1%85-%D0%BE%D0%B1%D1%8A%D0%B5%D0%BC%D0%BE%D0%B2-%D0%B4%D0%B0%D0%BD%D0%BD%D1%8B%D1%85-%D0%92-%D0%BA%D0%B0%D0%BA%D1%83%D1%8E-%D1%81%D1%82%D0%BE%D1%80%D0%BE%D0%BD%D1%83-%D1%81%D0%BC%D0%BE%D1%82%D1%80%D0%B5%D1%82%D1%8C,"Направленность проекта предполагает хранение большого объема строковых данных (несколько миллионов строк). К тому же, будут регулярные запросы на обновление \ чтение какого-то количества строк из базы."
Redis,Большие данные Redis,https://timeweb.cloud/tutorials/redis/kak-upravlyat-klyuchami-i-bazami-dannyx-redis,"<strong>Любой экземпляр Redis может содержать несколько БД, а каждая БД, в свою очередь, — большой объем различных типов данных</strong>."
Redis,Большие данные Redis,https://cloud.vk.com/blog/vvedenie-v-redis-vse-chto-nuzhno-znat-dlja-raboty-s-jetoj-subd/,"HyperLogLog — структура, с помощью которой можно хранить большие объемы данных, занимающих фиксированный ресурс памяти; потоки — структура, которую применяют исключительно для добавления новой общедоступной информации. Благодаря расширенной поддержке вариантов хранения СУБД Redis легко адаптировать под работу с разными форматами и типами данных."
Redis,Большие данные Redis,https://practicum.yandex.ru/blog/chto-takoe-redis-i-dlya-chego-nuzhen/,"Они контролируют работу, отслеживают сбои, участвуют в восстановлении системы и указывают, какой из экземпляров базы ведущий. ● Redis Cluster. Наиболее сложная конфигурация, её можно использовать для масштабирования Redis в приложениях с большим объёмом данных."
Redis,Большие данные Redis,https://andreyex.ru/bazy-dannyx/redis/kak-poluchit-razmer-bazy-dannyh-redis/,"<strong>Redis позволяет хранить данные в 16 логических базах данных</strong>. Каждой базе данных соответствует определенный индекс, начинающийся с индекса ..."
Redis,Большие данные Redis,https://dstglobal.ru/club/1043-redis-kak-osnovnaja-baza-dannyh-dlja-slozhnyh-prilozhenii,"Во-первых, Redis поддерживает кластеризацию, что означает, что у вас может быть основной или главный экземпляр Redis, который может использоваться для чтения и записи данных, и у вас может быть несколько реплик этого основного экземпляра для чтения данных. Таким образом, вы можете масштабировать Redis для обработки большего количества запросов и, кроме того, повысить высокую доступность вашей базы данных."
Redis,Большие данные Redis,https://timeweb.cloud/blog/ispolzovanie-oblachnyh-baz-dannyh-redis,Это стало возможным благодаря выполнению всех операций в оперативной памяти. Высокая скорость отклика делает базу данных Redis подходящей для выполнения большого ...
Redis,Большие данные Redis,https://datacheap.ru/about/blog/chto-takoe-redis/,"Redis — это хранилище структур данных в памяти, которое используется как база данных, кэш, брокер сообщений и очередь задач."
Redis,Большие данные Redis,https://aws.amazon.com/elasticache/,"It speeds up databases, data lakes, analytics, generative AI, and application performance, scaling to hundreds of millions of operations per second with microsecond latency. ElastiCache offers full open source compatibility with Valkey, Memcached, and Redis OSS so you can move to a managed solution with minimal to no application code changes."
Redis,Большие данные Redis,https://babok-school.ru/blog/what-is-redis-nosql-database-example-with-kafka/,"Главным преимуще... но <strong>эта база не предназначена для хранения больших объемов данных из-за примитивного, но очень эффективного принципа хранения данных по типу ключ/значения</strong>..."
Redis,Большие данные Redis,https://ru.stackoverflow.com/questions/488918/redis-%D0%B8-%D0%B1%D0%BE%D0%BB%D1%8C%D1%88%D0%B8%D0%B5-%D0%BD%D0%B0%D0%B1%D0%BE%D1%80%D1%8B-%D0%B4%D0%B0%D0%BD%D0%BD%D1%8B%D1%85,При выполнении sinter 2х множеств по 50к элементов в каждом редис моментально закрывает соединение. То же самое происходит иногда при smembers множества из 50к элементов. в конфиге прописал client-...
Redis,Большие данные Redis,https://lecturesdb.readthedocs.io/databases/redis.html,Каналы передачи ... Базы данных | Основы Веб-программирования ... Redis (REmote DIctionary Server) - это нереляционная высокопроизводительная СУБД. Redis работает на большинстве POSIX ...
Redis,Большие данные Redis,https://brander.ua/ru/technologies/redis,"Redis — <strong>база данных с открытым исходным кодом, которая была создана и используется для масштабирования проектов</strong>. Время отклика меньше миллисекунды обеспечивает ..."
Redis,Большие данные Redis,https://selectel.ru/blog/how-redis-works/,Redis предлагает высокую скорость обработки данных благодаря их хранению в ОЗУ. Это делает эту СУБД одним из лучших решений для систем и приложений с большими объемами данных при необходимости непрерывного доступа к ним.
Redis,Большие данные Redis,https://cloud.servermall.ru/redis/,"С помощью автоматического создания резервных копий и репликации, вы можете быть уверены в сохранности ваших данных и обеспечении их доступности. Масштабируйтесь в любое время, чтобы поддержать рост вашего бизнеса. Меняйте размер своих кластеров Redis в любое время, добавив больше ЦП, ОЗУ и хранилища."
Redis,Большие данные Redis,https://cloud.vk.com/blog/kak-ispolzovat-raznye-struktury-dannyh-redis-smotrim/,"Хранение мультитенантных метрик: мультитенантные приложения могут использовать хэши Redis для записи и хранения метрик продуктов и продаж, чтобы надежно разделить данные между всеми клиентами. Хэши можно эффективно закодировать в небольшом пространстве памяти. DB Redis используют на большинстве сайтов для путешествий и гостиниц, публичных форумах, а также в социальных сетях, SaaS и электронной коммерции."
Redis,Большие данные Redis,https://bigdataschool.ru/blog/apache-hbase-vs-redis.html,"В HBase, если блок данных еще не кэширован в куче регионального сервера, скорость обработки данных снижается из-за открытия соединения с базовым узлом данных Hadoop и последующего чтения блока данных из HDFS, с передачей информации по TCP/IP. В резидентной Redis, ключи и значения хранятся в оперативной памяти, поэтому обращения к данным выполняются очень быстро."
Redis,Большие данные Redis,https://www.reddit.com/r/redis/comments/g21m06/large_data_size_of_keys_performance_impact/,"Totally depends on what is &quot;a large number&quot;. Redis is single threaded, so it handles one thing at a time. Storing a 300K value is a blocking event. But over a very fast network this isn&#x27;t usually anything to be concerned about though. If there are lots of reads and not so many writes of these keys, you can speed things up with replication and creating some secondary nodes."
Redis,Большие данные Redis,https://habr.com/ru/companies/wunderfund/articles/685894/,"К сожалению, у этого ... <strong>данных</strong>, изменённых или добавленных в хранилище на временных интервалах между снепшотами. Хранилище <strong>Redis</strong>, с момента его появления в 2009 году, серьёзно развилось. Мы рассмотрим <strong>большую</strong> часть ..."
Redis,Большие данные Redis,https://www.reddit.com/r/redis/comments/1deqgou/scan_command_and_large_datasets/,So I know never to call KEYS in production. But is SCAN also not safe? A friend told me today: &quot;I found that using the SCAN command with a certain…
Redis,Большие данные Redis,https://www.reddit.com/r/redis/comments/1j2j1ji/what_was_the_most_amount_of_data_you_stored_in/,"On my new project, we&#x27;ve been storing over 60GB of data in <strong>redis</strong> cluster, and I think it should be moved to SQL database, since only some part of…"
Redis,Большие данные Redis,https://alexkosarev.name/2024/10/22/redis-intro/,"<strong>Redis</strong> — это популярная нереляционная база <strong>данных</strong>, реализующая хранилище типа «Ключ — Значение». <strong>Данная</strong> статья посвящена основным типам <strong>данных</strong>"
Redis,Большие данные Redis,https://gb.ru/posts/databases_redis,"Сегодня поговорим о не такой уж редкой базе <strong>данных</strong> <strong>Redis</strong>. Сегодня ее часто можно увидеть в проектах любого размера, но не как основное хранилище <strong>данных</strong>, а для побочных ..."
Redis,Большие данные Redis,https://selectel.ru/blog/redis/,"Если это критично для бизнеса, нужно использовать <strong>Redis</strong> в связке с реляционными базами <strong>данных</strong>. Также в этой СУБД не получится работать с <strong>большими</strong> <strong>данными</strong> из-за ..."
Redis,Большие данные Redis,https://timeweb.cloud/tutorials/redis/nachalo-raboty-i-osnovnye-komandy,"А еще эта СУБД ... что <strong>данные</strong> хранятся прямо в оперативной памяти сервера (in-memory), что позволяет выполнять <strong>большее</strong> количество операций. СУБД <strong>Redis</strong> ..."
Redis,Большие данные Redis,https://ealebed.github.io/posts/2018/redis-inside-%D0%B8%D0%BB%D0%B8-%D1%87%D1%82%D0%BE-%D1%85%D1%80%D0%B0%D0%BD%D0%B8%D1%82%D1%81%D1%8F-%D0%B2-%D1%80%D0%B5%D0%B4%D0%B8%D1%81%D0%B5/,"На дашбордах в Grafana увидел заметный рост использования памяти <strong>Redis</strong>’ом (Total memory usage), и мне стало интересно узнать, что же хранится в БД."
Redis,Большие данные Redis,https://habr.com/ru/articles/1026522/,"<strong>Redis</strong> выполняет команды в основном в одном потоке, поэтому они обрабатываются последовательно. За счёт этого модель проще и предсказуемее, но есть и обратная сторона: если запустить тяжёлую операцию — например, KEYS * на <strong>большом</strong> наборе <strong>данных</strong> ..."
Redis,Большие данные Redis,https://thecode.media/redis-chto-eto-takoe-i-kak-im-polzovatsya/,"<strong>Redis</strong> может напрямую обращаться к <strong>данным</strong> по уникальному ключу, без сложных запросов, как в реляционных базах <strong>данных</strong>. Git, Python, облака — три навыка, которые меняют резюме · С этими навыками зарплата станет <strong>больше</strong>..."
Redis,Большие данные Redis,https://habr.com/ru/companies/selectel/articles/931760/,"Однако такой режим ... <strong>Redis</strong>, так как тот каждый раз ждет завершения операции fsync(). everysec — компромисс между скоростью и надежностью. Как видно из названия, <strong>данные</strong> записываются каждую секунду. Опция включена по умолчанию и подходит для большинства ..."
Redis,Большие данные Redis,https://eurobyte.ru/articles/chto-takoe-redis--prostymi-slovami-s-primerami-ispolzovaniya/,"02 сентября 2024 Речь ... завоевала <strong>большую</strong> популярность: <strong>Redis</strong> — инструмент, поддерживающий значительное количество разновидностей <strong>данных</strong>, способов ..."
Redis,Большие данные Redis,https://cloud.vk.com/databases/redis/,"Облачная база <strong>данных</strong> <strong>Redis</strong> в конфигурации Single Instance и Cluster для хранения <strong>данных</strong> в памяти. Высокая производительность, масштабируемость и надежность для приложений ..."
Redis,Большие данные Redis,https://blog.containerize.com/a-beginners-guide-to-redis-in-memory-database/,"<strong>Redis</strong> in-memory database is an open-source, key-value store. It&#x27;s also called a NoSQL database. This <strong>redis</strong> tutorial guides you about core concepts of <strong>redis</strong>."
Redis,Большие данные Redis,https://habr.com/ru/companies/nixys/articles/765694/,"Блог компании ... Базы <strong>данных</strong> * DevOps * ... Привет! Меня зовут Петр и мы в компании Nixys очень любим <strong>Redis</strong>. Эта база используется если не на каждом нашем проекте, то на подавляющем большинстве..."
Redis,Большие данные Redis,https://freehost.com.ua/faq/wiki/chto-takoe-redis-i-zachem-on-nuzhen/,<strong>Redis</strong> предлагает специализированные встроенные структуры <strong>данных</strong> и операторы для управления геопространственными <strong>данными</strong> в реальном времени на <strong>большое</strong> расстояние ...
Redis,Большие данные Redis,https://learn.microsoft.com/ru-ru/azure/azure-cache-for-redis/cache-best-practices-memory-management,"Узнайте, как эффективно управлять Кэшем Azure для памяти <strong>Redis</strong>."
Redis,Большие данные Redis,https://znanierussia.ru/articles/Redis,"Server Side Public License), ... состоянию на 2015 год СУБД <strong>Redis</strong> входила в пятёрку лидеров среди платформ NoSQL[4]. В зависимости от того, какие <strong>данные</strong> нужно хранить и как с ними ..."
Redis,Большие данные Redis,https://selectel.ru/blog/redis-optimization/,"Однако такой режим ... <strong>Redis</strong>, так как тот каждый раз ждет завершения операции fsync(). everysec — компромисс между скоростью и надежностью. Как видно из названия, <strong>данные</strong> записываются каждую секунду. Опция включена по умолчанию и подходит для большинства ..."
Redis,Большие данные Redis,https://www.reddit.com/r/redis/comments/ft4oti/redis_scaling_problems_solved/,My company recently had some <strong>Redis</strong> caching timeouts and I wanted to share my experience in how we scaled out. I am also looking for criticism and…
Redis,Большие данные Redis,https://turbocloud.ru/services/redis,"Управляемая база <strong>данных</strong> <strong>Redis</strong> (DBaaS) в «Турбо Облаке»: готовая и масштабируемая БД для кэширования, управления очередями и сессиями пользователей, для ведения ..."
Redis,Большие данные Redis,https://sweb.ru/news/652/,"Запустили сервис баз <strong>данных</strong> <strong>Redis</strong> Теперь на тарифах Реактивного хостинга, линейках «Галактика» и «Power» вы можете использовать <strong>Redis</strong> с выделенным объёмом памяти 512 Мб ..."
Redis,Большие данные Redis,https://bychko.ru/redis/,"В статье рассматриваются ключевые особенности <strong>Redis</strong> как высокопроизводительной базы <strong>данных</strong>, способной масштабироваться для работы с <strong>большими</strong> объемами <strong>данных</strong>."
Redis,Большие данные Redis,https://wiki.dieg.info/redis,"Одна из наиболее ... чтении и высокую избыточность <strong>данных</strong>. Кроме того, <strong>Redis</strong> изначально разработан для поддержки <strong>большого</strong> количества клиентов (по умолчанию ..."
Redis,Большие данные Redis,https://cloud.ru/docs/redis/ug/topics/concepts__persistence,"Документация: Постоянное хранение <strong>данных</strong> — Evolution. Изучите руководство и инструкцию в разделе: Managed <strong>Redis</strong>, руководство пользователя в облаке Cloud.ru"
Redis,Большие данные Redis,https://www.hostland.ru/ru/docs/useful/nastroika-i-ispolzovanie-redis,Хранилище промежуточных результатов вычислений при обработке <strong>больших</strong> объемов <strong>данных</strong>; Пример использования <strong>Redis</strong> для хранения сессий
Redis,Большие данные Redis,https://bigdataschool.ru/blog/apache-hbase-vs-redis/,"В случае с HBase при ... <strong>большом</strong> кэше в куче можно столкнуться с частыми паузами на несколько секунд, что делает время чтения <strong>данных</strong> непредсказуемым. В <strong>Redis</strong>, ..."
Redis,Большие данные Redis,https://kurshub.ru/journal/blog/redis-chto-eto-takoe/,"Редис поддерживает ... <strong>данных</strong> на диск. Да, Memcached многопоточный (что теоретически даёт ему преимущества в производительности), но на практике богатый функционал <strong>Redis</strong> перевешивает эти плюсы в большинстве реальных ..."
Redis,Большие данные Redis,https://pacificsky.ru/cache/redis/112-redis-poluchit-vse-dannye-iz-bd.html,Просмотр всех баз <strong>данных</strong>(БД) в <strong>redis</strong> с помощью <strong>redis</strong>-cli и получение всех <strong>данных</strong> из бд. Просмотр всех баз <strong>данных</strong>(БД) в <strong>redis</strong> с помощью <strong>redis</strong>-cli и получение всех <strong>данных</strong> из бд.
Redis,Большие данные Redis,https://journal.sweb.ru/article/znakomstvo-s-redis-chto-eto-takoe-i-dlya-kakih-tseley-mozhno-ispolzovat,"С <strong>Redis</strong> cache вы сможете получить быстрый доступ к часто запрашиваемым <strong>данным</strong> с задержкой всего в несколько миллисекунд. Кроме того, он обеспечивает легкую масштабируемость, способен справляться с <strong>большими</strong> ..."
Redis,Большие данные Redis,https://learn.microsoft.com/ru-ru/azure/redis/how-to-scale,"Оптимизировано для ... <strong>Redis</strong> автоматически перемещать менее часто запрашиваемые <strong>данные</strong> из памяти (ОЗУ) в хранилище NVMe. Это снижает производительность, но позволяет эффективно масштабировать кэши с <strong>большими</strong> наборами ..."
Redis,Большие данные Redis,https://ru.stackoverflow.com/questions/1378538/%D0%93%D0%B4%D0%B5-%D1%85%D1%80%D0%B0%D0%BD%D1%8F%D1%82%D1%81%D1%8F-%D0%B4%D0%B0%D0%BD%D0%BD%D1%8B%D0%B5-%D0%B1%D0%B4-redis-%D0%B2-%D0%BE%D0%BF%D0%B5%D1%80%D0%B0%D1%82%D0%B8%D0%B2%D0%BD%D0%BE%D0%B9-%D0%B8%D0%BB%D0%B8-%D0%B2-%D0%BF%D0%BE%D1%81%D1%82%D0%BE%D1%8F%D0%BD%D0%BD%D0%BE%D0%B9-%D0%BF%D0%B0%D0%BC%D1%8F%D1%82%D0%B8,"Где хранятся <strong>данные</strong> бд <strong>Redis</strong>, в оперативной или в постоянной памяти?"
Redis,Большие данные Redis,https://bigdataschool.ru/blog/how-to-save-data-from-memory-to-disk-in-memgraph-and-redis/,"Можно настроить <strong>Redis</strong> ... <strong>данных</strong> есть определенное количество изменений, или вручную вызывать команды SAVE или BGSAVE. <strong>Redis</strong> может автоматически перезаписывать AOF в фоновом режиме, когда он становится слишком <strong>большим</strong>..."
Redis,Большие данные Redis,https://www.nukoe.com/blog/ru-redis-%D0%B2-%D0%BA%D0%B0%D1%87%D0%B5%D1%81%D1%82%D0%B2%D0%B5-%D0%BE%D1%81%D0%BD%D0%BE%D0%B2%D0%BD%D0%BE%D0%B8-%D0%B1%D0%B0%D0%B7%D1%8B-%D0%B4%D0%B0%D0%BD%D0%BD%D1%8B%D1%85-%D0%B2%D1%8B%D0%B7%D0%BE%D0%B2%D1%8B-%D0%B8-%D0%B2%D0%BE%D0%B7%D0%BC%D0%BE%D0%B6%D0%BD%D0%BE%D1%81%D1%82%D0%B8-%D0%B4%D0%BB%D1%8F-%D0%BF%D1%80%D0%B8%D0%BB%D0%BE%D0%B6%D0%B5%D0%BD%D0%B8%D0%B8-%D1%80%D0%B5%D0%B0%D0%BB%D1%8C%D0%BD%D0%BE%D0%B3%D0%BE-%D0%B2%D1%80%D0%B5%D0%BC%D0%B5%D0%BD%D0%B8-mk6vxros,"Изучите использование <strong>Redis</strong> в качестве основной базы данных для приложений реального времени. Анализ преимуществ, проблем и архитектурных решений с RDB и AOF."
Redis,Большие данные Redis,https://dstglobal.ru/forum/ispolzovanie-redis-tolko-kak-osnovnoi-bazy-dannyh.html,"Вот плюсы и минусы ... <strong>redis</strong>. ... — Нет надежных потоков изменений, в отличие от mongodb, dynamodb · — Стоимость (поскольку все <strong>данные</strong> должны храниться в памяти, нам нужно всё <strong>больше</strong> <strong>и</strong> <strong>больше</strong> ..."
Redis,Большие данные Redis,https://safe.cnews.ru/news/top/2025-10-08_desyatki_tysyach_serverov_po,"Крайне опасный баг 13-летней давности угрожает серверам со сверхпопулярной СУБД <strong>Redis</strong>, широко используемой при построении..."
Redis,Большие данные Redis,https://help.sprinthost.ru/services/redis,Рассказываем про <strong>Redis</strong> — быстрое хранилище <strong>данных</strong> в оперативной памяти сервера.
Redis,Большие данные Redis,https://blog.skillfactory.ru/glossary/redis/,"Это видно и в названии системы: <strong>Redis</strong> расшифровывается как Remote Dictionary Server, то есть удаленный сервер словарей. Освойте профессию «Аналитик <strong>данных</strong>» ... Аналитики влияют на рост бизнеса. Они выясняют, какой товар и в какое время <strong>больше</strong> ..."
Redis,Большие данные Redis,https://workspace.ru/tools/database/redis/,"Что такое БД <strong>Redis</strong>? Нереляционная резидентная СУБД, хранящая <strong>данные</strong> в виде пар «ключ-значение». От реляционных баз <strong>Redis</strong> отличается более высокой производительностью ..."
Redis,Большие данные Redis,https://www.reddit.com/r/node/comments/r6tj4q/anyone_using_redis_as_a_primary_database/,"27 votes, 39 comments. I was looking into using <strong>Redis</strong> as a cache but after reading this I&#x27;m thinking I could use it as a primary database. What&#x27;s…"
Redis,Big Data Redis,https://redis.io/,"Redis IrisReal-time context for agentsRedis CloudFully managed and integrated with Google Cloud, Azure, and AWSRedis SoftwareSelf-managed software with enterprise-grade compliance and reliabilityRedis Open SourceIn-memory database for caching &amp; streamingRedis SearchSearch &amp; query for structured dataRedis Feature FormReal-time ML feature pipeline for apps &amp; agents"
Redis,Big Data Redis,https://stackoverflow.com/questions/42108311/can-redis-save-30-tb-data,"Effective way to use redis is to use it as a cache store, otherwise you could have used any NOSQL database for BIG data like yours. Why would you need 30TB data in cache?"
Redis,Big Data Redis,https://redis.io/press/redis-labs-recognized-leader-independent-analyst-report-big-data-nosql-platforms/,"Redis CloudFully managed and integrated with Google Cloud, Azure, and AWSRedis SoftwareSelf-managed software with enterprise-grade compliance and reliabilityRedis Open SourceIn-memory database for caching &amp; streamingRedis for AIFaster GenAI apps start here ... Enterprise customers like Redis Enterprise’s multi-model “support for diverse NoSQL use cases” · Mountain View, March 14, 2019—Redis, the home of Redis and provider of Redis Enterprise, today announced it has been named a Leader in Big Data NoSQL platforms by Forrester Research."
Redis,Big Data Redis,https://www.numberanalytics.com/blog/redis-for-real-time-big-data-analytics,"Explore how Redis <strong>enables real-time data processing and analytics in big data environments</strong>, facilitating instant insights and decision-making."
Redis,Big Data Redis,https://towardsdatascience.com/redis-in-memory-data-store-easily-explained-3b92457be424/,"They are a very simple data structure in which each record is stored as a value with a unique key. Using this key, the information can be retrieved specifically. Redis was developed to have a reliable data store that can store and also output information in a short time."
Redis,Big Data Redis,https://www.numberanalytics.com/blog/ultimate-guide-to-redis-in-big-data-analytics,"Redis is an open-source, in-memory ... that allows for fast access and manipulation. In the context of big data, <strong>Redis plays a vital role in handling the high volume, velocity, and variety of data</strong>...."
Redis,Big Data Redis,https://moldstud.com/articles/p-redis-in-big-data-analytics-processing-and-analyzing-massive-data-sets,"With the exponential growth of data volumes, traditional databases often struggle to keep up with the demands of processing and analyzing big data. This is where Redis comes in as a powerful tool for big data analytics, offering high performance, scalability, and real-time data processing capabilities."
Redis,Big Data Redis,https://docs.oracle.com/en/middleware/goldengate/big-data/21.1/gadbd/redis.html,Redis is <strong>an in-memory data structure store which supports optional durability</strong>. Redis is simply a key/value data store where a unique key identifies the data structure stored. The value is the data structure that is stored.
Redis,Big Data Redis,https://www.reddit.com/r/learnpython/comments/jacrzg/is_it_good_idea_to_use_redis_for_saving_large_data/,"This is why <strong>Redis is more often used for caching and not for data storage</strong>. A second thing is that it&#x27;s dictionary based, so it uses a single value to lookup an object, you can&#x27;t easily search apart from linearly (check all items until you match it)."
Redis,Big Data Redis,https://github.com/redis/redis,"NoSQL Data Store: Key-value, document, and time series data storage. Search and Query Engine: Indexing for hash/JSON documents, supporting vector search, full-text search, geospatial queries, ranking, and aggregations via Redis Search."
Redis,Big Data Redis,https://stackoverflow.com/questions/27543134/redis-handling-of-huge-dataset,... This is strictly a matter of using the right tool for the job. <strong>Both an RDBMS and a NoSQL solution (such as Redis) can be used for storing big data sets</strong> - I have intimate acquaintance with Redis databases over 1TB for example.
Redis,Big Data Redis,https://www.ibm.com/think/topics/redis,"Redis (REmote DIctionary Server) is <strong>an open source, in-memory, NoSQL data store used primarily as an application cache or quick-response database</strong>."
Redis,Big Data Redis,https://bigid.com/data-coverage/redis/,"Session data, API tokens, customer records, and application data often reside in Redis clusters, yet these environments frequently fall outside traditional governance controls. BigID delivers content-based Redis data discovery and sensitive data classification so organizations can identify regulated and high-risk data across in-memory data stores."
Redis,Big Data Redis,https://redis.io/docs/latest/develop/data-types/,"Redis vector sets are a specialized data type designed for managing high-dimensional vector data, enabling fast and efficient vector similarity search within Redis. Vector sets are optimized for use cases involving machine learning, recommendation systems, and semantic search, where each vector represents a data point in multi-dimensional space."
Redis,Big Data Redis,https://en.wikiversity.org/wiki/Big_Data/Redis_DataBase,"Redis is <strong>an open-source in-memory database project implementing a distributed, in-memory key-value store with optional durability</strong>."
Redis,Big Data Redis,https://www.alibabacloud.com/blog/combining-redis-with-hadoop-and-elk-for-big-data_582482,"Redis—<strong>a high-performance key value database</strong>— has become an essential element in Big Data applications. As a NoSQL database, Redis helps enterprises make sense out of data by making database scaling more convenient and cost-effective."
Redis,Big Data Redis,https://redis.io/resources/building-large-databases-redis-enterprise-flash/,"Redis IrisReal-time context for agentsRedis CloudFully managed and integrated with Google Cloud, Azure, and AWSRedis SoftwareSelf-managed software with enterprise-grade compliance and reliabilityRedis Open SourceIn-memory database for caching &amp; streamingRedis SearchSearch &amp; query for structured dataRedis Feature FormReal-time ML feature pipeline for apps &amp; agents"
Redis,Big Data Redis,https://reintech.io/blog/redis-big-data-hadoop-spark-integration,"This allows you to leverage Redis as an intermediate store for real-time analytics while persisting long-term data in HDFS. MapReduce Jobs: Enhance your MapReduce jobs by using Redis as a caching layer for intermediate results, which reduces the I/O overhead associated with HDFS. Spark is built for speed and offers an advanced computational engine for big data."
Redis,Big Data Redis,https://www.bigdatahush.com/redis,"Redis is <strong>an open source (BSD licensed), in-memory data structure store, used as database, cache and message broker</strong>. It supports data structures such as strings, hashes, lists, sets, sorted sets with range queries, bitmaps, hyperloglogs and ..."
Redis,Big Data Redis,https://www.altexsoft.com/blog/redis-pros-and-cons/,"When Salvatore Sanfilippo created Redis in 2009 to solve a scaling problem at his startup, he couldn&#x27;t have predicted that it would become one of the most widely used databases, powering everything from real-time analytics to gaming leaderboards."
Redis,Big Data Redis,https://docs.oracle.com/en/middleware/goldengate/big-data/23/gadbd/redis.html,<strong>Redis</strong> is an in-memory <strong>data</strong> structure store which supports optional durability. <strong>Redis</strong> is simply a key/value <strong>data</strong> store where a unique key identifies the <strong>data</strong> structure stored. The value is the <strong>data</strong> structure that is stored.
Redis,Big Data Redis,https://laracasts.com/discuss/channels/laravel/should-i-cache-large-datasets-in-redis,The most popular Laravel and PHP programming forum.
Redis,Big Data Redis,https://groups.google.com/g/redis-db/c/sVbnkJN3R4M,"Hi, Can someone point me out whats the threshold in <strong>REDIS</strong> for each <strong>data</strong> set. I have instances where I would like to save large <strong>data</strong> sets(10000 to 90000) characters as a string in every dataset. There would be around 5-7 such <strong>data</strong> sets for every user."
Redis,Big Data Redis,https://redis.io/technology/data-structures/,Explore fast <strong>data</strong> structures using <strong>Redis</strong> technology. Enhance your apps with efficient caching and real-time analytics. Try it today.
Redis,Big Data Redis,https://www.reddit.com/r/redis/comments/5mjlf5/considering_redis_for_large_datasets/,I&#x27;m considering to use <strong>Redis</strong> for storing medium to large datasets hosted on Azure. Basically the <strong>data</strong> size will range from 10mb - 30mb per record…
Redis,Big Data Redis,https://estuary.dev/blog/redis-data-types/,"Another use case is in <strong>big</strong> <strong>data</strong> analytics where datasets are too large to process with exact algorithms. Here, HyperLogLog provides fast, memory-efficient estimates for unique counts. 2 of the advanced <strong>data</strong> types in <strong>Redis</strong> are bitmaps and geospatial indexes. Bitmaps are strings where each bit ..."
Redis,Big Data Redis,https://www.linkedin.com/pulse/using-redis-large-data-sets-akshay-kashyap-bdinc,We cannot provide a description for this page right now
Redis,Big Data Redis,https://medium.com/sfu-cspmp/redis-the-optimal-solution-for-high-performance-data-retrieval-ecc2723d5cd4,"It will take a lot of time to allocate memory when we are using Bigkeys in program, because <strong>Redis</strong> usually processes the requests in a single thread. Similarly, deleting Bigkeys will also take some time to “free memory”. Moreover, “network <strong>data</strong> transmission” may cost time when we are ..."
Redis,Big Data Redis,https://redis.io/resources/redis-fast-data-ingest/,Developers love <strong>Redis</strong>. Unlock the full potential of the <strong>Redis</strong> database with <strong>Redis</strong> Enterprise and start building blazing fast apps.
Redis,Big Data Redis,https://sivapraveenr.medium.com/redis-big-picture-70b804118443,"<strong>Redis</strong> is a powerful in-memory <strong>data</strong> structure store that has been gaining popularity in recent years. It is a NoSQL database that stores and retrieves <strong>data</strong> using key-value pairs, making it highly…"
Redis,Big Data Redis,https://groups.google.com/g/redis-db/c/37-WpqXQHFI,"I ran across this great write up ... from <strong>redis</strong>, but are able to use the msg-pack library from a lua script, to pack /unpack the <strong>data</strong> before storing it in memory. If you&#x27;re <strong>data</strong> already has a 5-1 compression ration as a compressed file, you might be able to get some <strong>big</strong> gains from ..."
Redis,Big Data Redis,https://cloud.google.com/discover/what-is-redis-database,"<strong>Redis</strong> and Valkey are in-memory, non-relational databases for caching and other uses requiring microsecond latency. Learn how they run on Google Cloud."
Redis,Big Data Redis,https://redis.io/kb/doc/1kp3d81sjs/how-to-improve-the-performance-of-searches-over-large-datasets,Discover how to improve <strong>Redis</strong> search operations when working with large datasets. You will learn tips to use FT.SEARCH and FT.AGGREGATE.
Redis,Big Data Redis,https://redis.io/solutions/fast-data-ingest/,Developers love <strong>Redis</strong>. Unlock the full potential of the <strong>Redis</strong> database with <strong>Redis</strong> Enterprise and start building blazing fast apps.
Redis,Big Data Redis,https://redis.io/docs/latest/operate/oss_and_stack/management/persistence/,"RDB is very good for disaster recovery, ... to far <strong>data</strong> centers, or onto Amazon S3 (possibly encrypted). RDB maximizes <strong>Redis</strong> performances since the only work the <strong>Redis</strong> parent process needs to do in order to persist is forking a child that will do all the rest. The parent process will never perform disk I/O or alike. RDB allows faster restarts with <strong>big</strong> datasets compared ..."
Redis,Big Data Redis,https://medium.com/@bijit211987/redis-high-performance-advanced-caching-solution-6a11b03ef83e,<strong>Redis</strong> High-Performance Advanced Caching Solution Introduction Caching is the process of storing frequently accessed <strong>data</strong> in a memory so it can be accessed quickly without requiring repeat execution …
Redis,Big Data Redis,http://insideainews.com/2015/11/22/redis-setting-big-data-on-fire/,"<strong>Redis</strong> has since grown to include many <strong>data</strong> structures that resolve very complex programming problems with simple commands executed within the <strong>data</strong> store – reducing coding effort, increasing throughput and reducing latency, to the extent that it is now benchmarked as the fastest database in the world. However, many question why something that runs in a computer’s memory, and is by definition equipped to handle small <strong>data</strong>, being used in <strong>big</strong> ..."
Redis,Big Data Redis,https://www.groundcover.com/blog/monitor-redis,"With this <strong>data</strong>, you can calculate a hit rate for all the keys on your <strong>Redis</strong> server. Large values in sorted sets, lists, and hashes can trigger problems like incorrect cleanup logic or missing TTLs. To find the keys with the biggest values, run:"
Redis,Big Data Redis,https://alibaba-cloud.medium.com/redis-for-big-data-with-hadoop-and-elk-ab4a35725e6a,<strong>Redis</strong> <strong>for</strong> <strong>Big</strong> <strong>Data</strong> with Hadoop and Elk We are already living in the era of <strong>Big</strong> <strong>Data</strong>. <strong>Big</strong> <strong>Data</strong> technology and products are ubiquitous in every aspect of our lives. From online banking to smart homes …
Redis,Big Data Redis,https://redis.io/events/whats-ahead-in-big-data-and-analytics/,Discover what&#x27;s ahead in <strong>big</strong> <strong>data</strong> and analytics. Join the webinar to gain valuable insights. Register now at <strong>Redis</strong>.com.
Redis,Big Data Redis,https://www.projectpro.io/projects/big-data-projects/redis-projects,Implementing <strong>Redis</strong> with DeZyre <strong>Big</strong> <strong>Data</strong> Project Ideas-Work on <strong>redis</strong> real use cases through these innovative <strong>big</strong> <strong>data</strong> project ideas to understand <strong>redis</strong> usage
Redis,Big Data Redis,https://slashdot.org/software/big-data/for-redis/,"Find the top <strong>Big</strong> <strong>Data</strong> platforms in 2026 for your company. Compare the best <strong>Big</strong> <strong>Data</strong> platforms, read reviews, and learn about pricing and free demos."
Redis,Big Data Redis,https://www.alibabacloud.com/blog/redis-for-big-data-with-hadoop-and-elk_582482,<strong>Redis</strong> is now a major component used in many <strong>Big</strong> <strong>Data</strong> applications. <strong>Redis</strong> is a favorable alternative to traditional relational database services becaus.
Redis,Big Data Redis,https://databasecamp.de/en/data/redis-en,"NoSQL solutions are very suitable for many <strong>Big</strong> <strong>Data</strong> applications. The databases are characterized by two criteria in particular, which are very broad. Firstly, <strong>data</strong> is not stored in tables and secondly, the query language is not SQL, which is also made clear by the name Not Only SQL. <strong>Redis</strong> belongs ..."
Redis,Big Data Redis,https://www.dbta.com/BigDataQuarterly/Articles/Redis-Raises-the-Standard-for-Harnessing-Real-Time-Data-with-Redis-72-160075.aspx,"<strong>Redis</strong>, Inc. is introducing the unified release of <strong>Redis</strong> 7.2 across the company&#x27;s complete portfolio, including open source, source-available, commercial cloud, software, and Kubernetes distributions. <strong>Redis</strong> Enterprise 7.2 cloud and software products preview a scalable search feature which delivers ..."
Redis,Big Data Redis,https://bigdataldn.com/exhibitors/redis/,Skip to content · Press Escape to close the menu · 23-24 September 2026 · Olympia London · Register now · Exhibitor Enquiry · Diamond Sponsors · Innovation Partner · SHOW DATES &amp; LOCATION · Wednesday 23 September 2026
Redis,Big Data Redis,https://n8n.io/integrations/big-data-cloud/and/redis/,"Integrate <strong>Big</strong> <strong>Data</strong> Cloud with <strong>Redis</strong> using n8n. Design automation that extracts, transforms and loads <strong>data</strong> between your apps and services."
Redis,Big Data Redis,https://thenewstack.io/redis-looks-beyond-cache-toward-everything-data/,"So, Blackpepper started looking ... at the <strong>Redis</strong> Stack. “And honestly, it filled all of our needs in one platform. And we’re kind of in this path at the moment, we were using the basics of it. And we’re very early on in our journey, right? We’re still learning how things work and how to use it properly. But we also have a <strong>big</strong> list of things that we’re using other <strong>data</strong> stores for ..."
Redis,Big Data Redis,https://redis.io/blog/introducing-auto-tiering/,Developers love <strong>Redis</strong>. Unlock the full potential of the <strong>Redis</strong> database with <strong>Redis</strong> Enterprise and start building blazing fast apps.
Redis,Big Data Redis,https://www.quora.com/Do-you-recommend-Redis-with-Node-js-for-very-big-data-I-am-talking-about-millions-of-data-Would-it-be-good-if-Facebook-Amazon-used-Redis,"Answer (1 of 4): Question is ‘for what’? What is it that you are trying to achieve? You expressed the scale but not the purpose. You must choose the tools very carefully compared to your goals. Would <strong>redis</strong> be good enough for FB/AZ? It&#x27;s hard to tell, but I think yes."
Redis,Big Data Redis,https://redis.io/blog/redis-data-integration-your-fast-lane-from-legacy-systems-to-the-ai-era-on-aws/,"From that moment on, your application ... legacy database, getting sub-millisecond latency and immediate scalability. And because <strong>Redis</strong> Cloud is fully managed on AWS, the infrastructure burden shifts off your team. ... The <strong>Redis</strong> + AWS approach gives you a pragmatic, incremental modernization path. No <strong>big</strong>-bang ..."
Redis,Big Data Redis,https://en.wikipedia.org/wiki/Redis,"The <strong>Redis</strong> project began when Salvatore Sanfilippo (nicknamed antirez) was trying to improve the scalability of his Italian startup and developed a real-time web log analyzer. After encountering significant problems in scaling some types of workloads using traditional database systems, Sanfilippo ..."
Redis,Big Data Redis,https://machine-learning-made-simple.medium.com/why-redis-is-so-fast-part-1-the-historical-foundations-b316d85ee58c,"This is a much bigger issue than people realize and some serious money is flowing to fix it. Designing high-performance <strong>data</strong> structures for RAM, therefore, transcends mere asymptotic algorithmic complexity (O(log N), O(1)). It becomes an exercise in optimizing memory access patterns: maximizing predictability and locality, minimizing random accesses, and ruthlessly curtailing pointer indirection. <strong>Redis</strong>..."
Redis,Big Data Redis,https://intellisoft.io/inside-redis-navigating-the-high-speed-highway-of-data-structures/,"<strong>Redis</strong> isn’t just a detour, it’s a turbocharged superhighway that makes <strong>data</strong> storage and retrieval feel like a joyride. We’re IntelliSoft, a high-octane web development service provider with an unrivaled pit crew of developers, analysts, and project managers. We’ve spent years navigating these <strong>data</strong> highways, helping businesses <strong>big</strong> ..."
Redis,Big Data Redis,https://www.quora.com/Is-Redis-a-good-option-for-a-database-that-will-handle-high-volumes-of-requests,"Answer (1 of 5): <strong>Redis</strong> is not a database. It is an in-memory key-value store. If you have to find something and you don&#x27;t know the retrieval key, you have to get a range of keys and iterate over the returned values, and check each one for a match. Because this is all in-memory, the retrieval is f..."
Redis,Big Data Redis,https://www.amazonaws.cn/en/redis/,"Fast, open source in-memory <strong>data</strong> store for use as a database, cache, message broker, and queue. <strong>Redis</strong>, which stands for Remote Dictionary Server, is a fast, open source, in-memory, key-value <strong>data</strong> store. The project started when Salvatore Sanfilippo, the original developer of <strong>Redis</strong>, wanted to ..."
Redis,Big Data Redis,https://www.lenovo.com/us/en/glossary/redis/,"<strong>Redis</strong> (Remote Dictionary Server) is an open-source, in-memory <strong>data</strong> structure store that functions as a database, cache, and message broker. It supports various <strong>data</strong> structures like strings, hashes, lists, sets, and more. Known for its high performance and low latency, <strong>Redis</strong> is widely used for ..."
Redis,Big Data Redis,https://dev.to/redis/top-10-sample-dataset-for-redis-for-you-28l7,This page shows the sample datasets available for each of <strong>Redis</strong> Modules. Click the below sample <strong>datas</strong>...
Redis,"""Big Data"" Redis",https://dl.acm.org/doi/10.1145/3414274.3414279,"The impact of medical <strong>big</strong> <strong>data</strong> on the relationship between doctors and patients [J]. Chinese Medica Ethics, 2020. 1. 25 ... Tang YLi PCao Y(2025)High-Concurrency <strong>Data</strong> Service Model Based on MySQL, <strong>Redis</strong>, and MyCat2025 10th International Conference on Electronic Technology and Information Science ..."
Redis,"""Big Data"" Redis",https://redis.io/glossary/databases/,"It’s also important to note that ... most database systems today do their best to balance these properties depending on different situations and requirements. In general, <strong>Redis</strong> is considered a CP system, where consistency and partition tolerance are prioritized over availability. The biggest risk with ..."
Redis,"""Big Data"" Redis",https://scalegrid.io/blog/redis-vs-memcached/,"<strong>Redis</strong> has a higher memory utilization ... and Hash <strong>data</strong> structures. <strong>Redis</strong> requires significantly less memory during write operations to store the same number of records as Memcached. As the number of records increases, Memcached’s memory usage substantially grows, revealing less memory efficiency than <strong>Redis</strong>. <strong>Big</strong> <strong>data</strong> center ..."
Redis,"""Big Data"" Redis",https://www.reddit.com/r/dataengineering/comments/1j34rjc/need_suggestions_for_a_strong_big_data/,"Train an ml model to do anomaly ... exchange <strong>data</strong>. Create a flink app, make it consume that original kakfka stream, and evaluate each event for anomaly. ... For extra points, build an llm agent that can take voice commands. So you can issue commands via whatsapp &quot;hey, how many anomalies have we had today.&quot;. Might need to sink your kafka stream to a <strong>redis</strong>, and front ..."
Redis,"""Big Data"" Redis",https://www.reddit.com/r/computerscience/comments/1gv6mum/i_dont_understand_what_you_do_with_big_data/,"36 votes, 14 comments. So when you have a website or app that has lots of traffic and it creates lots of <strong>data</strong>. What do you do with the <strong>data</strong> besides…"
Redis,"""Big Data"" Redis",https://aprenderbigdata.com/redis/,▷ ¿Qué es <strong>REDIS</strong>? Aprende las características de esta base de datos desde cero con esta guía de introducción para <strong>BIG</strong> <strong>DATA</strong>
Riak,Большие данные Riak,https://www.insight-it.ru/storage/2012/obzor-riak/,"Как уже упоминалось, практически единственный сценарий, где Riak совсем не справляется, это выборки по большим объемам данных с сортировкой и постраничным выводом."
Riak,Большие данные Riak,https://habr.com/ru/articles/75202/,"Часть Map/Reduce Riak которая более всего отличается от других решений заметна в том, что Riak не запускает метод Map над всеми данными в сегменте (bucket). Вместо этого Riak дает возможность клиенту предоставить список ключей объектов на которых должен быть запущен метод Map. Методы Map могут предоставлять больше ключей для более поздних фаз выполнения методов Map, но список ключей для метода Map должен быть определен всегда."
Riak,Большие данные Riak,https://eax.me/riak/,"Существует отдельное приложение, Riak CS (Cloud Storage), для хранения в Riak больших файлов. <strong>Большой файл — это от 1 Мб до 5 Гб</strong>."
Riak,Большие данные Riak,https://ru.bmstu.wiki/Riak,"Riak CS – это <strong>распределенное отказоустойчивое хранилище данных, совместимое c Amazon S3</strong>. Riak интегрируется с Riak S2 для оптимизации хранения больших объектов (видео, ..."
Riak,Большие данные Riak,https://foreva.susu.ru/courses/odb/lecture2.pdf,"Достаточно большой кластер Riak сложен в · обслуживании, несмотря на все его достоинства и организацию. • Riak нужен, если у вас действительно много данных и вы"
Riak,Большие данные Riak,https://riak.com/index.html,"Riak provides NoSQL database solutions, enabling distributed systems to scale large amounts of unstructured data. Learn more about our NoSQL solutions!"
Riak,Большие данные Riak,https://ru.theastrologypage.com/riak,"Riak - это <strong>масштабируемая распределенная база данных с открытым исходным кодом, основанная на системах баз данных NoSQL и Dynamo</strong>."
Riak,Большие данные Riak,https://club.cnews.ru/blogs/entry/import_obzor_riak_d53c,CNEWS TV Как приручить данные: новый выпуск видеоподкаста «CNews.Лица» · ОБЗОР Большие данные и аналитика 2026
Riak,Большие данные Riak,https://en.wikipedia.org/wiki/Riak,"Riak (pronounced &quot;ree-ack&quot; ) is a distributed NoSQL key-value data store that offers high availability, fault tolerance, operational simplicity, and scalability. Riak moved to an entirely open-source project in August 2017, with many of the licensed Enterprise Edition features being incorporated."
Riak,Большие данные Riak,https://riak.com/products/riak-kv/index.html,"With a key/value design that delivers powerful – yet simple – data models for storing massive amounts of unstructured data, Riak KV is built to handle a variety of challenges facing Big Data applications that include tracking user or session information, storing connected device data and replicating data across the globe."
Riak,Большие данные Riak,https://habr.com/ru/articles/127228/,"Такой подход позволяет разрешать конфликты, связанные не только с конкурентным доступом, но и с времянной изолированостью части кластера (partition tolerance: кластер машин может распаться на две части, обе части будут работать и смогут без проблем объединиться в будущем). Riak накладыват больше условий на разработку, но обеспечивает масштабируемость и надежность данных при работе с большим объемом информации."
Riak,Большие данные Riak,https://www.ibm.com/developerworks/ru/library/os-riak1/,"Это первая часть серии из двух статей о Riak, хорошо масштабируемой, распределенной системе хранения данных, написанной на языке Erlang и основанной на Dynamo, хранилище пар ключ-значение высокой готовности компании Amazon."
Riak,Большие данные Riak,https://eax.me/2013/2013-10-21-riak.html,"Существует отдельное приложение, Riak CS (Cloud Storage), для хранения в Riak больших файлов. <strong>Большой файл – это от 1 Мб до 5 Гб</strong>."
Riak,Большие данные Riak,https://habr.com/ru/articles/513584/,"Riak CS (Cloud Storage) – лёгкое в использовании программное обеспечение для организации хранилища объектов, работающее поверх Riak KV. Riak (KV) это распределённая NoSQL база данных типа..."
Riak,Большие данные Riak,https://osp.ru/os/2015/03/13046898,"Базы «ключ-значение» (2), например Riak и DynamoDB, реализуют распределенные хеш-таблицы."
Riak,Большие данные Riak,"https://0x1.tv/Riak_%E2%80%94_%D0%BF%D1%80%D0%BE%D1%81%D1%82%D0%B0%D1%8F,_%D0%BF%D1%80%D0%B5%D0%B4%D1%81%D0%BA%D0%B0%D0%B7%D1%83%D0%B5%D0%BC%D0%B0%D1%8F_%D0%B8_%D0%BC%D0%B0%D1%81%D1%88%D1%82%D0%B0%D0%B1%D0%B8%D1%80%D1%83%D0%B5%D0%BC%D0%B0%D1%8F_%D0%91%D0%94._%D0%9F%D1%80%D0%B5%D0%B8%D0%BC%D1%83%D1%89%D0%B5%D1%81%D1%82%D0%B2%D0%B0_%D0%B8_%D0%BD%D0%B5%D0%B4%D0%BE%D1%81%D1%82%D0%B0%D1%82%D0%BA%D0%B8_(%D0%98%D0%BB%D1%8C%D1%8F_%D0%91%D0%BE%D0%B3%D1%83%D0%BD%D0%BE%D0%B2,_ADD-2012)","Вместо того, чтобы писать хитрые схемы миграции данных и ребалансировки, вы просто делаете riak-admin join riak@node."
Riak,Большие данные Riak,https://eax.me/riak-install/,"Если же значение слишком велико, <strong>при добавлении нового физического узла будет происходить передача слишком большого количества данных между нодами</strong>."
Riak,Большие данные Riak,https://dokumen.pub/b1b14c08ae8a1f70226dce1417ea9940.html,Поэтому в курсе ... представленных на рис. 1. Гл а в а 1 ВВЕДЕНИЕ В <strong>БОЛЬШИЕ ДАННЫЕ</strong> 1.1....
Riak,Большие данные Riak,https://www.ibm.com/developerworks/ru/library/os-riak1/index.html,The technologies used to build or run their apps · Next generation resources for AI builders to create trusted solutions
Riak,Большие данные Riak,https://riak.com/riak-cloud-storage/,"Riak&#x27;s distributed databases are extremely reliable and scalable, offering high availability and operational simplicity to support your big data applications."
Riak,Большие данные Riak,https://habr.com/ru/post/75202/,"Мы начали разраб... нем <strong>большую</strong> часть времени. Чтобы понять почему <strong>Riak</strong> настолько мощный, требуется рассказать немного теории. Вначале поговорим об Amazon Dynamo.В документе описывающем Amazon Dynamo есть три термина для описания поведения расределенной системы хранения <strong>данных</strong>: N, R ..."
Riak,Большие данные Riak,https://gb.ru/posts/rare_databases_cassandra,"Каждое значение ... метка времени <strong>больше</strong>, тот и прав. <strong>Данные</strong> распределяются по узлам кластера двумя способами. Первый похож на подход <strong>Riak</strong>: от ключа берется ..."
Riak,Большие данные Riak,https://riak.com/,"<strong>Riak</strong> provides NoSQL database solutions, enabling distributed systems to scale large amounts of unstructured data. Learn more about our NoSQL solutions!"
Riak,Большие данные Riak,https://blog.apatin.ru/p/riak/,"На основе <strong>Riak</strong> можно еализовать полноценный проект с CMS, поддержкой пользователей и загрузкой файлов. ... Хранение <strong>данных</strong> распределенно на серверах (но при <strong>большом</strong>(50 ..."
Riak,Большие данные Riak,"http://lib.custis.ru/Riak_%E2%80%94_%D0%BF%D1%80%D0%BE%D1%81%D1%82%D0%B0%D1%8F,_%D0%BF%D1%80%D0%B5%D0%B4%D1%81%D0%BA%D0%B0%D0%B7%D1%83%D0%B5%D0%BC%D0%B0%D1%8F_%D0%B8_%D0%BC%D0%B0%D1%81%D1%88%D1%82%D0%B0%D0%B1%D0%B8%D1%80%D1%83%D0%B5%D0%BC%D0%B0%D1%8F_%D0%91%D0%94._%D0%9F%D1%80%D0%B5%D0%B8%D0%BC%D1%83%D1%89%D0%B5%D1%81%D1%82%D0%B2%D0%B0_%D0%B8_%D0%BD%D0%B5%D0%B4%D0%BE%D1%81%D1%82%D0%B0%D1%82%D0%BA%D0%B8_(%D0%98%D0%BB%D1%8C%D1%8F_%D0%91%D0%BE%D0%B3%D1%83%D0%BD%D0%BE%D0%B2,_ADD-2012)","Как выглядит стандартный путь rdbms по мере ее роста? Примерно так: · В итоге к концу пертурбаций имеем вроде бы реляционную базу, но фактически:"
Riak,Большие данные Riak,http://www.websphererus.com/others/riak-working-experience,"В этой статье мы рассмотрим простой пример использования NoSQL-системы <strong>Riak</strong>. Опишем процесс создания кластера, примеры создания хранилища и записи в него <strong>данных</strong>."
Riak,Большие данные Riak,https://riak.com/products/,"<strong>Riak</strong>&#x27;s distributed databases are extremely reliable and scalable, offering high availability and operational simplicity to support your big data applications."
Riak,Большие данные Riak,https://habr.com/ru/articles/265399/,В статье в ознакомительных целях рассматривается процесс создания простого хранилища простых текстовых документов на базе <strong>Riak</strong> версии 2.1.1 и организация поиска ...
Riak,Большие данные Riak,https://habr.com/ru/articles/127228/comments/,"1) Насчет решения поставленных проблем: в <strong>Riak</strong> есть link-walking. Как я понял, он нужен как раз для быстрого извлечения связанных <strong>данных</strong>, типа постов и комментариев."
Riak,Большие данные Riak,https://github.com/basho/riak,"To build <strong>riak</strong>, Erlang OTP 22 or higher is required."
Riak,Большие данные Riak,https://www.8host.com/blog/ustanovka-i-nastrojka-riak-2-i-python-3-na-servere-ubuntu-14-04/,"Однако Internet Explorer ... большинство браузеров, как правило, не поддерживают TLS 1.2, по умолчанию. Следовательно, для настройки и поддержки соединения между приложением и хранилищем <strong>данных</strong> <strong>Riak</strong> нужно ..."
Riak,Большие данные Riak,https://www.wikiwand.com/ru/Riak,"<strong>Riak</strong> — свободная горизонтально масштабируемая NoSQL-система, разработанная компанией Basho Technologies. Изначально создана под влиянием идей СУБД DynamoDB <strong>Riak</strong> CS ."
Riak,Большие данные Riak,https://highload.ru/2012/abstracts/440.html,"Первое. <strong>Riak</strong> search. Поиск в <strong>Riak</strong> – это так же, как API <strong>Riak</strong>. Что делает поиск? Вы можете хранить <strong>данные</strong> в XML, <strong>Riak</strong> индексирует эти <strong>данные</strong>. А также существуют полные тексты."
Riak,Большие данные Riak,https://habr.com/ru/companies/vk/articles/685402/,"Команда VK Cloud перевела статью о базах «ключ-значение». Вы узнаете, в чем их преимущества перед другими БД, какие базы работают по этому принципу и чем они отличаются ..."
Riak,Большие данные Riak,https://www.tiot.jp/riak-docs/riak/kv/3.2.4/,<strong>Riak</strong> KV is a distributed NoSQL database designed to deliver maximum data availability by distributing data across multiple servers.
Riak,Большие данные Riak,https://tproger.ru/translations/types-of-nosql-db,"В этой статье мы ... баз <strong>данных</strong>: ключ-значение, документоориентированной, колоночной и графовой. ... В этой статье мы познакомимся с разными типами NoSQL СУБД. ... Хранилище «ключ-значение» — в нём есть <strong>большая</strong> хеш-таблица, содержащая ключи и значения. Примеры: <strong>Riak</strong>, Amazon ..."
Riak,Большие данные Riak,https://docs.riak.com/riak/kv/2.2.3/index.html,"<strong>Riak</strong> KV is a distributed NoSQL database designed to deliver maximum data availability by distributing data across multiple servers. As long as your <strong>Riak</strong> KV client can reach one <strong>Riak</strong> server, it should be able to write data · <strong>Riak</strong> KV Enterprise includes multi-datacenter cluster replication, ..."
Riak,Большие данные Riak,https://career.habr.com/vacancies/1000029799,"Вакансия «Бэкенд-разработчик » в Москве, работа в компании «Валарм». Полная занятость. Вакансия в архиве."
Riak,Большие данные Riak,https://www.riak.info/,"<strong>Riak</strong> helps enterprises build more resilient applications for when accurate, reliable data matters. <strong>Riak</strong>’s distributed system provides incredibly high availability, data consistency and superb low-cost horizontal scaling · <strong>Riak</strong> is a distributed NoSQL database that delivers:"
Riak,Большие данные Riak,https://docs.riak.com/riak/kv/latest/learn/concepts/crdts/index.html,"<strong>Riak</strong> Data Types are convergent replicated data types (CRDTs), inspired by the work of Marc Shapiro, Nuno Preguiça, Carlos Baquero, and Marek Zawirski. <strong>Riak</strong> KV supports the following eventually-convergent data types, described in later sections: · The difference between <strong>Riak</strong> Data Types and ..."
Riak,Большие данные Riak,https://habr.com/ru/post/127228/,"Такой подход ... в будущем). <strong>Riak</strong> накладыват <strong>больше</strong> условий на разработку, но обеспечивает масштабируемость и надежность <strong>данных</strong> при работе с <strong>большим</strong> ..."
Riak,Большие данные Riak,https://habr.com/ru/articles/75202/comments/,"В основном из общения с разработчиками в списке рассылки я понял, что на <strong>данный</strong> момент есть только один <strong>большой</strong> кластер <strong>Riak</strong> — у самих разработчиков."
Riak,Большие данные Riak,https://ru.bmstu.wiki/index.php?title=Riak_TS&mobileaction=toggle_view_desktop,"<strong>Данные</strong> часто свертываются, сжимаются, а срок детализации истекает. В <strong>Riak</strong> TS производительность чтения и записи оптимизирована специально для <strong>данных</strong> временных рядов."
Riak,Большие данные Riak,https://riak.com/products/riak-kv/,"Improve application availability with our key value database, <strong>Riak</strong> KV, through data distribution automation and robust scalability"
Riak,Большие данные Riak,https://www.linux.org.ru/news/opensource/8079610,Компания Basho объявила о выходе новой версии <strong>Riak</strong> -- отказоустойчивой распределенной документо-ориентированной «NoSQL» СУБД. В этой версии: более эффективный процесс ...
Riak,Большие данные Riak,https://www.youtube.com/watch?v=rusSiz4O7qE,"http://0x1.tv/<strong>riak</strong>-bogunovRiak — простая, предсказуемая и масштабируемая БД. Преимущества и недостатки (Илья Богунов, ADD-2012)"
Riak,Большие данные Riak,https://riak.com/products/riak-ts/index.html,"Learn about how <strong>Riak</strong>&#x27;s time series database <strong>Riak</strong> TS transforms, stores and provides time series data and Internet of Things (IoT) data analysis."
Riak,Большие данные Riak,https://www.8host.com/blog/sozdanie-klastera-riak-na-servere-ubuntu/,"Эти сообщения ... <strong>больше</strong> узлов. На <strong>данном</strong> этапе нужно отредактировать все параметры с пометкой «critical». Для этого существует такой синтаксис: ... Руководствуясь выводом команды <strong>riak</strong>-admin diag, ..."
Riak,Большие данные Riak,https://www.sciencedirect.com/science/article/abs/pii/S0920548919302065,Many institutions and companies undergoing technological developments have been producing large amounts of structured and unstructured data. Special d…
Riak,Большие данные Riak,https://dic.academic.ru/dic.nsf/ruwiki/1706658,"Тип система управления базами <strong>данных</strong> Разработчик Basho Technologies Написана на Erlang, C, C++, Javascript Операционная система"
Riak,Большие данные Riak,https://docs.riak.com/riak/cs/latest/index.html,"<strong>Riak</strong> CS (Cloud Storage) is easy-to-use object storage software built on top of <strong>Riak</strong> KV, <strong>Riak</strong>’s distributed database. <strong>Riak</strong> CS is designed to provide simple, available, distributed cloud storage at any scale, and can be used to build cloud architectures—be they public or private—or as storage ..."
Riak,Большие данные Riak,https://docs.microsoft.com/ru-ru/azure/databricks/data/data-sources/riak-ts,"Не удается получить ... <strong>данных</strong> из кластера под Databricks Runtime 7,0 или более поздней версии, так как соединитель временных рядов Риак, поддерживающий Apache Spark 3,0, недоступен.You cannot access this data source from <strong>a</strong> cluster running Databricks Runtime 7.0 or above because <strong>a</strong> <strong>Riak</strong> Time Series ..."
Riak,Большие данные Riak,https://www.linux.org.ru/forum/talks/10906812,"<strong>Riak</strong> подразумевает кластер машин, он каждую запись записывает сразу в несколько экземпляров leveldb. Имеем избыточность, одновременно являющуюся репликацией и бэкапом. Любую из машин можно изъять без потери <strong>данных</strong>. и чем <strong>больше</strong> ..."
Riak,Большие данные Riak,https://medium.com/knoldus/welcome-to-the-world-of-riak-database-49b0e4ddd7ef,"Welcome to the world of <strong>Riak</strong> Database !!! Today we are going to discuss the <strong>Riak</strong> Database which is distributed NoSQL Database. In the current scenario, when there are a lot of data into the world, we …"
Riak,Большие данные Riak,https://www.site24x7.com/learn/riak-nosql-database-guide.html,"Explore <strong>Riak</strong> NoSQL database&#x27;s features, use cases, and troubleshooting tips to optimize your database performance and scalability."
Riak,Большие данные Riak,https://ru.ruwiki.ru/wiki/Riak,"<strong>Riak</strong> — разработчик, первый выпуск, аппаратная платформа, актуальная версия: подробная информация о программном обеспечении в интернет-энциклопедии РУВИКИ"
Riak,Большие данные Riak,https://www.reddit.com/r/webdev/comments/1folkga/so_how_do_you_really_pick_a_database_for_a_new/?tl=ru,"99 votes, 123 comments. Я пытался поискать это, и это только <strong>больше</strong> запутало меня, честно говоря. Я узнал, что общая идея такова: если мои <strong>данные</strong>…"
Riak,Большие данные Riak,https://rus-linux.net/MyLDP/BOOKS/Architecture-Open-Source-Applications/Vol-1/erlang-3.html,"OTP представляет собой набор библиотек Erlang и принципов проектирования, предлагаемых в виде набора готовых к применению инструментальных средств, предназначенных ..."
Riak,Большие данные Riak,https://docs.riak.com/riak/ts/1.3.1/using/querying/,"Now that you have created <strong>a</strong> <strong>Riak</strong> TS table and written data to it, you can query your data · You query data via columns. There are three categories of column, each with a different set of rules for valid queries. Query columns are based on rows in your TS table"
Riak,Большие данные Riak,https://progi.pro/riak-ts-t19148,Вопросы и ответы по программированию с меткой <strong>Riak</strong>-Ts - отвечайте на вопросы по программированию на портале Progi.pro – на все есть ответ!
Riak,"""Большие данные"" Riak",https://archive.org/details/raw-..-2019,"Москва: Родина, 2019. - 288 с. — ISBN 978-5-907149-86-1.К концу второго десятилетия XXI века мир меняется..."
Riak,"""Большие данные"" Riak",https://tass.ru/tech/6820505/amp,We cannot provide <strong>a</strong> description for this page right now
Riak,"""Большие данные"" Riak",https://russpain.com/news/ispaniya-vpervye-dostigla-celevogo-urovnya-voennyh-rashodov-nato-2-vvp-273078/,"Испания впервые достигла целевого уровня военных расходов НАТО — 2% ВВП В 2025 году Испания впервые выполнила обязательство по военным расходам, выделив 2% ВВП на ..."
Riak,Big Data Riak,https://harvardonline.harvard.edu/blog/pros-cons-big-data,"One of the primary concerns with big data is the potential for <strong>data privacy breaches and security vulnerabilities</strong>. Collecting and analyzing large volumes of data increases the risk of unauthorized access, data leaks, and cyber attacks, posing ..."
Riak,Big Data Riak,https://www.americanexpress.com/en-us/business/trends-and-insights/articles/benefits-of-using-big-data-in-risk-management/,"Big data can play an integral role in business risk management. Learn how big data can be used to spot fraud, protect critical assets, prevent losses, and more."
Riak,Big Data Riak,https://www.zengrc.com/blog/applying-big-data-to-risk-management/,"VRM allows you to select vendors, assess the severity of risks, establish internal controls to mitigate the risk, such as firewalls or multifactor authorizations, and then monitor the vendors’ ongoing activity. Predictive analytics supply an accurate and detailed method to prevent and minimize fraudulent or suspicious activity. That’s vital in an era when money laundering traffickers have become more sophisticated in their techniques. An arsenal of <strong>big data risk</strong> management and mitigation techniques is applied by governments and international lending institutions."
Riak,Big Data Riak,https://www.future-processing.com/blog/7-common-big-data-security-issues/,"With all the advanced architectures that are being created to store Big Data, the threat of greater criminal activity rises. Digital threats such as malware pose a very real risk to companies seeking to protect their information."
Riak,Big Data Riak,https://www.integrate.io/blog/big-data-security-concerns/,"Had he not been caught by the FBI, the company could&#x27;ve lost their place in the race to self-driving vehicles. Hackers and data thieves present significant risks, but the biggest cybersecurity risk faced by American businesses is <strong>employee negligence</strong>."
Riak,Big Data Riak,https://epic.org/issues/consumer-privacy/big-data/,"As related communications revealed, the report grew out of the White House’s efforts around big data. The Justice Department report highlights the risks of “making decisions about sentencing—where individual liberty is at stake in the most fundamental way—based on historical data about other people,” explaining that “equal justice demands that sentencing determinations be based primarily on the defendant’s own conduct and criminal history.”"
Riak,Big Data Riak,https://milvus.io/ai-quick-reference/what-is-the-role-of-big-data-in-risk-management,"Big data plays a critical role in modern risk management by <strong>enabling organizations to analyze vast amounts of information to identify, predict, and mitigate risks more effectively</strong>."
Riak,Big Data Riak,https://www.reddit.com/r/actuary/comments/18wtk3o/hidden_hazards_unveiling_the_dark_side_of_big_data/,"New risks, products and liabilities are emerging and are becoming antiquated before they can even ossify. Constant revolutionizing of technology constantly keeps our social relations in everlasting uncertainty. Pre-emptive action and pro-active in the nick-of-time involvement is now perhaps the only way for us to go about dealing with the rapid fast-moving present and future. The implications of big data extend beyond technology and into ethical realms."
Riak,Big Data Riak,https://qarar.org/big-data-in-risk-management/,"This is an improvement in monitoring risk and reducing the noise from too much data but little business value. Strengthened evidence based decisions across a wider population has lead to growth opportunity and financial inclusion. All of the above are leading to significant cost savings in risk management over the long term. Adopting Big data in an organization also comes with its challenges, and its therefore critical for organisations to plan with a long term mind-set."
Riak,Big Data Riak,https://accendoreliability.com/using-big-data-identify-trends-evolving-risks/,"<strong>Big Data can be used to extract risk collateral but more importantly, for identifying threats and evolving risks</strong>. Traditional risk management systems rely almost exclusively on risk reviews to identify threats and evolving risks, which is both ..."
Riak,Big Data Riak,https://www.smartdatacollective.com/key-challenges-companies-face-with-big-data-security/,"Big data security seems to gain more attention with each passing year. In fact, the World Quality Report of 2015-2016 claims that security is the number one priority, and concern, of IT departments around the world. This is because, over recent years, companies have begun using multiple external applications to carry out company processes. This has greatly increased the security challenges of a company and the risk big data breaches."
Riak,Big Data Riak,https://www.talend.com/resources/big-data-privacy/,Big data is an asset in this digital age - and a privacy risk when managed poorly.
Riak,Big Data Riak,https://academic.oup.com/idpl/article/4/2/89/734787,"Given the present state of technology, there are risks associated with big data analytics: <strong>source data may be misunderstood or contain errors and analytics processes may introduce new errors or be less exact than intended</strong>."
Riak,Big Data Riak,https://Big-Data-Risk.com/,We cannot provide a description for this page right now
Riak,Big Data Riak,https://www.datamation.com/big-data/big-data-challenges/,"This volume, velocity, and variety ... reasons why, and solutions to help overcome these obstacles. <strong>Security is one of the most significant risks of big data</strong>...."
Riak,Big Data Riak,https://itchronicles.com/big-data/danger-of-big-data/,"These are some dangers of big data: <strong>data breaches, ethical dilemmas, and the potential for abuse</strong>. To mitigate these risks, organizations need to prioritize data security, adhere to privacy regulations, and implement ethical data practices."
Riak,Big Data Riak,https://www.linkedin.com/top-content/technology/technology-risk-assessment/risk-assessment-in-big-data-analytics/,We cannot provide a description for this page right now
Riak,Big Data Riak,https://www.analytikus.com/post/2017/04/28/why-is-big-data-so-dangerous,"While a new fighter jet or a new type of bomb can certainly wreck havoc, <strong>big data has the potential to insidiously undermine and subtly (and not-so subtly) change almost every aspect of modern life</strong>."
Riak,Big Data Riak,https://www.erm-academy.org/publication/risk-management-article/the-data-risk-how-digital-transformation-is-compromising-security,"As businesses race toward digital ... computing, and data analytics is reshaping industries, these advancements come at a cost. <strong>Data breaches, cyberattacks, and regulatory headaches</strong> are just a few risks lurking behind the promise of innovation...."
Riak,Big Data Riak,https://aisel.aisnet.org/cgi/viewcontent.cgi?article=1037&context=sais2015,"Outsourcing to cloud service · providers allows companies to focus on their core business. When companies rely on others to store their data, some control · over the data is lost. <strong>Confidentiality, system integrity, data integrity, and reliability</strong> may all become a greater risk when total"
Riak,Big Data Riak,https://medium.com/excardo/big-data-big-risks-big-opportunities-7dd82b7abdc0,"<strong>Big</strong> <strong>Data</strong>, <strong>Big</strong> <strong>Risks</strong>, <strong>Big</strong> Opportunities <strong>Big</strong> <strong>Data</strong> is an area of <strong>data</strong> analytics and research that is increasingly popular. <strong>Big</strong> <strong>Data</strong> has been used to predict the spread of disease with greater accuracy …"
Riak,Big Data Riak,https://ieeexplore.ieee.org/document/9985709/,"In order to achieve research aim, the paper has conducted literature review, where it has discussed different forms of <strong>big</strong> <strong>data</strong> and different organisations that use <strong>big</strong> <strong>data</strong> regarding <strong>risk</strong> management. It has only used topic-related existing resources to get a clear insight into this topic."
Riak,Big Data Riak,https://www.fdd.org/analysis/2024/10/21/how-to-manage-ai-big-data-risks/,"Artificial intelligence (AI) is no longer a science fiction fantasy—but AI systems are only as good as the code, training <strong>data</strong>, and algorithms used to create them. As AI continues transforming..."
Riak,Big Data Riak,https://intetics.com/blog/big-data-security-issues-and-challenges/,"As we delve deeper into massive amounts of <strong>data</strong>, we cannot ignore the need to address <strong>big</strong> <strong>data</strong> privacy concerns. There is sensitive information on the line and serious consequences if it falls into the wrong hands. So, let’s consider these <strong>risks</strong> and discuss how to mitigate them and ensure ..."
Riak,Big Data Riak,https://www.pwc.com/us/en/services/consulting/cybersecurity-risk-regulatory/library/data-risk-is-everywhere.html,Safeguard your organization from <strong>data</strong> <strong>risks</strong> with these five key steps. Stay ahead of the threat landscape and safeguard your business with expert strategies.
Riak,Big Data Riak,https://www.sciencedirect.com/science/article/abs/pii/S0305048321001110,"In the current era of unprecedented technological advancements, the effective use of <strong>big</strong> <strong>data</strong> analytics has become a fundamental requirement for organ…"
Riak,Big Data Riak,https://acr-journal.com/article/rethinking-risk-management-the-role-of-ai-and-big-data-in-financial-forecasting-890/,"In recent years, the financial sector has witnessed a significant transformation in its approach to <strong>risk</strong> management, driven by advancements in artificial intelligence (AI) and <strong>big</strong> <strong>data</strong> analytics. Traditional <strong>risk</strong> …"
Riak,Big Data Riak,https://www.cavelo.com/blog/big-data-security-issues,This blog reviews primary <strong>data</strong> security <strong>risks</strong> associated with <strong>big</strong> <strong>data</strong> and the recommended frameworks companies can apply to safeguard <strong>big</strong> <strong>data</strong>.
Riak,Big Data Riak,https://www.fortra.com/blog/what-data-risk-management-top-risks-best-practices,"<strong>Data</strong> <strong>risk</strong> management refers to the process through which an organization identifies, assesses, and mitigates <strong>data</strong>-related <strong>risks</strong>. Learn more about <strong>data</strong> <strong>risk</strong> management and some of the best <strong>data</strong> <strong>risk</strong> management practices in this blog."
Riak,Big Data Riak,https://www.information-age.com/risks-ignoring-big-data-29090/,Enterprises that choose to avoid using <strong>big</strong> <strong>data</strong> analytics techniques because of the possible dangers may be creating <strong>risk</strong> of another type.
Riak,Big Data Riak,https://www.quora.com/What-are-the-risks-companies-are-facing-related-to-their-use-of-big-data,"Answer: There are two large <strong>risks</strong> I think facing companies from their usage of <strong>Big</strong> <strong>Data</strong>. 1. Crap in equals crap out. With <strong>Big</strong> <strong>Data</strong>, there is access to a large amount of unstructured wealth. Just like structured <strong>data</strong> in a relational database, the value and quality of the <strong>data</strong> dictates the value ..."
Riak,Big Data Riak,https://www.datamation.com/big-data/big-data-pros-and-cons/,Explore the many pros and cons of using <strong>big</strong> <strong>data</strong> in your business. Get an in-depth look at the advantages &amp; disadvantages of <strong>big</strong> <strong>data</strong> now.
Riak,Big Data Riak,https://www.linkedin.com/pulse/20141029153902-444116-executives-beware-8-big-data-risks-that-can-ruin-your-business,We cannot provide a description for this page right now
Riak,Big Data Riak,https://rarecrew.com/blog/post/big-data-analytics-in-enterprise-risk-management-applications-for-your-business,"Rare Crew builds secure, custom enterprise software for growing companies. ISO 27001 certified teams delivering scalable web, mobile, and <strong>data</strong> solutions worldwide."
Riak,Big Data Riak,https://www.researchgate.net/publication/375119518_Bigdata_Analytics_for_Enterprise_Risk_Management_A_Review,"Bigdata analytics integration in Enterprise <strong>Risk</strong> Management (ERM) features of the modern and transformative impact and <strong>risk</strong> assessment models. The advent of <strong>Big</strong> <strong>Data</strong> and advanced analytics has revolutionized the organizational identification, assessment, and <strong>risk</strong> mitigation model, hence the ..."
Riak,Big Data Riak,https://www.cfr.org/event/risks-and-rewards-big-data,"The Council on Foreign Relations (CFR) is an independent, nonpartisan member organization, think tank, and publisher."
Riak,Big Data Riak,https://www.intechopen.com/chapters/62977,"Nowadays, it is quite common to manage projects with the use of digitally collected <strong>data</strong>. <strong>The</strong> <strong>Big</strong> <strong>Data</strong> (BD) analysis can enhance the quality of information taken from these records and be used for project management. Moreover, it can be a project <strong>risk</strong> management tool."
Riak,Big Data Riak,https://www.scirp.org/journal/paperinformation?paperid=122828,"Unlocking Hidden <strong>Data</strong>: <strong>How</strong> <strong>Big</strong> <strong>Data</strong> Revolutionizes <strong>Risk</strong> Assessment &amp; Management. Discover how leading tech companies like Apple, Amazon, and Google leverage modern technology to mitigate <strong>risks</strong>. Comparative case study analysis provides valuable insights for organizations adopting <strong>big</strong> <strong>data</strong> <strong>in</strong> <strong>risk</strong> ..."
Riak,Big Data Riak,https://www.linkedin.com/pulse/managing-risks-big-data-analytics-david-kelley,We cannot provide a description for this page right now
Riak,Big Data Riak,https://www.forbes.com/councils/forbestechcouncil/2023/04/13/big-data-big-risks-how-startups-can-safeguard-their-customers-information/,"While <strong>big</strong> <strong>data</strong> can be a powerful tool for driving business growth and improving customer satisfaction, it also presents significant <strong>risks</strong>, particularly for startups needing more resources to invest in robust cybersecurity measures."
Riak,Big Data Riak,https://riak.com/assets/RelationaltoRiakDEC.pdf,"<strong>Riak</strong> stores all types of objects. <strong>Riak</strong>, as a key/value platform, provides more flexibility and simplicity than a traditional · relational database."
Riak,Big Data Riak,https://riak.com/newsroom/index.html,Stay up to date about the latest announcements regarding <strong>Riak</strong> products and the recent news from around the NoSQL industry. Visit our website to learn more.
Riak,Big Data Riak,https://www.researchgate.net/publication/339297438_Evaluating_Riak_Key_Value_Cluster_for_Big_Data,"PDF | NoSQL database has become an important alternative to traditional relational databases. Those databases are prepared by the management of large,... | Find, read and cite all the research you need on ResearchGate"
Riak,Big Data Riak,https://riak.com/blog/index.html,"Stay informed about the latest news or events in regards to <strong>Riak</strong>, <strong>Riak</strong>, <strong>the</strong> <strong>Riak</strong> <strong>Data</strong> Platform and the NoSQL universe. Visit our NoSQL blog to view all our updates."
Riak,Big Data Riak,https://www.researchgate.net/publication/342125596_Analysis_and_Evaluation_of_the_Riak_Cluster_Environment_in_Distributed_Databases,"In the era of <strong>big</strong> <strong>data</strong>, these databases provide a scalable solution with high availability. In this context, we need new architectures in order to store more and more different kinds of <strong>data</strong>. To obtain a good structure for large and diverse <strong>data</strong>, structures must be tested and analyzed in depth with the use of different benchmark tools. In this paper, we test the <strong>Riak</strong> ..."
Riak,Big Data Riak,https://riak.com/riak-users-mobile/,"They are growing and evolving quickly ... their <strong>Big</strong> <strong>Data</strong> application challenges. Since most of this <strong>data</strong> is unstructured and the volume is constantly growing, traditional relational databases can’t meet the requirements and are expensive. Tech companies need a database that can scale easily, is globally available, and can handle the massive growth in unstructured <strong>data</strong> cost effectively. <strong>Riak</strong> was designed ..."
Riak,Big Data Riak,https://grokipedia.com/page/Riak,"<strong>Riak</strong> is an open-source, distributed ... applications.[1][3] Developed by Basho Technologies starting in 2008, <strong>Riak</strong> emerged as one of the early distributed NoSQL solutions aimed at simplifying enterprise <strong>data</strong> management for <strong>big</strong> <strong>data</strong> and high-velocity environments.[4] Basho, founded to ..."
Riak,Big Data Riak,https://www.riak.info/projects/riak-kv/,"With a key/value design that delivers powerful – yet simple – <strong>data</strong> models for storing massive amounts of unstructured <strong>data</strong>, <strong>Riak</strong> KV is built to handle a variety of challenges facing <strong>Big</strong> <strong>Data</strong> applications that include tracking user or session information, storing connected device <strong>data</strong> and ..."
Riak,Big Data Riak,https://dwti.net/big-data-copy-copy-2-copy/,"Seamlessly integrate or geographically diversify your <strong>big</strong> <strong>data</strong> nodes, clusters, or shards around the world. Handle large workloads and <strong>data</strong> volumes by scaling out on demand. Add new hardware with the latest processors without having to reconfigure your solution. Expand storage capacity as you need it. Install the software of your choosing. We have options for MongoDB, <strong>Riak</strong>..."
Riak,Big Data Riak,https://riak.com/products/riak-kv/riak-distributed-data-types/index.html,"Get to market faster <strong>Riak</strong> Distributed <strong>Data</strong> Types automatically handle conflict resolution, which means less code to write for your developers. Less code and less complexity mean faster time to market for your critical features. Reduce costs Controlling development costs is important for your <strong>Big</strong> ..."
Riak,Big Data Riak,https://riak.com/products/riak-s2/index.html?p=6196.html,"Optimized for public, private or hybrid clouds, <strong>Riak</strong> S2 is Amazon S3- and OpenStack Swift-compatible, has robust APIs, and scales easily to handle petabytes of <strong>data</strong> using commodity software that provides near-linear performance increases as capacity is added. Powerful functionality that keeps your <strong>Big</strong> ..."
Riak,Big Data Riak,https://billo.gitbooks.io/lfe-little-riak-book/content/ch1/2.html,"<strong>Big</strong> <strong>Data</strong> are high-volume, high-velocity, and/or high-variety information figures that require new forms of processing to enable enhanced decision making, insight discovery and process optimization. The sweet spot of <strong>Riak</strong> is high-volume (<strong>data</strong> that&#x27;s available to read and write when you need ..."
Riak,Big Data Riak,https://riak.com/assets/RelationaltoRiak.pdf,"how to intelligently split the dataset without negatively · impacting performance, operations, and development presents · a substantial challenge — especially when dealing with “<strong>big</strong>"
Riak,Big Data Riak,https://doaj.org/article/01bf6c818af7408c8634f86dfb601dcd,"NoSQL database has become an important alternative to traditional relational databases. Those databases are prepared by the management of large,..."
Riak,Big Data Riak,https://riak.com/about/index.html,"<strong>Riak</strong> empowers enterprise level <strong>big</strong> <strong>data</strong> applications to store and retrieve unstructured <strong>data</strong>, by providing a highly available and scalable database distributed system."
Riak,"""Big Data"" Riak",https://www.prnewswire.com/news-releases/basho-unveils-riak-ts-to-transform-how-enterprises-store-and-analyze-unstructured-data-300154720.html,"As a result, companies are demanding database solutions that are operationally easy and specifically optimized to handle this type of data. Built on the same core Riak foundation, we now provide a solution specifically optimized for storing and retrieving unstructured data, making us the only NoSQL player that has specialized offerings for key value, large object and time series data."
Riak,"""Big Data"" Riak",https://riak.com/content/uploads/2016/05/RiakKV-Enterprise-Technical-Overview-6page.pdf,"In any system that replicates data, inconsistencies can arise. For · example, when two clients update the same object at the exact · same time, or when not all updates have yet reached hardware ... BASHO TECHNOLOGIES, INC. // WWW.BASHO.COM · WHITEPAPER: RIAK® KV ENTERPRISE TECHNICAL OVERVIEW"
Riak,"""Big Data"" Riak",https://www.informationweek.com/machine-learning-ai/basho-revamps-riak-open-source-database,"Riak Enterprise 2.0 adds support for what Basho calls pre-built data types, but think of them as popular functions. With eventually consistent databases, you have to figure out how to resolve write conflicts when people and machines are doing data updates all over the world."
Riak,"""Big Data"" Riak",https://www.softwareadvice.com/bi/riak-tv-profile/,"Additionally, administrators can replicate data to meet requirements for disaster recovery, backups and data compliance. Riak KV facilitates integration with several solutions such as RedisCaching and Apache Solr, Spark, and Mesosto, enabling businesses to streamline Big Data operations."
Amazon DynamoDB,Большие данные Amazon DynamoDB,https://aws.amazon.com/dynamodb/,"Media and Entertainment customers choose Amazon DynamoDB for scalability, performance, and resiliency. DynamoDB helps customers manage their streaming and content metadata access needs with nearly unlimited throughput."
Amazon DynamoDB,Большие данные Amazon DynamoDB,https://en.wikipedia.org/wiki/Amazon_DynamoDB,"Amazon&#x27;s developers opted for &quot;just works&quot; design patterns with S3 and SimpleDB. While these systems had noticeable design flaws, they did not demand the overhead of provisioning hardware and scaling and re-partitioning data. Amazon&#x27;s next iteration of NoSQL technology, DynamoDB, automated these database management operations."
Amazon DynamoDB,Большие данные Amazon DynamoDB,https://docs.aws.amazon.com/whitepapers/latest/big-data-analytics-options/amazon-dynamodb.html,"DynamoDB stores structured data in tables, indexed by primary key, and allows low-latency read and write access to items ranging from 1 byte up to 400 KB. DynamoDB supports three data types (number, string, and binary), in both scalar and multi-valued sets. It supports document stores such as JSON, XML, or HTML in these data types."
Amazon DynamoDB,Большие данные Amazon DynamoDB,https://koder.ai/ru/blog/amazon-dynamodb-obyasnenie-sozdanie-masshtabiruemyh-sistem,"В on-demand следите за неэффективными паттернами (большие items, чатти-клиенты), которые увеличивают количество запросов. Относитесь к Scan как к крайнему средству — если нужен полный проход по таблице, выполняйте его в непиковое время или как управляемую batch-операцию с пагинацией и бэкоффом. DynamoDB сияет, когда приложение можно выразить через набор хорошо определённых шаблонов доступа и нужна стабильная низкая задержка при большом масштабе."
Amazon DynamoDB,Большие данные Amazon DynamoDB,https://aws.amazon.com/ru/dynamodb/faqs/,"Get answers to FAQs about Amazon DynamoDB, a fully managed NoSQL database service, including info on security, throughput, capacity, pricing, and scalability."
Amazon DynamoDB,Большие данные Amazon DynamoDB,https://docs.aws.amazon.com/amazondynamodb/latest/developerguide/bp-use-s3-too.html,"Read about best practices for storing large items and attribute values in DynamoDB. This page covers techniques such as compressing large attributes, using vertical partitioning to break down large items, and storing large values in Amazon Simple Storage Service."
Amazon DynamoDB,Большие данные Amazon DynamoDB,https://aws.amazon.com/dynamodb/features/,"Amazon DynamoDB is a fully managed and serverless NoSQL database with features such as in-memory caching, global replication, real time data processing and more."
Amazon DynamoDB,Большие данные Amazon DynamoDB,https://aws.amazon.com/dynamodb/pricing/,"The DynamoDB free tier is enough for about 200M requests/month (depending on item size) and can be used for personal apps, prototypes, or learning/certification needs. It uses provisioned capacity and the DynamoDB Standard table class."
Amazon DynamoDB,Большие данные Amazon DynamoDB,https://builder.aws.com/learn,"Connect with builders who understand your journey. Share solutions, influence AWS product development, and access useful content that accelerates your growth. Your community starts here."
Amazon DynamoDB,Большие данные Amazon DynamoDB,https://aws.amazon.com/dynamodb/resources/,"This IDC report explores the value and benefits for organizations using DynamoDB to support their business goals and database transformation efforts, calculating an annual average benefit of $8.48 million and 378% three-year ROI."
Amazon DynamoDB,Большие данные Amazon DynamoDB,https://aws.amazon.com/tutorials/turn-based-game-dynamodb-amazon-sns/,"Amazon DynamoDB is a fully-managed, NoSQL database that provides lightning-fast performance at any scale."
Amazon DynamoDB,Большие данные Amazon DynamoDB,https://docs.aws.amazon.com/dynamodb/,"Amazon DynamoDB is a fully managed NoSQL database service that provides fast and predictable performance with seamless scalability. You can use Amazon DynamoDB to create a database table that can store and retrieve any amount of data, and serve any level of request traffic."
Amazon DynamoDB,Большие данные Amazon DynamoDB,https://docs.aws.amazon.com/amazondynamodb/latest/developerguide/Introduction.html,"DynamoDB addresses your needs to overcome scaling and operational complexities of relational databases. DynamoDB is purpose-built and optimized for operational workloads that require consistent performance at any scale. For example, DynamoDB delivers consistent single-digit millisecond performance for a shopping cart use case, whether you have 10 or 100 million users."
Amazon DynamoDB,Большие данные Amazon DynamoDB,https://mykola.today/glubokoe-pogruzhenie-v-dynamodb-chast-pervaja-osnovy/,Amazon DynamoDB (далее я буду использовать аббревиатуру DDB) – это <strong>полуструктурированное wide-column хранилище</strong>.
Amazon DynamoDB,Большие данные Amazon DynamoDB,https://www.reddit.com/r/aws/comments/1h9h3ke/is_there_any_reason_to_use_dynamodb_anymore/,"Haha I always loved making that argument with management. Like uhh, so you want me to build a NoSQL cluster that is gonna handle hundreds of petabytes and 500,000 reads/second? Yeah, we can probably lock into DynamoDB."
Amazon DynamoDB,Большие данные Amazon DynamoDB,https://aws.amazon.com/documentation-overview/dynamodb/,"Integration with Amazon S3 - DynamoDB supports bulk data imports in various formats from Amazon S3, helping you migrate data from other systems, load test data, facilitate data sharing between tables and accounts, and simplify your disaster recovery and business continuity plans."
Amazon DynamoDB,Большие данные Amazon DynamoDB,https://aws.amazon.com/dynamodb/global-tables/,"Global tables eliminate the complexity and operational burden of deploying and managing multi-active, multi-Region replication in DynamoDB. You can select the Regions where you need your data replicated and DynamoDB handles the rest. You can choose either eventual consistency or strong consistency for replication between table replicas across Regions."
Amazon DynamoDB,Большие данные Amazon DynamoDB,https://appmaster.io/ru/glossary/dinamobd,"По своей сути DynamoDB разработан с упором на производительность, масштабируемость и отказоустойчивость. Его задержка, составляющая одну цифру миллисекунды, позволяет обрабатывать большие объемы данных в реальном времени, что делает его подходящим для приложений, созданных AppMaster, предназначенных для сценариев использования с высокой нагрузкой."
Amazon DynamoDB,Большие данные Amazon DynamoDB,https://apix-drive.com/en/dynamodb,"The capabilities of this database allow you to run applications with high stability and performance, with virtually unlimited memory and bandwidth. It also supports automatic data replication across multiple regions. Amazon DynamoDB provides information protection by encryption, automatic backup and recovery, and guarantees users more than 99.9% uptime, according to the provisions of the SLA."
Amazon DynamoDB,Большие данные Amazon DynamoDB,https://www.zmax.work/amazon-dynamodb/,"Главный технический директор <strong>Amazon</strong> Вернер Фогель сделал объявление о выпуске в веб-трансляции, где он описал <strong>DynamoDB</strong> как: результат всего того, чему мы научились при создании <strong>больших</strong> нереляционных баз <strong>данных</strong> ..."
Amazon DynamoDB,Большие данные Amazon DynamoDB,https://habr.com/ru/articles/732578/,"Я стал <strong>большим</strong> сторонником <strong>DynamoDB</strong> за последние несколько лет. Эта база <strong>данных</strong> имеет много сильных сторон, которых нет у конкурентов, таких как гибкая ценовая модель, ..."
Amazon DynamoDB,Большие данные Amazon DynamoDB,https://coderlessons.com/tutorials/bazy-dannykh/uchitsia-dynamodb/dynamodb-kratkoe-rukovodstvo,"<strong>DynamoDB</strong> - Обзор <strong>DynamoDB</strong> позволяет пользователям создавать базы <strong>данных</strong>, способные хранить и извлекать любой объем <strong>данных</strong> и обслуживать любой объем"
Amazon DynamoDB,Большие данные Amazon DynamoDB,https://aws.amazon.com/ru/dynamodb/resources/,"Explore developer resources, developer guides, API references, best practices, and more documentation to learn how to use <strong>DynamoDB</strong> to build high performing applications."
Amazon DynamoDB,Большие данные Amazon DynamoDB,https://www.itweek.ru/its/article/detail.php?ID=159228,"В дополнение к линейке реляционных СУБД (MySQL, PostgreSQL, Oracle, Microsoft SQL Server) компания <strong>Amazon</strong> с 2012 г. предлагает облачный доступ к NoSQL СУБД <strong>DynamoDB</strong>. В чем отличие <strong>данного</strong> сервиса ..."
Amazon DynamoDB,Большие данные Amazon DynamoDB,https://aws.amazon.com/ru/about-aws/whats-new/2024/05/amazon-dynamodb-configurable-throughput-on-demand-tables/,Узнайте <strong>больше</strong> о новинках AWS с помощью В локальной версии <strong>Amazon</strong> <strong>DynamoDB</strong> поддерживается настройка максимальной пропускной способности для таблиц по требованию
Amazon DynamoDB,Большие данные Amazon DynamoDB,https://dic.academic.ru/dic.nsf/ruwiki/1694944,"«<strong>Amazon</strong> <strong>DynamoDB</strong> — ... <strong>больших</strong> интернет-масштабируемых приложений.»[3] <strong>DynamoDB</strong> отличается среди служб <strong>Amazon</strong> тем, что позволяет разработчиками приобретать сервис, основанный на производительности (throughput), а не на хранении (storage). <strong>DynamoDB</strong> автоматически распределяет <strong>данные</strong> и трафик ..."
Amazon DynamoDB,Большие данные Amazon DynamoDB,https://aws.amazon.com/ru/dynamodb/dax,"<strong>Amazon</strong> <strong>DynamoDB</strong> (DAX) is a fully managed, highly available caching service built for <strong>Amazon</strong> <strong>DynamoDB</strong>. DAX delivers up to a 10 times performance improvement—from milliseconds to microseconds—even at millions of requests per second."
Amazon DynamoDB,Большие данные Amazon DynamoDB,https://ru.linkedin.com/pulse/amazon-dynamodb-architecture-features-asim-hafeez?tl=ru,We cannot provide a description for this page right now
Amazon DynamoDB,Большие данные Amazon DynamoDB,https://habr.com/ru/news/960394/,<strong>Amazon</strong> раскрыла причину многочасового сбоя в работе облачных сервисов <strong>Amazon</strong> Web Services. Это была проблема с DNS-серверами <strong>DynamoDB</strong> из-за ошибки в ПО для автоматизации.
Amazon DynamoDB,Большие данные Amazon DynamoDB,https://habr.com/ru/articles/144762/,"В этой статье я ... и <strong>Amazon</strong> <strong>DynamoDB</strong> – WATS и ADDB соответственно. С точки зрения функциональности WATS и ADDB предоставляют похожие возможности. Обе – NoSQL-системы, предназначенные для хранения <strong>большого</strong> количества <strong>данных</strong>..."
Amazon DynamoDB,Большие данные Amazon DynamoDB,https://ru.wikipedia.org/wiki/Amazon_DynamoDB,"<strong>DynamoDB</strong> — система управления базами <strong>данных</strong> класса NoSQL в формате «ключ — значение», предлагаемая <strong>Amazon</strong>.com как часть пакета <strong>Amazon</strong> Web Services."
Amazon DynamoDB,Большие данные Amazon DynamoDB,https://aws.amazon.com/dynamodb/integrations/,"Easily integrate your workloads with <strong>Amazon</strong> <strong>DynamoDB</strong> Accelerator (DAX) for up to 10 times performance improvement, <strong>Amazon</strong> OpenSearch Service to enable real-time search and analytics capabilities, and a variety of other AWS services."
Amazon DynamoDB,Большие данные Amazon DynamoDB,https://www.amazonaws.cn/en/documentation-overview/dynamodb/,"<strong>Amazon</strong> Kinesis Data Streams for <strong>DynamoDB</strong> is designed to capture item-level changes in your <strong>DynamoDB</strong> tables as a Kinesis data stream. This feature helps you to build advanced streaming applications such as real-time log aggregation, real-time business analytics, and Internet of Things data capture."
Amazon DynamoDB,Большие данные Amazon DynamoDB,https://www.reddit.com/r/aws/comments/qanke9/pls_anyone_can_explain_this_amazon_dynamodb/?tl=ru,We cannot provide a description for this page right now
Amazon DynamoDB,Большие данные Amazon DynamoDB,https://aws.amazon.com/ru/products/databases/,"The broadest selection of various cloud databases including relational and NoSQL purpose-built databases, fully managed, high performance, and ready to scale."
Amazon DynamoDB,Большие данные Amazon DynamoDB,https://aws.amazon.com/about-aws/whats-new/2026/05/aws-extenddb-dynamodb/,"Discover more about what&#x27;s new at AWS with AWS announces ExtendDB, an open source <strong>DynamoDB</strong>-compatible adapter"
Amazon DynamoDB,Большие данные Amazon DynamoDB,https://aws.amazon.com/blogs/aws/category/database/amazon-dynamodb/,"There’s something genuinely energizing about working with startups — something I’ve been doing intensely for more than two years now. Startups operate at a different frequency: the urgency is real, the constraints are tight, and the stakes are personal."
Amazon DynamoDB,Большие данные Amazon DynamoDB,https://aws.amazon.com/free/database/,"Build a database in the cloud for free with AWS Free Tier, which includes everything you need to build, deploy, and run modern database applications in the cloud."
Amazon DynamoDB,Большие данные Amazon DynamoDB,https://aws.amazon.com/blogs/database/evolve-your-amazon-dynamodb-tables-data-model/,"In this post, we show you how to evolve your <strong>DynamoDB</strong> table’s data model to meet changing application requirements while maintaining zero downtime in production systems. We explore two main techniques with examples that you can apply to your own applications: Adding new attributes and Creating ..."
Amazon DynamoDB,Большие данные Amazon DynamoDB,https://habr.com/ru/company/epam_systems/blog/159789/,В последнее время веб-приложения генерируют и потребляют постоянно возрастающие объёмы <strong>данных</strong>. Для примера: в онлайн-игру на старте могут играть всего пара тысяч ...
Amazon DynamoDB,Большие данные Amazon DynamoDB,https://soware.ru/products/amazon-dynamodb,"Функциональные возможности <strong>Amazon</strong> <strong>DynamoDB</strong>: Высокопроизводительный доступ к <strong>данным</strong>. Платформа обеспечивает быстрый доступ к <strong>данным</strong> с низкой задержкой, что позволяет приложениям работать эффективно даже при высоких нагрузках и <strong>большом</strong> ..."
Amazon DynamoDB,Большие данные Amazon DynamoDB,https://coderlessons.com/articles/programmirovanie/uchebnoe-posobie-po-amazon-dynamodb-ultimate-guide-pdf-download,"В одном разделе может храниться до 10 ГБ <strong>данных</strong>, т. Е. <strong>DynamoDB</strong> будет разбивать <strong>данные</strong> на разделы, когда раздел станет <strong>больше</strong> 10 ГБ."
Amazon DynamoDB,Большие данные Amazon DynamoDB,https://aws.amazon.com/ru/dynamodb/migrations/,"Explore developer resources, developer guides, API references, best practices, and more documentation to learn how to use <strong>DynamoDB</strong> to build high performing applications."
Amazon DynamoDB,Большие данные Amazon DynamoDB,https://awsnarusskom.podbean.com/e/021%D0%B2%D1%81%D0%B5-%D0%BEdynamodb%D0%B4%D0%BB%D1%8F-%D0%BD%D0%B0%D1%87%D0%B8%D0%BD%D0%B0%D1%8E%D1%89%D0%B8%D1%85%D0%B8-%D0%BD%D0%B5/,"В этом выпуске мы поговорили о <strong>DynamoDB</strong>, что это за база данных такая. Начали с основ, какого именно типа база данных <strong>DynamoDB</strong>, как именно <strong>данные</strong> хранятся в таблицах."
Amazon DynamoDB,Большие данные Amazon DynamoDB,https://apix-drive.com/ru/help/amazon-dynamodb,"ApiX-Drive | СПРАВКА -&gt; <strong>AMAZON</strong> <strong>DYNAMODB</strong> (источник) | Онлайн Конструктор Интеграций по API. В Справке собрана пошаговая инструкция как пользоваться нашим сервисом (видео, скрины)."
Amazon DynamoDB,Большие данные Amazon DynamoDB,https://www.usenix.org/conference/atc22/presentation/elhemali,"<strong>Amazon</strong> <strong>DynamoDB</strong> is a NoSQL cloud database service that provides consistent performance at any scale. Hundreds of thousands of customers rely on <strong>DynamoDB</strong> for its fundamental properties: consistent performance, availability, durability, and a fully managed serverless experience."
Amazon DynamoDB,Большие данные Amazon DynamoDB,https://aws.amazon.com/tutorials/data-modeling-gaming-app-with-dynamodb/,"Follow step-by-step instructions to learn advanced data modeling patterns · In this lab, you learn advanced data modeling patterns in <strong>Amazon</strong> <strong>DynamoDB</strong>. When using <strong>DynamoDB</strong>, it is important to consider how you will access your data (your access patterns) before you model your data."
Amazon DynamoDB,Большие данные Amazon DynamoDB,https://aws.amazon.com/dynamodbaccelerator/,"<strong>Amazon</strong> <strong>DynamoDB</strong> (DAX) is a fully managed, highly available caching service built for <strong>Amazon</strong> <strong>DynamoDB</strong>. DAX delivers up to a 10 times performance improvement—from milliseconds to microseconds—even at millions of requests per second."
Amazon DynamoDB,Большие данные Amazon DynamoDB,https://aws.amazon.com/blogs/big-data/category/database/amazon-dynamodb/,"We’re excited to announce the general availability (GA) of <strong>Amazon</strong> <strong>DynamoDB</strong> zero-ETL integration with <strong>Amazon</strong> Redshift, which enables you to run high-performance analytics on your <strong>DynamoDB</strong> data in <strong>Amazon</strong> Redshift with little to no impact on production workloads running on <strong>DynamoDB</strong>."
Amazon DynamoDB,Большие данные Amazon DynamoDB,https://aws.amazon.com/dynamodb/faqs/,"Get answers to FAQs about <strong>Amazon</strong> <strong>DynamoDB</strong>, <strong>a</strong> fully managed NoSQL database service, including info on security, throughput, capacity, pricing, and scalability."
Amazon DynamoDB,Большие данные Amazon DynamoDB,https://aws.amazon.com/blogs/media/category/database/amazon-dynamodb/,"The media industry is experiencing a fundamental shift in how content is processed, analyzed, and monetized. Recent breakthroughs in vision-based generative AI models have dramatically reduced both the cost and complexity of understanding video content at scale."
Amazon DynamoDB,Большие данные Amazon DynamoDB,https://docs.aws.amazon.com/amazondynamodb/latest/developerguide/S3DataExport.HowItWorks.html,"<strong>DynamoDB</strong> offers a fully managed solution to export your data to <strong>Amazon</strong> S3 at scale. This allows you to perform analytics and complex queries using other AWS services like <strong>Amazon</strong> Athena, AWS Glue, and <strong>Amazon</strong> EMR. Exports can be full or incremental, and are charged based on the size of the data."
Amazon DynamoDB,Большие данные Amazon DynamoDB,https://aws.amazon.com/video/watch/46b61a777fe/,"Learn about <strong>Amazon</strong> <strong>DynamoDB</strong>&#x27;s features, performance, and key concepts for building scalable applications."
Amazon DynamoDB,Большие данные Amazon DynamoDB,https://www.amazonaws.cn/en/dynamodb/,<strong>Amazon</strong> <strong>DynamoDB</strong> is a key-value and document database that delivers single-digit millisecond performance at any scale.
Amazon DynamoDB,Большие данные Amazon DynamoDB,https://www.gartner.com/reviews/product/amazon-dynamodb,"Explore 371 in-depth <strong>Amazon</strong> <strong>DynamoDB</strong> reviews and insights from real users verified by Gartner, and choose your business software with confidence."
Amazon DynamoDB,Большие данные Amazon DynamoDB,https://aws.amazon.com/startups/start-building/how-to-choose-a-database/,"Financial services, ecommerce, ... Redis, to serve low latency, high throughput workloads that cannot be served with disk-based data stores. <strong>Amazon</strong> <strong>DynamoDB</strong> Accelerator (DAX) is another example of a purpose-built data store...."
Amazon DynamoDB,Большие данные Amazon DynamoDB,https://www.novelvista.com/blogs/cloud-and-aws/everything-you-need-to-know-about-dynamodb,<strong>Amazon</strong> S3: Export table data for long-term storage or analysis · These integrations make it straightforward to build event-driven architectures where actions in <strong>DynamoDB</strong> automatically kick off downstream processes.
Amazon DynamoDB,Большие данные Amazon DynamoDB,https://progi.pro/amazon-dynamodb-t758/35,"Я играю с Amazons <strong>DynamoDB</strong>, и мне очень нравится эта концепция. Однако я сказал, что не совсем уверен, как <strong>данные</strong> должны быть разделены. Под этим я подразумеваю... ... Что такое хорошее решение AWS (DB, ETL, Batch Job) для хранения <strong>больших</strong> ..."
Amazon DynamoDB,Большие данные Amazon DynamoDB,https://www.tutorialspoint.com/amazon_web_services/amazon_web_services_dynamodb.htm,<strong>Amazon</strong> <strong>DynamoDB</strong> is a fully managed NoSQL database service that allows to create database tables that can store and retrieve any amount of data. It automatically manages the data traffic of tables over multiple servers and maintains performance.
Amazon DynamoDB,Big Data Amazon DynamoDB,https://www.scylladb.com/learn/dynamodb/introduction-to-dynamodb/,Amazon DynamoDB is most useful when you need to <strong>rapidly prototype and deploy a key-value store database that can seamlessly scale to multiple gigabytes or terabytes of information</strong> — what are often referred to as “Big Data” applications.
Amazon DynamoDB,Big Data Amazon DynamoDB,https://aws.amazon.com/blogs/big-data/tag/dynamodb/,"Many companies consider migrating from relational databases like MySQL to Amazon DynamoDB, a fully managed, fast, highly scalable, and flexible NoSQL database service. For example, DynamoDB can increase or decrease capacity based on traffic, in accordance with business needs."
Amazon DynamoDB,Big Data Amazon DynamoDB,https://aws.amazon.com/blogs/big-data/analyze-data-in-amazon-dynamodb-using-amazon-sagemaker-for-real-time-prediction/,"DynamoDB is a good fit for low-latency reads and writes, but it’s not practical to scan all data in a DynamoDB database to train a model. In this post, I demonstrate how you can use DynamoDB table data copied to Amazon S3 by AWS Data Pipeline to predict customer behavior."
Amazon DynamoDB,Big Data Amazon DynamoDB,https://www.certlibrary.com/blog/amazon-dynamodb-what-it-is-and-key-facts-you-should-know/,This integration allows organizations to leverage the strengths of DynamoDB’s NoSQL architecture alongside the advanced analytics features of AWS’s Big Data ecosystem. Amazon Elastic MapReduce (EMR) is a cloud-native big data platform that facilitates the processing of vast amounts of data ...
Amazon DynamoDB,Big Data Amazon DynamoDB,https://aws.amazon.com/blogs/database/amazon-dynamodb-use-cases-for-media-and-entertainment-customers/,"DynamoDB zero-ETL integration replicates and transforms your data to Amazon Redshift and Amazon OpenSearch Service without custom code or infrastructure. DynamoDB export to Amazon S3 and DynamoDB Streams enables you to aggregate your data in Amazon S3 for different types of analytics—from dashboards and visualizations to big data processing, real-time analytics, and ML to guide better decisions."
Amazon DynamoDB,Big Data Amazon DynamoDB,https://aws.amazon.com/blogs/big-data/streaming-amazon-dynamodb-data-into-a-centralized-data-lake/,"In this post, we demonstrated two solutions for streaming DynamoDB table data into Amazon S3 to build a data lake using a secured Amazon private channel. The CloudFormation template gives you an easy way to set up the process, which you can be further modify to meet your specific use case needs. Please let us know if you have comments about this post! Praveen Krishnamoorthy Ravikumar is a Data Architect with AWS Professional Services Intelligence Practice. He helps customers implement big ..."
Amazon DynamoDB,Big Data Amazon DynamoDB,https://www.contino.io/insights/aws-dynamodb,"Amazon DynamoDB is <strong>a fully managed serverless and schemaless NoSQL database service</strong> (NoSQL Database stores data in a single data format, including a JSON document, rather than the traditional table structure of relations database) designed to ..."
Amazon DynamoDB,Big Data Amazon DynamoDB,https://aws.amazon.com/blogs/database/large-object-storage-strategies-for-amazon-dynamodb/,"One strategy for storing a large object is to use an alternative storage platform and use a pointer to the object in DynamoDB. Amazon S3 is well suited to storing this data due to its high durability and low-cost characteristics. The implementation writes the large object to an S3 bucket, then creates a DynamoDB item with an attribute that points to the Amazon S3 URL of the object."
Amazon DynamoDB,Big Data Amazon DynamoDB,https://aws.amazon.com/blogs/big-data/improve-dynamodb-analytics-with-aws-glue-zero-etl-schema-and-partition-controls/,"In this post, you learn how to replicate Amazon DynamoDB data to Apache Iceberg tables in Amazon S3 through a zero-ETL integration. We walk through the challenges that the DynamoDB nested, schema-flexible data model introduces for analytics workloads, and show you how to configure schema unnesting and data partitioning for a sample product catalog table."
Amazon DynamoDB,Big Data Amazon DynamoDB,https://aws.amazon.com/blogs/big-data/visualize-amazon-dynamodb-insights-in-amazon-quicksight-using-the-amazon-athena-dynamodb-connector-and-aws-glue/,"Amazon DynamoDB is <strong>a fully managed, serverless, key-value NoSQL database designed to run high-performance applications at any scale</strong>. DynamoDB offers built-in security, continuous backups, automated multi-Region replication, in-memory caching, and ..."
Amazon DynamoDB,Big Data Amazon DynamoDB,https://aws.amazon.com/blogs/database/introducing-the-amazon-dynamodb-data-modeling-mcp-tool/,"Customers choose Amazon DynamoDB for its ability to deliver consistent, single-digit millisecond performance at any scale. It’s a serverless, fully managed, distributed NoSQL database that’s ideal for building modern, high-performance applications. A key part of unlocking the full potential of DynamoDB is designing your data model around your application’s access patterns."
Amazon DynamoDB,Big Data Amazon DynamoDB,https://repost.aws/questions/QU28AAR6FsRmmvgq5ozFQ6Sw/is-anyone-using-aws-dynamodb-for-a-large-database,"<strong>DynamoDB is an excellent choice for a large database as you get unlimited throughput and storage</strong>, unlike many traditional relational databases. Its also predictably performant no matter how much large the table is, and does not suffer from things ..."
Amazon DynamoDB,Big Data Amazon DynamoDB,https://n2ws.com/blog/aws-cloud/amazon-dynamodb-latest,"Amazon DynamoDB is <strong>a fully-managed (“serverless”) and NoSQL (nonrelational) database service, available on AWS</strong>. DynamoDB is highly scalable, meaning you can start really small and grow very big without needing to re-deploy or re-architect."
Amazon DynamoDB,Big Data Amazon DynamoDB,https://aws.amazon.com/blogs/big-data/get-started-with-amazon-dynamodb-zero-etl-integration-with-amazon-redshift/,"It leverages DynamoDB exports to incrementally replicate data changes from DynamoDB to Amazon Redshift every 15-30 minutes. The initial data load is a full load, which may take longer depending on the data volume."
Amazon DynamoDB,Big Data Amazon DynamoDB,https://aws.amazon.com/dynamodb/customers/,Browse <strong>Amazon</strong> <strong>DynamoDB</strong> customer case studies and videos
Amazon DynamoDB,Big Data Amazon DynamoDB,https://www.pulumi.com/what-is/amazon-dynamodb-vs-google-cloud-bigtable/,"Some commonly-used formats for NoSQL databases in general are documents, key-value pairs, graphs, and columns, each with different strengths and tradeoffs. Google Cloud Bigtable and AWS <strong>DynamoDB</strong> are both highly-available, scalable, globally distributed and fully-managed serverless NoSQL databases."
Amazon DynamoDB,Big Data Amazon DynamoDB,https://www.qa.com/en-us/resources/blog/amazon-dynamodb-ten-things/,"AWS maintains separate endpoints for <strong>DynamoDB</strong> <strong>and</strong> <strong>DynamoDB</strong> streams. There are all kinds of scenarios where streams can be useful, such as in a messaging application where a message or picture that is updated to a group must be reflected in the message boxes of all the group members, or for sending welcome messages to new customers when they sign up for your service. NoSQL and <strong>Big</strong> <strong>Data</strong> ..."
Amazon DynamoDB,Big Data Amazon DynamoDB,https://medium.com/@AlexanderObregon/deep-dive-into-aws-dynamodb-understanding-the-core-features-dc39cb3e14f2,"<strong>Amazon</strong> Web Services (AWS) <strong>DynamoDB</strong> is a fully managed NoSQL database service known for its speed, flexibility, and scalability. Used by startups to enterprises, <strong>DynamoDB</strong> can handle large-scale, high-traffic applications with ease."
Amazon DynamoDB,Big Data Amazon DynamoDB,https://www.hpcwire.com/bigdatawire/this-just-in/redpanda-connect-breaks-down-data-silos-with-salesforce-connectors-streaming-cdc-for-oracle-and-dynamodb/,"SAN FRANCISCO, April 9, 2026 — Redpanda, creators of the Redpanda Agentic <strong>Data</strong> Plane (ADP) for enterprise AI, today announced the general availability of four new components in Redpanda Connect: an <strong>Amazon</strong> <strong>DynamoDB</strong> change <strong>data</strong> capture (CDC) input, an Oracle CDC input, and both a processor ..."
Amazon DynamoDB,Big Data Amazon DynamoDB,https://www.rapyder.com/blog/what-is-dynamodb-in-aws/,"Traditional databases can slow you down when traffic surges unexpectedly. <strong>DynamoDB</strong> handles more than 100 million requests every second and still delivers consistent, single-digit millisecond response times. That kind of scale and steadiness – trusted by <strong>Amazon</strong>.com, Disney+, and Capital One ..."
Amazon DynamoDB,Big Data Amazon DynamoDB,https://a-nikishaev.medium.com/beyond-possible-scale-how-aws-dynamodb-was-built-a-deep-dive-a9235ed742bc,"This is all online — <strong>DynamoDB</strong> is known for online scaling (no downtime when increasing table throughput or storage). They likely use a “safety first” approach: replicate <strong>data</strong> to new node in the background (like doubling up temporarily), then switch reads, then writes, then phase out the old replica. Overall, both systems aim for minimal impact rebalancing. They also favor partition isolation: in Dynamo a node that is down for a short time shouldn’t trigger <strong>big</strong> ..."
Amazon DynamoDB,Big Data Amazon DynamoDB,https://www.usenix.org/system/files/atc22-elhemali.pdf,"<strong>DynamoDB</strong> tables don’t have a ﬁxed schema · but instead allow each <strong>data</strong> item to contain any number of at- tributes with varying types, including multi-valued attributes. Tables use a key-value or document <strong>data</strong> model. Developers · can request strong or eventual consistency when reading items ... Dynamo. The adoption of Dynamo widened to serve several · use cases within <strong>Amazon</strong> ..."
Amazon DynamoDB,Big Data Amazon DynamoDB,https://www.amazon.science/publications/amazon-dynamodb-a-scalable-predictably-performant-and-fully-managed-nosql-database-service,"<strong>Amazon</strong> <strong>DynamoDB</strong> is a NoSQL cloud database service that provides consistent performance at any scale. Hundreds of thousands of customers rely on <strong>DynamoDB</strong> for its fundamental properties: consistent performance, availability, durability, and a fully managed serverless experience."
Amazon DynamoDB,Big Data Amazon DynamoDB,https://blog.bytebytego.com/p/a-deep-dive-into-amazon-dynamodb,"State of Observability for Financial Services and Insurance (Sponsored) Financial institutions are experiencing an incredible transformation, stemming from consumers expecting a higher level of digital interaction and access to services and a lower dependency on physical services."
Amazon DynamoDB,Big Data Amazon DynamoDB,https://www.ionos.com/digitalguide/server/know-how/dynamodb/,"With <strong>DynamoDB</strong>, you can store your <strong>data</strong> in a scalable and low-latency manner. We cover everything you need to know about <strong>Amazon</strong>’s NoSQL database."
Amazon DynamoDB,Big Data Amazon DynamoDB,https://www.scalacode.com/blog/big-data-databases/,"<strong>Big</strong> <strong>data</strong> NoSQL databases: Apache Cassandra, Apache HBase, and <strong>Amazon</strong> <strong>DynamoDB</strong>, which figure on both the current lists of top <strong>big</strong> <strong>data</strong> databases, because they deal with extremely large and rapidly expanding volumes of highly diverse <strong>data</strong>."
Amazon DynamoDB,Big Data Amazon DynamoDB,https://docs.aws.amazon.com/amazondynamodb/latest/developerguide/HowItWorks.html,"Learn the basics, core components, and features of <strong>DynamoDB</strong>, a fully managed NoSQL database service for any scale application."
Amazon DynamoDB,Big Data Amazon DynamoDB,https://aws.amazon.com/blogs/big-data/build-an-amazon-redshift-data-warehouse-using-an-amazon-dynamodb-single-table-design/,"He helps customers around the globe design and optimize their <strong>big</strong> <strong>data</strong> <strong>and</strong> <strong>data</strong> warehousing solutions. To extract the <strong>data</strong> <strong>from</strong> <strong>DynamoDB</strong> and load it into our <strong>Amazon</strong> Redshift database, we can use the Spark script editor and upload the files from GlueSparkJobs.zip to create each individual job ..."
Amazon DynamoDB,Big Data Amazon DynamoDB,https://www.scnsoft.com/aws/amazon-dynamodb,<strong>Amazon</strong> <strong>DynamoDB</strong> is a fully managed scalable key-value and document database on the <strong>Amazon</strong> Web Services (AWS) cloud best suited for high-performance queries on extremely large datasets. It is recognized as Leader in the Forrester Wave <strong>Big</strong> <strong>Data</strong> NoSQL Database Report and Database-as-a-Service Report.
Amazon DynamoDB,Big Data Amazon DynamoDB,https://www.sciencedirect.com/topics/computer-science/dynamodb,"<strong>DynamoDB</strong> is defined as a NoSQL-based database that allows the storage of massive <strong>data</strong> in the cloud, facilitating <strong>Big</strong> <strong>Data</strong> analytics and reducing up-front costs for enterprises. AI generated definition based on: Application of <strong>Big</strong> <strong>Data</strong> for National Security, 2015 ... Press Enter to select rating, 1 out of 3 starsPress Enter to select rating, 2 out of 3 starsPress Enter to select rating, 3 out of 3 stars ... <strong>Amazon</strong> ..."
Amazon DynamoDB,Big Data Amazon DynamoDB,https://stackoverflow.com/questions/66473923/how-to-query-big-data-in-dynamodb-in-best-practice,"I have a scenario: query the list of student in school, by year, and then use that information to do some other tasks, let say printing a certificate for each student I&#x27;m using the serverless frame..."
Amazon DynamoDB,Big Data Amazon DynamoDB,https://aws.amazon.com/blogs/database/how-to-perform-advanced-analytics-and-build-visualizations-of-your-amazon-dynamodb-data-by-using-amazon-athena/,"However, you need to export your <strong>data</strong> in order to get that analytical value. Copying the <strong>data</strong> from a <strong>DynamoDB</strong> table to an analytics platform allows you to extract rich insights. In order to accomplish this, we find that a well-architected, <strong>big</strong> <strong>data</strong> pipeline helps you separate transactional ..."
Amazon DynamoDB,Big Data Amazon DynamoDB,https://stackoverflow.com/questions/67323577/optimal-big-data-solution-for-aggregating-time-series-data-and-storing-results-t,"I am looking into different <strong>Big</strong> ... <strong>my</strong> <strong>Big</strong> <strong>Data</strong> use-case. ... I have a <strong>data</strong> producer that will be sending ~1-2 billion events to a Kinesis <strong>Data</strong> Firehose delivery stream daily. This <strong>data</strong> needs to be stored in some <strong>data</strong> lake / <strong>data</strong> warehouse, aggregated, and then loaded into <strong>DynamoDB</strong> for our service ..."
Amazon DynamoDB,Big Data Amazon DynamoDB,https://aws.amazon.com/blogs/big-data/near-real-time-analytics-using-amazon-redshift-streaming-ingestion-with-amazon-kinesis-data-streams-and-amazon-dynamodb/,"<strong>Amazon</strong> Redshift is a fully managed, scalable cloud <strong>data</strong> warehouse that accelerates your time to insights with fast, easy, and secure analytics at scale. Tens of thousands of customers rely on <strong>Amazon</strong> Redshift to analyze exabytes of <strong>data</strong> and run complex analytical queries, making it the widely ..."
Amazon DynamoDB,Big Data Amazon DynamoDB,https://aws.amazon.com/blogs/big-data/building-a-graph-database-on-aws-using-amazon-dynamodb-and-titan/,"To show how this works in Titan, you can follow these instructions in the AWS <strong>Big</strong> <strong>Data</strong> Blog’s GitHub’ repository to load some sample <strong>data</strong> into your own Titan database, using <strong>DynamoDB</strong> as the backend store. The <strong>data</strong> used in this example was based on a <strong>data</strong> set provided by the Machine Learning ..."
Amazon DynamoDB,Big Data Amazon DynamoDB,https://www.elliptic.co/blog/building-a-10-billion-wallet-crypto-intelligence-platform-elliptics-journey-with-amazon,"In this post, we&#x27;ll explore how we leveraged <strong>Amazon</strong> <strong>DynamoDB</strong> to build a crypto-intelligence platform that scales to over 10 billion wallets and supports real-time risk detection across the fast-evolving digital asset ecosystem. You&#x27;ll learn about the <strong>data</strong> model design, indexing strategies, ..."
Amazon DynamoDB,Big Data Amazon DynamoDB,https://assets.amazon.science/33/9d/b77f13fe49a798ece85cf3f9be6d/amazon-dynamodb-a-scalable-predictably-performant-and-fully-managed-nosql-database-service.pdf,<strong>DynamoDB</strong> employs a multi-tenant architecture. Dy- namoDB stores <strong>data</strong> from different customers on the same
Amazon DynamoDB,Big Data Amazon DynamoDB,https://medium.com/@christopheradamson253/deep-dive-into-aws-dynamodb-a-nosql-database-for-high-performance-applications-4c80d1410533,Build scalable workflows and <strong>data</strong> pipelines with <strong>DynamoDB</strong> and AWS Step Functions. Analyze changes in <strong>DynamoDB</strong> tables using <strong>Amazon</strong> EMR and <strong>Amazon</strong> Redshift.
Amazon DynamoDB,Big Data Amazon DynamoDB,https://aws.amazon.com/blogs/big-data/bridging-data-silos-cross-bounded-context-querying-with-vanguards-operational-read-only-data-store-ords-using-amazon-redshift/,"At Vanguard, we faced significant challenges with our legacy mainframe system that limited our ability to deliver modern, personalized customer experiences. Our centralized database architecture created performance bottlenecks and made it difficult to scale services independently for our millions ..."
Amazon DynamoDB,Big Data Amazon DynamoDB,https://www.amazon.com/Amazon-DynamoDB-enterprise-ready-predictable-performance/dp/1803246898,"Mastering AWS <strong>DynamoDB</strong>: Scalable NoSQL Solutions (AWS Cloud Mastery: Building and Securing Applications) ... A Definitive Guide to Apache ShardingSphere: Transform any DBMS into a distributed database with sharding, scaling, encryption features, and more ... AWS for Solutions Architects: The definitive guide to AWS Solutions Architecture for migrating to, building, scaling, and succeeding in the cloud ... Designing <strong>Data</strong>-Intensive Applications: The <strong>Big</strong> ..."
Amazon DynamoDB,Big Data Amazon DynamoDB,https://www.serverless.com/guides/dynamodb,"A wide-column store optimized for analytics, time-series <strong>data</strong>, and large-scale IoT workloads. Bigtable handles petabytes of <strong>data</strong> with low latency but offers limited query flexibility compared to <strong>DynamoDB</strong>."
Amazon DynamoDB,Big Data Amazon DynamoDB,https://www.cmarix.com/blog/benefits-of-amazon-dynamodb/,<strong>Amazon</strong> <strong>DynamoDB</strong> maintains high performance &amp; cost efficiency for every kind of Web app ranging from small or large. Here are the diverse key benefits of <strong>Amazon</strong> <strong>DynamoDB</strong>.
Amazon DynamoDB,Big Data Amazon DynamoDB,https://www.certlibrary.com/blog/amazon-rds-vs-dynamodb-key-differences-and-what-you-need-to-know/,"You are working with <strong>big</strong> <strong>data</strong>, real-time analytics, or IoT applications where speed and responsiveness are paramount. When it comes to managing databases in the cloud, <strong>Amazon</strong> Web Services (AWS) offers two powerful solutions: <strong>Amazon</strong> RDS (Relational Database Service) and <strong>Amazon</strong> <strong>DynamoDB</strong>."
Amazon DynamoDB,Big Data Amazon DynamoDB,https://jaytillu.medium.com/what-is-amazon-dynamodb-03f6861b62d4,<strong>Amazon</strong> <strong>DynamoDB</strong> is a key-value database service. It delivers single-digit millisecond performance at any scale.
Amazon DynamoDB,Big Data Amazon DynamoDB,https://www.tinybird.co/blog/dynamodb-use-cases,"For use cases where <strong>DynamoDB</strong> is well suited, but you can&#x27;t use it either because you&#x27;re not on AWS or you have some other constraint, you can use open-source tech like MongoDB or Apache Cassandra. Or if you&#x27;re on another cloud, you could use something like Firestore/Datastore/BigTable (GCP ..."
Amazon DynamoDB,Big Data Amazon DynamoDB,https://racsawsdevops.hashnode.dev/mastering-amazon-dynamodb-a-comprehensive-guide-to-nosql-database,"In a world of ever-growing <strong>data</strong>, your applications need a storage solution that bends, not breaks. Enter <strong>DynamoDB</strong>, the blazing-fast, NoSQL database from <strong>Amazon</strong> Web Services. Imagine a database that scales infinitely, handles any <strong>data</strong> structure with e..."
Amazon DynamoDB,"""Big Data"" Amazon DynamoDB",https://aws.amazon.com/blogs/big-data/migrate-to-apache-flink-2-2-on-amazon-managed-service-for-apache-flink/,"<strong>Dedicated collection serializers</strong> – Improved serializers for Map, List, and Set types reduce serialization overhead, which lowers checkpoint sizes for applications that use these data structures frequently."
Amazon DynamoDB,"""Big Data"" Amazon DynamoDB",https://d0.awsstatic.com/whitepapers/Big_Data_Analytics_Options_on_AWS.pdf,"HDFS which allows <strong>Amazon</strong> EMR clusters to store <strong>data</strong> <strong>on</strong> <strong>Amazon</strong> S3. You can · enable <strong>Amazon</strong> S3 server-side and client-side encryption. When you use EMRFS, a metadata store is transparently built in <strong>DynamoDB</strong> to help manage the"
Amazon DynamoDB,"""Big Data"" Amazon DynamoDB",https://www.coursera.org/learn/modern-databases-odc,"Offered by Birla Institute of Technology &amp; Science, ... Enroll for free."
Amazon DynamoDB,"""Big Data"" Amazon DynamoDB",https://www.reddit.com/r/aws/comments/11bpfen/when_would_you_not_choose_dynamodb_where_youd/,"Also, RDS and Aurora can scale ... to <strong>DynamoDB</strong> because of performance problems. So.. have you had any real world experience with that? What&#x27;s your usual choice? ... I prefer rdmbs when query patterns aren&#x27;t known ahead of time, when there&#x27;s lots of relationships between <strong>data</strong>, and when update patterns of that <strong>data</strong> would make it cumbersome to maintain denormalized updates in something like dynamo or ... <strong>Big</strong> table style ..."
Amazon DynamoDB,"""Big Data"" Amazon DynamoDB",https://www.netcomlearning.com/blog/a-complete-guide-on-aws-big-data,"Learn how AWS <strong>Big</strong> <strong>Data</strong> manages large datasets. Explore its benefits, <strong>data</strong> types, and essential tools like <strong>Amazon</strong> S3 and Redshift to unlock valuable insights!"
Apache HBase,Большие данные Apache HBase,https://aws.amazon.com/emr/features/hbase/,"Apache HBase is a massively scalable, distributed big data store in the Apache Hadoop ecosystem. Learn more about how HBase works on Amazon EMR."
Apache HBase,Большие данные Apache HBase,https://learn.microsoft.com/ru-ru/azure/hdinsight/hbase/apache-hbase-overview,"Apache HBase — это <strong>база данных с открытым кодом, база данных NoSQL, основанная на Apache Hadoop и моделироваемая после Google BigTable</strong>."
Apache HBase,Большие данные Apache HBase,https://medium.com/@bigdataschool/%D0%BA%D0%B0%D0%BA-%D1%83%D1%81%D1%82%D1%80%D0%BE%D0%B5%D0%BD-hfile-%D1%82%D0%BE%D0%BD%D0%BA%D0%BE%D1%81%D1%82%D0%B8-%D1%85%D1%80%D0%B0%D0%BD%D0%B5%D0%BD%D0%B8%D1%8F-%D0%B4%D0%B0%D0%BD%D0%BD%D1%8B%D1%85-%D0%B2-apache-hbase-0bfd991b2f88,Apache HBase реализует возможности Google BigTable для Hadoop. Эта NoSQL-СУБД типа «семейство колонок» использует HDFS в качестве базового хранилища данных.
Apache HBase,Большие данные Apache HBase,https://aws.amazon.com/what-is/apache-hbase/,"Both data and requests are distributed across all servers in an HBase cluster, allowing you to query results on petabytes of data within milliseconds. HBase is most effectively used to store non-relational data, accessed via the HBase API. Apache Phoenix is commonly used as a SQL layer on top of HBase allowing you to use familiar SQL syntax to insert, delete, and query data stored in HBase."
Apache HBase,Большие данные Apache HBase,https://ibs-training.ru/kurs/osnovy_apache_hbase.html,"HBase создана по ... <strong>нереляционную колоночно-ориентированную распределенную NoSQL базу данных, использующую для хранения данных распределенную надежную файловую систему HDFS</strong>..."
Apache HBase,Большие данные Apache HBase,https://bigdataschool.ru/blog/best-practices-to-optimize-hbase.html,"Обработка данных с использованием Apache Spark и Flink на Kubernetes ... Сегодня рассмотрим, как выполняются операции чтения и записи в Apache HBase, а также с помощью каких приемов можно их ускорить."
Apache HBase,Большие данные Apache HBase,https://medium.com/@bigdataschool/7-%D0%BE%D1%81%D0%BD%D0%BE%D0%B2%D0%BD%D1%8B%D1%85-%D0%BF%D1%80%D0%B5%D0%B8%D0%BC%D1%83%D1%89%D0%B5%D1%81%D1%82%D0%B2-%D0%B8-%D0%BF%D0%B0%D1%80%D0%B0-%D0%BD%D0%B5%D0%B4%D0%BE%D1%81%D1%82%D0%B0%D1%82%D0%BA%D0%BE%D0%B2-apache-hbase-%D0%B4%D0%BB%D1%8F-big-data-%D1%81%D0%B8%D1%81%D1%82%D0%B5%D0%BC-fd5b6b6e5eda,"Прежде всего, отметим, что Apache HBase и Cassandra считаются наиболее популярными нереляционными базами данных в мире Big Data [1]. Оба этих продукта основаны на концепциях Google Big Table и являются колоночно-ориентированными хранилищами, где информация хранится хранятся в ячейках, сгруппированных в колонки, а не в строки данных [2]. Однако, сравн"
Apache HBase,Большие данные Apache HBase,https://en.wikipedia.org/wiki/Apache_HBase,"HBase is <strong>an open-source non-relational distributed database modeled after Google&#x27;s Bigtable and written in Java</strong>. It is developed as part of Apache Software Foundation&#x27;s Apache Hadoop project and runs on top of HDFS (Hadoop Distributed File System) or Alluxio, providing Bigtable-like capabilities ..."
Apache HBase,Большие данные Apache HBase,https://bigdataschool.ru/wiki/hbase/,"Она работает поверх распределенной файловой системы HDFS и обеспечивает возможности BigTable для Hadoop, реализуя отказоустойчивый способ хранения больших объёмов разреженных данных [1]. Модель данных HBase отличается от классических реляционных СУБД, реализуясь по типу ключ-значение – &lt;table, RowKey, Column Family, Column, timestamp&gt; -&gt; Value [2]:"
Apache HBase,Большие данные Apache HBase,https://bigdataschool.ru/blog/hfile-for-hbase-to-store-big-data/,Apache HBase реализует возможности Google BigTable для Hadoop. Эта NoSQL-СУБД типа «семейство колонок» использует HDFS в качестве базового хранилища данных.
Apache HBase,Большие данные Apache HBase,https://bigdataschool.ru/blog/sql-on-hadoop-phoenix-hbase/,"Читайте в нашей статье, что представляет собой этот исполнительный механизм, как он работает и чем отличается от других Big Data решений подобного класса (Cloudera Impala, Apache Hive и Drill). Также мы собрали для вас некоторые практические примеры использования Apache Phoenix в реальных проектах аналитической обработки больших данных."
Apache HBase,Большие данные Apache HBase,https://coderlessons.com/tutorials/bolshie-dannye-i-analitika/uznaite-hbase/hbase-kratkoe-rukovodstvo,"Он размещает очень ... оборудования. Apache HBase — это <strong>нереляционная база данных, созданная по образцу Google Bigtable</strong>...."
Apache HBase,Большие данные Apache HBase,https://medium.com/@bigdataschool/%D1%80%D0%B0%D0%B7%D0%BC%D0%B5%D1%80-%D0%B8%D0%BC%D0%B5%D0%B5%D1%82-%D0%B7%D0%BD%D0%B0%D1%87%D0%B5%D0%BD%D0%B8%D0%B5-spark-%D0%B8-phoenix-%D0%B4%D0%BB%D1%8F-%D0%B1%D0%BE%D0%BB%D1%8C%D1%88%D0%B8%D1%85-%D0%B7%D0%B0%D0%BF%D1%80%D0%BE%D1%81%D0%BE%D0%B2-%D0%B2-apache-hbase-fc08b1c00417,"Поэтому требуется поддерживать новые варианты использования и большие аналитические запросы, не влияя на существующие запросы к кластеру HBase. Напомним, Apache Phoenix — это механизм параллельной реляционной базы данных с открытым исходным кодом, который поддерживает транзакционную OLTP-обработку в реальном времени над данными в Hadoop с использованием HBase в качестве резервного хранилища."
Apache HBase,Большие данные Apache HBase,https://medium.com/@bigdataschool/cloudera-operational-database-%D0%BA%D0%BE%D0%BC%D0%BF%D0%BB%D0%B5%D0%BA%D1%81%D0%BD%D0%B0%D1%8F-%D0%BF%D0%BB%D0%B0%D1%82%D1%84%D0%BE%D1%80%D0%BC%D0%B0-%D0%B4%D0%B0%D0%BD%D0%BD%D1%8B%D1%85-%D0%BD%D0%B0-apache-hbase-%D0%B8-phoenix-9975ffbe82e1,"- Apache HBase — <strong>масштабируемое аналитическое NoSQL-хранилище поверх Hadoop HDFS, куда пишутся HFile-данные и записи WAL-журнала</strong>."
Apache HBase,Большие данные Apache HBase,https://bigdataschool.ru/wiki/hbase-wiki/,Для чего нужна Hbase: краткий обзор особенностей и элементов архитектуры СУБД для успешной работы с большим данными в распределенной среде
Apache HBase,Большие данные Apache HBase,https://bigdataschool.ru/blog/spark-and-phoenix-for-big-queries-to-hbase-case-vimeo/,"Хотя вместе Apache Phoenix и HBase являются мощными инструментами для доступа, управления и обработки больших наборов данных, они не обходятся без затрат, поскольку вычисления совмещаются с базовым хранилищем."
Apache HBase,Большие данные Apache HBase,https://bigdataschool.ru/blog/tests/hbase-test.html,Больше подробностей про применение Apache Hbase в проектах анализа больших данных вы узнаете на практических курсах по Hbase в нашем лицензированном учебном центре ...
Apache HBase,Большие данные Apache HBase,https://bigdataschool.ru/blog/region-assignment-in-hbase/,Читайте в нашей новой ... данных и сбалансированное распределение по регионам в мультиарендном кластере Apache HBase. Освойте администрирование и эксплуатацию Apache HBase и других NoSQL-решений для аналитики больших данных ...
Apache HBase,Большие данные Apache HBase,https://medium.com/@purvajavale/understanding-apache-hbase-the-database-that-brings-real-time-power-to-big-data-e406fa5d0b1b,"That’s where Apache HBase comes in — a distributed, scalable, and fault-tolerant NoSQL database that brings the best of both worlds: the massive scalability of Hadoop and the speed of traditional databases."
Apache HBase,Большие данные Apache HBase,https://bigdataschool.ru/blog/incremental-backup-and-data-recovery-for-hbase-tables/,"Эти изменения ... <strong>Apache</strong> <strong>HBase</strong>, а также увеличить надежность этой NoSQL-СУБД за счет регулярных операций резервного копирования и восстановления <strong>данных</strong> из бэкапа по требованию. Узнайте <strong>больше</strong> ..."
Apache HBase,Большие данные Apache HBase,https://bigdataschool.ru/blog/what-is-hbase-hotspotting-and-how-to-avoid-it-7-ways/,"Обработка <strong>данных</strong> с использованием <strong>Apache</strong> Spark и Flink на Kubernetes ... Что такое горячие точки в <strong>Apache</strong> <strong>HBase</strong>, почему они возникают, чем опасны и как их избежать."
Apache HBase,Большие данные Apache HBase,https://bigdataschool.ru/blog/cassandra-vs-hbase.html,Рассмотрев ключевые ... <strong>больших</strong> <strong>данных</strong> (Big Data) в NoSQL-хранилище. Прежде всего отметим основные области применения рассматриваемых нереляционных СУБД. Проанализировав наиболее известные примеры использования (use cases) <strong>Apache</strong> <strong>HBase</strong> и ...
Apache HBase,Большие данные Apache HBase,https://bigdataschool.ru/blog/knn-algorithm-on-data-in-hbase-for-machine-learning/,"Благодаря колоно... <strong>Apache</strong> <strong>HBase</strong> работает очень быстро. А возможности этой СУБД эффективно обрабатывать огромные объемы <strong>данных</strong> смягчают недостатки kNN-метода, который изначально не предназначен для работы с <strong>большими</strong> ..."
Apache HBase,Большие данные Apache HBase,https://coderlessons.com/tutorials/bolshie-dannye-i-analitika/uznaite-hbase/hbase-obzor,"На следующем рисунке ... базе <strong>данных</strong>, ориентированной на столбцы: <strong>Apache</strong> <strong>HBase</strong> используется для произвольного доступа в режиме реального времени для чтения / записи <strong>больших</strong> ..."
Apache HBase,Большие данные Apache HBase,https://learn.microsoft.com/ru-ru/azure/hdinsight/hbase/troubleshoot-hbase-performance-issues,Различные рекомендации по настройке производительности <strong>Apache</strong> <strong>HBase</strong> и советы по обеспечению оптимальной производительности в Azure HDInsight.
Apache HBase,Большие данные Apache HBase,https://hbase.apache.org/,"<strong>Apache</strong> <strong>HBase</strong>® is the Hadoop database, a distributed, scalable, big data store."
Apache HBase,Большие данные Apache HBase,https://studfile.net/preview/21463183/page:6/,Работа по теме: Ответы к экзу по БД. Глава: <strong>Hbase</strong>. Назначение и принцип работы. Архитектура. High Availability конфигурация. Модель <strong>данных</strong>. Minor и Major Compaction. Регион <strong>hBase</strong> и его ...
Apache HBase,Большие данные Apache HBase,https://medium.com/@bigdataschool/apache-cassandra-vs-hbase-%D1%87%D1%82%D0%BE-%D0%B8-%D0%BA%D0%BE%D0%B3%D0%B4%D0%B0-%D0%B2%D1%8B%D0%B1%D0%B8%D1%80%D0%B0%D1%82%D1%8C-%D0%B4%D0%BB%D1%8F-nosql-%D0%B2-big-data-2f267a151b32,"<strong>Apache</strong> Cassandra vs <strong>HBase</strong>: что и когда выбирать для NoSQL в Big Data Рассмотрев ключевые сходства и различия Cassandra и <strong>HBase</strong>, сегодня …"
Apache HBase,Большие данные Apache HBase,https://www.geeksforgeeks.org/dbms/apache-hbase/,"Your All-in-One Learning Portal. It contains well written, well thought and well explained computer science and programming articles, quizzes and practice/competitive programming/company interview Questions."
Apache HBase,Большие данные Apache HBase,https://bigdataschool.ru/blog/hbase-security-methods.html,"Как защитить <strong>данные</strong> в кластере <strong>Apache</strong> <strong>HBase</strong>: аутентификация и авторизация пользователей, ACL-списки и команды управления доступом к таблицам"
Apache HBase,Большие данные Apache HBase,https://otvetus.com/kakaya-luchshaya-kniga-na-hbase-144760,"Http: //<strong>hbase</strong>.<strong>apache</strong>.org/<strong>apache</strong>_h ... ответил(а) 2020-04-22T15:43:10+03:00 1 год, 11 месяцев назад ... но поздно вечерм один из моих друзей порекомендовал «Архитектуру приложений Hadoop» как отличную книгу для всех, кто хочет попасть в <strong>большие</strong> <strong>данные</strong>..."
Apache HBase,Большие данные Apache HBase,https://habr.com/ru/companies/dca/articles/280700/,"В <strong>данной</strong> статье мы ... <strong>Hbase</strong>, её архитектуру и особенности работы с ней. В следующих статьях речь пойдет о средствах, упрощающих работу с MapReduce, таких как <strong>Apache</strong> Hive и <strong>Apache</strong> Pig. Youtube-Канал автора об анализе <strong>данных</strong> · » Big Data от А до Я. Часть 1: Принципы работы с <strong>большими</strong> <strong>данными</strong>, ..."
Apache HBase,Большие данные Apache HBase,https://bigdataschool.ru/blog/region-assignment-in-hbase.html,Читайте в нашей новой ... <strong>данных</strong> и сбалансированное распределение по регионам в мультиарендном кластере <strong>Apache</strong> <strong>HBase</strong>. Освойте администрирование и эксплуатацию <strong>Apache</strong> <strong>HBase</strong> и других NoSQL-решений для аналитики <strong>больших</strong> <strong>данных</strong> ...
Apache HBase,Большие данные Apache HBase,https://bigdataschool.ru/blog/acid-transactions-in-hbase.html,"Она работает поверх HDFS и обеспечивает возможности Google’вской BigTable для Hadoop, реализуя отказоустойчивый способ хранения <strong>больших</strong> объёмов разреженных <strong>данных</strong> · <strong>Apache</strong> <strong>HBase</strong> ..."
Apache HBase,Большие данные Apache HBase,https://bigdataschool.ru/blog/sql-queries-to-hbase-on-phoenix-and-hue/,"Одним из них является <strong>Apache</strong> Phoenix, который предоставляет слой SQL поверх <strong>HBase</strong>, позволяя обратиться к <strong>данными</strong> привычным большинству аналитиков способом."
Apache HBase,Большие данные Apache HBase,https://debuntu.ru/refbooks/apachehadoop/administrirovanie-tablic-v-apache-hbase/,Описание обычных работ администратора с таблицами в <strong>Apache</strong> <strong>HBase</strong>.
Apache HBase,Большие данные Apache HBase,https://bigdataschool.ru/blog/scalable-near-real-time-indexing-on-hbase-pinterest-case.html,"Обучая дата-инже... <strong>больших</strong> <strong>данных</strong>, сегодня рассмотрим кейс компании Pinterest по построению масштабируемого решения для индексации записей в <strong>Apache</strong> <strong>HBase</strong>..."
Apache HBase,Большие данные Apache HBase,http://wp.wiki-wiki.ru/wp/index.php/HBase,<strong>HBase</strong> — нереляционная распределённая база <strong>данных</strong> с открытым исходным кодом; написана на Java; является аналогом Google BigTable. Разрабатывается в рамках проекта Hadoop фонда ...
Apache HBase,Большие данные Apache HBase,https://bigdataschool.ru/blog/news/hbase,"Обработка <strong>данных</strong> с использованием <strong>Apache</strong> Spark и Flink на Kubernetes ... Что такое HFile, как появился этот низкоуровневый файловый формат, каковы его главные принципы работы, как <strong>Apache</strong> <strong>HBase</strong> использует его для хранения и быстрой аналитики <strong>больших</strong> ..."
Apache HBase,Большие данные Apache HBase,https://foreva.susu.ru/courses/odb/lecture4.pdf,"<strong>данными</strong>, с пониженными требованиями к согласованности ... • <strong>HBase</strong> используется в Facebook (платформа обмена сообщениями),"
Apache HBase,Большие данные Apache HBase,https://learn.microsoft.com/ru-ru/azure/architecture/guide/hadoop/apache-hbase-migration,Вы можете скачать ... <strong>HBase</strong>. На странице скачивания приведено руководство по переносу рабочих нагрузок <strong>больших</strong> <strong>данных</strong> в Azure HDInsight. Руководство по миграции в API Cosmos SQL — перенос <strong>данных</strong> <strong>из</strong> <strong>Apache</strong> <strong>HBase</strong> в ...
Apache HBase,Большие данные Apache HBase,https://habr.com/ru/articles/195040/,"Привет коллеги. Хочу поделиться своим опытом использования <strong>HBase</strong>, а именно рассказать про bulk loading . Это еще один метод загрузки <strong>данных</strong>. Он принципиально отличается ..."
Apache HBase,Большие данные Apache HBase,https://bigdataschool.ru/bigdata/apache-hbase-cluster-administrator.html,"Практические Курсы по администрированию кластера <strong>Apache</strong> <strong>HBase</strong> для администраторов Big Data ● Лицензированное Обучение в «Школе <strong>Больших</strong> <strong>Данных</strong>», Москва © BigDataSchool"
Apache HBase,Большие данные Apache HBase,https://wikiprograms.org/apache-hbase/,"Работает поверх ... <strong>больших</strong> объёмов разреженных <strong>данных</strong>. Поддержка компрессии, операции в памяти и фильтра Блума для каждого базового столбца реализованы <strong>Apache</strong> <strong>HBase</strong> в ..."
Apache HBase,Большие данные Apache HBase,https://russianblogs.com/article/8412221162/,"<strong>HBase</strong> сводка <strong>больших</strong> <strong>данных</strong> (вкл), Русские Блоги, лучший сайт для обмена техническими статьями программиста."
Apache HBase,Большие данные Apache HBase,https://grokipedia.com/page/Apache_HBase,"<strong>Apache</strong> <strong>HBase</strong> is an open-source, distributed, versioned, non-relational database that runs on top of the Hadoop Distributed File System (HDFS) and is designed to provide random, real-time read and writ"
Apache HBase,Большие данные Apache HBase,https://habr.com/ru/companies/glowbyte/articles/655725/,"<strong>HBase</strong> является ... <strong>данных</strong> (БД) типа key-value, которая может работать на <strong>большом</strong> наборе физических серверов. БД состоит из двух типов процессов, которые обслуживают систему - одной Master ноды и набора Region Server-ов. Для координации действий между процессами <strong>HBase</strong> использует <strong>Apache</strong> ..."
Apache HBase,Большие данные Apache HBase,https://learn.microsoft.com/ru-ru/azure/hdinsight/hbase/query-hbase-with-hbase-shell,"Убедитесь, что выбран ... <strong>HBase</strong> . Клиент SSH. Дополнительные сведения см. в руководстве по подключению к HDInsight (<strong>Apache</strong> Hadoop) с помощью SSH. Для большинства пользователей <strong>данные</strong> ..."
Apache HBase,Большие данные Apache HBase,https://bigdataschool.ru/blog/incremental-backup-and-data-recovery-for-hbase-tables.html,"Эти изменения ... <strong>Apache</strong> <strong>HBase</strong>, а также увеличить надежность этой NoSQL-СУБД за счет регулярных операций резервного копирования и восстановления <strong>данных</strong> из бэкапа по требованию. Узнайте <strong>больше</strong> ..."
Apache HBase,Большие данные Apache HBase,https://learn.microsoft.com/ru-ru/azure/hdinsight/hbase/apache-hbase-phoenix-performance,Рекомендации по оптимизации производительности <strong>Apache</strong> Phoenix для кластеров Azure HDInsight
Apache HBase,Большие данные Apache HBase,https://bigdataschool.ru/blog/incremental-hbase-table-backup-to-aws-s3-and-disaster-recovery/,Читайте в нашей новой ... <strong>данных</strong> реализовали дата-инженеры индийской компании Myntra. Освойте администрирование и эксплуатацию <strong>Apache</strong> <strong>HBase</strong> и других компонентов экосистемы Hadoop для хранения и аналитики <strong>больших</strong> <strong>данных</strong> ...
Apache HBase,Большие данные Apache HBase,https://coderlessons.com/tutorials/bolshie-dannye-i-analitika/uchebnik-hbase/7-ogranichenie-preimushchestvo-problemy,"Phoenix, где мы можем писать запросы для запуска <strong>данных</strong> <strong>в</strong> <strong>HBase</strong>. Это действительно хорошо иметь <strong>Apache</strong> Phoenix поверх <strong>HBase</strong>."
Apache HBase,Большие данные Apache HBase,https://dic.academic.ru/dic.nsf/ruwiki/1700102,"<strong>HBase</strong> не является ... <strong>данными</strong> на нескольких веб-сайтах[2][3], в том числе Facebook использует её для своей платформы сообщений[4]. <strong>Apache</strong> <strong>HBase</strong> появилась как проект компании Powerset, которой было необходимо обрабатывать <strong>большие</strong> объём ..."
Apache HBase,Большие данные Apache HBase,https://bigdataschool.ru/blog/apache-bigtop-for-hadoop/,"<strong>Apache</strong> <strong>HBase</strong> – отказоустойчивая NoSQL-СУБД, колоночно-ориентированное мультиверсионное хранилище типа «ключ-значение» (key-value) поверх HDFS для эффективного хранения <strong>больших</strong> объёмов разреженных <strong>данных</strong>..."
Apache HBase,Большие данные Apache HBase,https://bigdataschool.ru/blog/acid-transactions-in-hbase/,"Она работает поверх HDFS и обеспечивает возможности Google’вской BigTable для Hadoop, реализуя отказоустойчивый способ хранения <strong>больших</strong> объёмов разреженных <strong>данных</strong> · <strong>Apache</strong> <strong>HBase</strong> ..."
Apache HBase,Большие данные Apache HBase,https://cyberleninka.ru/article/n/primenenie-tehnologiy-bolshih-dannyh-dlya-monitoringa-sotsialnyh-protsessov-v-universitete,"- Pig - язык програм... к <strong>больших</strong> слабоструктурированным <strong>данным</strong>, одна строчка которого способна превращаться в последовательность MapReduce-задач; - <strong>Hbase</strong> - колоночная БД, которая реализует на основе NoSQL; - Mahout - библиотека машинного обучения; - <strong>Apache</strong> Spark - это ..."
Apache HBase,Большие данные Apache HBase,https://habr.com/en/company/dca/blog/280700/,"Привет, Хабр! Наконец-то долгожданная четвёртая статья нашего цикла о больших данных. В этой статье мы поговорим про такой замечательный инструмент как <strong>Hbase</strong>, ..."
Apache HBase,Большие данные Apache HBase,https://bigdataschool.ru/blog/what-is-cloudera-data-platform-operational-database-on-hbase-and-phoenix/,"Также разберем, каким ... <strong>данные</strong> из кластера <strong>HBase</strong> в Cloudera Operational Database, избежав их потери и других подводных камней. Cloudera Operational Database (COD) – это одновременно реляционная СУБД и NoSQL-хранилище на <strong>Apache</strong> <strong>HBase</strong> для поддержки OLTP-приложений с <strong>большими</strong> ..."
Apache HBase,"""Большие данные"" Apache HBase",https://bigdataschool.ru/blog/from-hive-to-hbase-and-spark-app-connection-examples/,"Одним из инструм... с HBаse, является <strong>Apache</strong> Hive – механизм запросов для быстрой обработки <strong>больших</strong> <strong>данных</strong>, хранящихся в Hаdоop HDFS или в <strong>HBase</strong>...."
Apache HBase,"""Большие данные"" Apache HBase",https://gitinsky.com/hbase,"В декабре в Омске состоялась крупная региональная IT-конференция HappyDev-13 для руководителей, программистов, разработчиков и дизайнеров."
Apache HBase,"""Большие данные"" Apache HBase",https://bigdataschool.ru/blog/what-to-choose-for-sql-on-hadoop-hive-or-impala.html,"В большинстве случаев выбор <strong>Apache</strong> Hive в качестве основного SQL-средства для анализа <strong>данных</strong>, хранящихся в кластере Hadoop (HDFS или <strong>HBase</strong>), обусловлен ключевыми преимуществами ..."
Apache HBase,"""Большие данные"" Apache HBase",https://bigdataschool.ru/wiki/kudu/,"Основное назначение ... между 2-мя движками хранения <strong>данных</strong> <strong>Apache</strong> Hadoop: HDFS и <strong>HBase</strong>. Напомним, HDFS эффективно и надежно хранит <strong>большие</strong> <strong>данные</strong> различных форматов с ..."
Apache HBase,"""Большие данные"" Apache HBase",https://www.bigdataschool.ru/blog/apache-parquet-avro-spark-big-data.html,"Мы уже упоминали формат Parquet в статье про <strong>Apache</strong> Avro, одну из наиболее распространенных схем <strong>данных</strong> Big Data, часто используемую в Kafka, Spark и"
Apache HBase,Big Data Apache HBase,https://celerdata.com/glossary/apache-hbase,"<strong>HBase can serve as both input and output for Hadoop MapReduce jobs</strong>. This feature allows efficient processing of large datasets. HBase also supports Apache Hive, enabling SQL-like queries on HBase tables. The combination of HBase and Hadoop enhances big data analytics capabilities."
Apache HBase,Big Data Apache HBase,https://engineering.salesforce.com/investing-in-big-data-apache-hbase-420edfba2d30/,"It’s better to say HBase is architected differently than a typical relational database engine, and can scale out better for some use cases. Google was among the first companies to move in this direction, because they were operating at the scale of the entire web. So, they long ago built their infrastructure on top of a new kind of system (BigTable, which is the direct intellectual ancestor of HBase)."
Apache HBase,Big Data Apache HBase,https://blogs.apache.org/hbase/entry/investing_in_big_data_apache,"By “big”, we mean things in the ballpark of hundreds of millions of rows per tenant, or more. HBase clusters in the wild have been known to grow to thousands of compute nodes, and hundreds of Petabytes, which is substantially bigger than we’d ever grow a single one of our instance relational databases to."
Apache HBase,Big Data Apache HBase,https://thirdeyedata.ai/apache-hbase/,"Apache HBase is <strong>an Apache Hadoop project and Open Source, non-relational distributed Hadoop database</strong> that had its genesis in the Google’s Bigtable. The programming language of HBase is Java."
Apache HBase,Big Data Apache HBase,https://www.openlogic.com/blog/what-is-apache-hbase,"Apache HBase is <strong>part of the Hadoop ecosystem, which is widely used in the big data space because it can store and analyze high volumes of unstructured data</strong>. Originally prototyped in 2006, HBase has gained traction and has been a top-level Apache ..."
Apache HBase,Big Data Apache HBase,https://www.dremio.com/wiki/apache-hbase/,"However, performance may vary based ... What is Apache HBase? Apache HBase is <strong>a scalable, distributed, big data store, providing real-time read/write access of large datasets</strong>...."
Apache HBase,Big Data Apache HBase,https://medium.com/@kaprimuskan6/understanding-apache-hbase-real-time-big-data-and-the-hidden-risks-of-data-corruption-0579d95cd022,"It is <strong>a distributed, scalable, and open-source NoSQL database designed to store and process huge datasets in real time</strong>. Apache HBase is built on top of the Hadoop ecosystem, specifically using the Hadoop Distributed File System (HDFS) for storage."
Apache HBase,Big Data Apache HBase,https://www.meegle.com/en_us/topics/nosql/apache-hbase-features,"Apache HBase is <strong>an open-source, distributed, column-oriented database designed to handle large-scale data storage and processing</strong>. It is modeled after Google&#x27;s Bigtable and is built on top of the Hadoop Distributed File System (HDFS). Unlike traditional relational databases, HBase is a NoSQL ..."
Apache HBase,Big Data Apache HBase,https://docs.cloudera.com/runtime/7.3.1/hbase-overview/topics/hbase-overview.html,"Apache HBase is <strong>a scalable, distributed, column-oriented datastore</strong>. Apache HBase provides real-time read/write random access to very large datasets hosted on HDFS."
Apache HBase,Big Data Apache HBase,https://docs.oracle.com/en/middleware/goldengate/big-data/23/gadbd/apache-hbase.html,"Conversely, data stored in databases and replicated through Oracle GoldenGate is highly structured. HBase provides a way to maintain the important structure of data while taking advantage of the horizontal scaling that is offered by the Hadoop Distributed File System (HDFS)."
Apache HBase,Big Data Apache HBase,https://www.tutorialspoint.com/hbase/hbase_overview.htm,"It provides data replication across clusters. Apache HBase is <strong>used to have random, real-time read/write access to Big Data</strong>."
Apache HBase,Big Data Apache HBase,https://aws.amazon.com/blogs/big-data/tag/apache-hbase/,"Apache HBase is <strong>a massively scalable, distributed big data store in the Apache Hadoop ecosystem</strong>. We can use Amazon EMR with HBase on top of Amazon Simple Storage Service (Amazon S3) for random, strictly consistent real-time access for tables with Apache Kylin."
Apache HBase,Big Data Apache HBase,https://medium.com/nerd-for-tech/apache-hbase-for-the-impatient-a8dfebed84e7,"At its core, Apache HBase is <strong>an open-source, distributed, and scalable NoSQL database that excels in handling large volumes of sparse data</strong>. Part of the Apache Hadoop ecosystem, HBase is designed to work seamlessly with the Hadoop Distributed ..."
Apache HBase,Big Data Apache HBase,https://intellipaat.com/blog/what-is-apache-hbase/,"Apache HBase is <strong>an Apache Hadoop project and Open Source, non-relational distributed Hadoop database</strong> that had its genesis in the Google’s Bigtable. The programming language of HBase is Java."
Apache HBase,Big Data Apache HBase,https://aws.amazon.com/big-data/what-is-hbase/,"<strong>Apache</strong> <strong>HBase</strong> is an open-source, NoSQL, distributed <strong>big</strong> <strong>data</strong> store. It enables random, strictly consistent, real-time access to petabytes of <strong>data</strong>."
Apache HBase,Big Data Apache HBase,https://thirdeyedata.ai/technologies/apache-hbase/,Explore <strong>Apache</strong> <strong>HBase</strong> with ThirdEye <strong>Data</strong>. Learn about its architecture and how it handles <strong>big</strong> <strong>data</strong> challenges.
Apache HBase,Big Data Apache HBase,https://docs.oracle.com/en/middleware/goldengate/big-data/21.1/gadbd/apache-hbase.html,Classpath issues are common during the initial setup of the <strong>HBase</strong> Handler. The typical indicators are occurrences of the ClassNotFoundException in the Java log4j log file. The <strong>HBase</strong> client jars do not ship with Oracle GoldenGate for <strong>Big</strong> <strong>Data</strong>. You must resolve the required <strong>HBase</strong> client jars.
Apache HBase,Big Data Apache HBase,https://thirdeyedata.ai/big-data-acceleration-project-on-apache-hbase/,"<strong>Apache</strong> <strong>HBase</strong> <strong>Big</strong> <strong>Data</strong> Projects Case Study: The <strong>Apache</strong> <strong>HBase</strong> – <strong>Big</strong> <strong>Data</strong> Acceleration Project by ThirdEye <strong>Data</strong>. To know more, visit us now."
Apache HBase,Big Data Apache HBase,https://learn.microsoft.com/en-us/azure/hdinsight/hbase/apache-hbase-overview,"<strong>Apache</strong> <strong>HBase</strong> is an open-source, NoSQL database that is built on <strong>Apache</strong> Hadoop and modeled after Google BigTable. <strong>HBase</strong> provides random access and strong consistency for large amounts of <strong>data</strong> in a schemaless database."
Apache HBase,Big Data Apache HBase,https://aws.amazon.com/blogs/aws/apache-hbase-on-emr/,"All Your BaseAWS has already given you a lot of storage and processing options to choose from, and today we are adding a really important one. You can now use <strong>Apache</strong> <strong>HBase</strong> to store and process extremely large amounts of <strong>data</strong> (think billions of rows and millions of columns per row) on AWS."
Apache HBase,Big Data Apache HBase,https://deepaksood619.github.io/technologies/apache/apache-hbase/,"HBaseis an open-source, non-relational, distributed database modeled after Google&#x27;sBigtable and written in Java. It is developed as part of <strong>Apache</strong> Software Foundation&#x27;s <strong>Apache</strong> Hadoop project and runs on top of HDFS (Hadoop Distributed File System), providing Bigtable-like capabilities for Hadoop."
Apache HBase,Big Data Apache HBase,https://medium.com/@rajesh.yadav.mca2007/apache-hbase-7b73e163c300,"This is where <strong>Apache</strong> <strong>HBase</strong> excels. Built on top of Hadoop’s HDFS, <strong>HBase</strong> is a distributed, column-oriented, NoSQL database designed for real-time read/write access to large datasets. Inspired by Google’s Bigtable, <strong>HBase</strong> has become a critical component in the <strong>Big</strong> <strong>Data</strong> ecosystem, powering ..."
Apache HBase,Big Data Apache HBase,https://www.acte.in/apache-hbase-guide,"<strong>Apache</strong> <strong>HBase</strong> is a distributed, scalable, and non-relational (NoSQL) database modeled after Google’s Bigtable and written in Java. It is built on top of the Hadoop Distributed File System (HDFS) and provides real-time read/write access to <strong>data</strong>."
Apache HBase,Big Data Apache HBase,https://www.ibm.com/think/topics/hbase,"<strong>HBase</strong> is a column-oriented non-relational database management system that runs on top of Hadoop Distributed File System (HDFS), a main component of <strong>Apache</strong> Hadoop. <strong>HBase</strong> provides a fault-tolerant way of storing sparse <strong>data</strong> sets, which are common in many <strong>big</strong> <strong>data</strong> use cases."
Apache HBase,Big Data Apache HBase,https://dbdb.io/db/hbase,"<strong>HBase</strong> is an open source, distributed, non-relational, scalable <strong>big</strong> <strong>data</strong> store that runs on top of Hadoop Distributed Filesystem. <strong>Hbase</strong> is suitable for storing large quantities of <strong>data</strong>, but it lacks many of the features that relational database management systems usually have, such as column ..."
Apache HBase,Big Data Apache HBase,https://docs.cloudera.com/cdp-private-cloud-base/7.3.1/hbase-overview/topics/hbase-overview.html,"As a natively non-relational database, <strong>Apache</strong> <strong>HBase</strong> can combine <strong>data</strong> sources that use a wide variety of structures and schemas. <strong>HBase</strong> is designed for resilient <strong>data</strong> storage and is intended for hosting very large tables with sparse <strong>data</strong>. <strong>Apache</strong> <strong>HBase</strong> can host <strong>big</strong> <strong>data</strong> tables because it scales ..."
Apache HBase,Big Data Apache HBase,https://aws.amazon.com/blogs/big-data/apache-hbase-online-migration-to-amazon-emr/,"<strong>Apache</strong> <strong>HBase</strong> is an open source, non-relational distributed database developed as part of the <strong>Apache</strong> Software Foundation’s Hadoop project. <strong>HBase</strong> can run on Hadoop Distributed File System (HDFS) or Amazon Simple Storage Service (Amazon S3), and can host very large tables with billions of rows ..."
Apache HBase,Big Data Apache HBase,https://sourceforge.net/projects/apache-hbase.mirror/,"Get random, realtime read/write access to your <strong>Big</strong> <strong>Data</strong>. Use <strong>Apache</strong> <strong>HBase</strong>™ when you need random, realtime read/write access to your <strong>Big</strong> <strong>Data</strong>. This project&#x27;s goal is the hosting of very large tables, billions of rows X millions of columns, atop clusters of commodity hardware."
Apache HBase,Big Data Apache HBase,https://www.analyticsvidhya.com/blog/2022/10/a-brief-introduction-to-apache-hbase-and-its-architecture/,"We can say that <strong>Apache</strong> <strong>HBase</strong> is a NoSQL database that runs on top of the Hadoop Distributed File System. Provides the BigTable functionality of the Hadoop framework. It consists of HMaster Server, <strong>HBase</strong> Region Server, and Regions and Zookeeper. The article included the difference between <strong>HBase</strong> ..."
Apache HBase,Big Data Apache HBase,https://www.analyticsvidhya.com/blog/2022/05/get-to-know-apache-hbase-from-scratch/,"With the constant increment of structured <strong>data</strong>, it is getting difficult to efficiently store and process the petabytes of <strong>data</strong>. <strong>Apache</strong> <strong>HBase</strong> is a column-oriented, open-source NoSQL database, part of the <strong>Big</strong> <strong>data</strong> technology stack. To provide a massive amount of storage and accountable processing, ..."
Apache HBase,Big Data Apache HBase,https://dzone.com/refcardz/hbase,"<strong>HBase</strong> Tutorial - Learn <strong>HBase</strong> quickly with this beginner&#x27;s introduction to the Hadoop database: a distributed, scalable <strong>Big</strong> <strong>Data</strong> store for managing very large tables. ... ► About <strong>HBase</strong> ► <strong>HBase</strong> Configuration ► Starting and Stopping <strong>Apache</strong> <strong>HBase</strong> ► Using the <strong>HBase</strong> Shell ► Learn the <strong>HBase</strong> ..."
Apache HBase,Big Data Apache HBase,https://www.dremio.com/wiki/hbase/,"<strong>HBase</strong> is an open-source, non-relational, distributed database modeled after Google&#x27;s BigTable and written in Java. It&#x27;s part of the <strong>Apache</strong> Software Foundation&#x27;s <strong>Apache</strong> Hadoop project and operates on top of HDFS (Hadoop Distributed File System), providing BigTable-like capabilities for Hadoop."
Apache HBase,Big Data Apache HBase,https://www.cloudera.com/services-and-support/training/courses/apache-hbase-training.html,"<strong>Apache</strong> <strong>HBase</strong> is a distributed, scalable, NoSQL database for <strong>big</strong> <strong>data</strong> built on Hadoop."
Apache HBase,Big Data Apache HBase,https://engineering.salesforce.com/investing-in-big-data-apache-hbase-b9d98661a66b/,Written by Andrew Purtell and Lars Hofhansl
Apache HBase,Big Data Apache HBase,https://hbase.apache.org/index.html,"Use <strong>Apache</strong> <strong>HBase</strong>® when you need random, realtime read/write access to your <strong>Big</strong> <strong>Data</strong>. This project&#x27;s goal is the hosting of very large tables -- billions of rows X millions of columns -- atop clusters of commodity hardware. <strong>Apache</strong> <strong>HBase</strong>® is an open-source, distributed, versioned, non-relational ..."
Apache HBase,Big Data Apache HBase,https://www.coursera.org/learn/analyze-and-implement-apache-hbase-for-big-data-storage,"Offered by EDUCBA. By the end of this course, learners will be able to explain the <strong>Apache</strong> <strong>HBase</strong> <strong>data</strong> model, analyze column-oriented storage ... Enroll for free."
Apache HBase,Big Data Apache HBase,https://bckinfo.com/apache-hbase-overview/,"Learn what <strong>Apache</strong> <strong>HBase</strong> is, how it works, and why it’s a top choice for real-time, scalable NoSQL databases in <strong>big</strong> <strong>data</strong> environments. - bckinfo.com"
Apache HBase,Big Data Apache HBase,https://www.numberanalytics.com/blog/mastering-apache-hbase-for-big-data,Discover the capabilities of <strong>Apache</strong> <strong>HBase</strong> in handling large datasets and learn how to effectively utilize it for <strong>big</strong> <strong>data</strong> processing and storage needs.
Apache HBase,Big Data Apache HBase,https://docs.aws.amazon.com/whitepapers/latest/migrate-apache-hbase-s3/introduction-to-apache-hbase.html,"<strong>Apache</strong> <strong>HBase</strong> is a massively scalable, distributed <strong>big</strong> <strong>data</strong> store in the <strong>Apache</strong> Hadoop ecosystem. It is an open-source, non-relational, versioned database that runs on top of the <strong>Apache</strong> Hadoop Distributed File System (HDFS). It is built for random, strictly consistent, real-time access for tables ..."
Apache HBase,Big Data Apache HBase,https://www.guru99.com/hbase-tutorials.html,"In this <strong>HBase</strong> tutorial for beginners, you will learn <strong>Apache</strong> <strong>HBase</strong> basics and advanced concepts. This <strong>HBase</strong> course contains all the <strong>HBase</strong> basics from introduction, installation, architecture to advanced stuff. <strong>HBase</strong> is an open-source, column-oriented distributed database system in a Hadoop environment. Initially, it was Google <strong>Big</strong> ..."
Apache HBase,Big Data Apache HBase,https://www.alooba.com/skills/tools/relational-databases-8/apache-hbase/,"<strong>Apache</strong> <strong>HBase</strong> is an open-source distributed database system designed to handle large-scale <strong>data</strong> sets. Modeled after Google&#x27;s Bigtable, it offers a non-relational structure and is written in the Java programming language."
Apache HBase,Big Data Apache HBase,https://www.numberanalytics.com/blog/ultimate-guide-to-apache-hbase,Explore the world of <strong>Apache</strong> <strong>HBase</strong> and learn how to harness its power for efficient <strong>big</strong> <strong>data</strong> processing and storage. This guide covers everything from the basics to advanced topics.
Apache HBase,Big Data Apache HBase,https://www.tokioschool.com/en/news/hbase/,"The <strong>Big</strong> <strong>Data</strong> potential doesn’t stop growing, including the ecosystem of applications and tools used by professionals in the field, which is becoming more and more extensive. <strong>Apache</strong> Hadoop was born as part of this context as a framework dedicated to the processing of large amounts of <strong>data</strong>. Included here is <strong>HBase</strong>..."
Apache HBase,Big Data Apache HBase,https://docs.cloudera.com/cdp-private-cloud-base/7.1.9/hbase-overview/topics/hbase-overview.html,"As a natively non-relational database, <strong>Apache</strong> <strong>HBase</strong> can combine <strong>data</strong> sources that use a wide variety of structures and schemas. <strong>HBase</strong> is designed for resilient <strong>data</strong> storage and is intended for hosting very large tables with sparse <strong>data</strong>. <strong>Apache</strong> <strong>HBase</strong> can host <strong>big</strong> <strong>data</strong> tables because it scales ..."
Apache HBase,Big Data Apache HBase,https://www3.technologyevaluation.com/solutions/61630/apache-hbase,"<strong>Apache</strong> <strong>HBase</strong> is primarily designed for large-scale, high-performance applications that require real-time read/write access to massive datasets. It is particularly well-suited for enterprises and organizations that deal with <strong>Big</strong> <strong>Data</strong>, such as telecommunications companies, social media platforms, ..."
Apache HBase,Big Data Apache HBase,https://www.tatvasoft.com/blog/brief-look-apache-hbase/,"Like Google’s Bigtable and in hard competition to it, <strong>Apache</strong> <strong>HBase</strong> is an open-source, non-relational, scalable, and distributed database developed as part of <strong>Apache</strong> Software Foundation’s <strong>Apache</strong> Hadoop project."
Apache HBase,Big Data Apache HBase,https://docs.cloudera.com/runtime/7.3.1/opdb-overview/topics/hbase-intro.html,"<strong>Apache</strong> <strong>HBase</strong> is a scalable, distributed, column-oriented datastore."
Apache HBase,Big Data Apache HBase,https://github.com/apache/hbase,"<strong>Apache</strong> <strong>HBase</strong> is an open-source, distributed, versioned, column-oriented store modeled after Google&#x27;s Bigtable: A Distributed Storage System for Structured <strong>Data</strong> by Chang et al."
Apache HBase,Big Data Apache HBase,https://docs.oracle.com/en-us/iaas/Content/bigdata/hadoop-odh-hbase.htm,"<strong>Apache</strong> <strong>HBase</strong> is a distributed, scalable, <strong>big</strong> <strong>data</strong> store."
Apache HBase,Big Data Apache HBase,https://builtin.com/data-science/hbase,"Summary: <strong>HBase</strong> is a non-relational, column-oriented NoSQL database built on Hadoop for real-time <strong>data</strong> processing. It supports scalable storage of structured and semi-structured <strong>data</strong>, enables efficient random reads and writes and can integrate with <strong>Apache</strong> Phoenix for SQL-like queries."
Apache HBase,Big Data Apache HBase,https://tsaiprabhanj.medium.com/hbase-architecture-e46be95cc7d3,"<strong>HBase</strong>’s architecture is designed to provide scalability, fault tolerance, and low-latency <strong>data</strong> access, making it suitable for use cases where real-time, large-scale <strong>data</strong> storage and retrieval are required, such as in time-series <strong>data</strong>, IoT applications, and other <strong>big</strong> <strong>data</strong> scenarios."
Apache HBase,Big Data Apache HBase,https://medium.com/@digitalpadm/what-is-hdfs-map-reduce-yarn-hbase-hive-pig-mongodb-in-apache-hadoop-big-data-fb5537ef0453,"What is HDFS, Map Reduce, YARN, <strong>HBase</strong>, Hive, Pig, Mongodb in <strong>Apache</strong> Hadoop <strong>Big</strong> <strong>Data</strong> What is <strong>Apache</strong> Hadoop ? <strong>Apache</strong> Hadoop is an open source framework written in Java language. Open source means it is …"
Apache HBase,Big Data Apache HBase,https://www.projectpro.io/article/overview-of-hbase-architecture-and-its-components/295,"Streaming <strong>Data</strong> Pipeline using Spark, <strong>HBase</strong> and Phoenix · Downloadable solution code | Explanatory videos | Tech Support Start Project ... <strong>Apache</strong> Hadoop has gained popularity in the <strong>big</strong> <strong>data</strong> space for storing, managing and processing <strong>big</strong> <strong>data</strong> as it can handle high volume of multi-structured <strong>data</strong>."
Apache HBase,Big Data Apache HBase,https://www.pvpsiddhartha.ac.in/dep_it/lecture%20notes/Big%20Data%20Analytics/BDA%20UNIT%205.pdf,"To implement the web application, we will use the <strong>HBase</strong> Java API directly. Here it becomes clear · how important your choice of schema and storage format is. ... Hive, a framework for <strong>data</strong> warehousing on top of Hadoop. Hive was created to make it possible for · analysts with strong SQL skills (but meager Java programming skills) to run queries on the huge ... Today, Hive is a successful <strong>Apache</strong> ..."
Apache HBase,"""Big Data"" Apache HBase",https://www.credera.com/en-us/insights/apache-hbase-explained-5-minutes-less,"Quick Overview <strong>Apache</strong> <strong>HBase</strong> is a highly distributed, NoSQL database solution that scales to store large amounts of sparse <strong>data</strong>. In the scheme of <strong>Big</strong> <strong>Data</strong>, it fits into the storage category and is simply an alternative or additional <strong>data</strong> store option. It is a column-oriented, key-value store ..."
Apache HBase,"""Big Data"" Apache HBase",https://www.cloudera.com/products/open-source/apache-hadoop/apache-hbase.html,A massively parallel relational database engine supporting OLTP for Hadoop using <strong>Apache</strong> <strong>HBase</strong>.
Apache HBase,"""Big Data"" Apache HBase",https://www.devmanuals.com/tutorials/bigdata/hbase/what-is-hbase.html,"<strong>HBase</strong> is well suited for the the ... in <strong>Big</strong> <strong>Data</strong> environment. <strong>HBase</strong> is non-relational database and does not support SQL query for performing <strong>data</strong> operations. <strong>HBase</strong> comes with <strong>hbase</strong> shell which can be used for inserting, updating, searching and deleting the <strong>data</strong> <strong>in</strong> <strong>HBase</strong> database. <strong>HBase</strong> is a project under <strong>Apache</strong> Hadoop project, ..."
Apache HBase,"""Big Data"" Apache HBase",https://www.howdy.com/glossary/apache-hbase,"<strong>Apache</strong> <strong>HBase</strong> is a distributed, scalable, NoSQL database designed to provide real-time read/write access to large datasets. It runs on top of the Hadoop Distributed File System (HDFS) and is modeled after Google&#x27;s Bigtable."
Apache Cassandra,Большие данные Apache Cassandra,https://en.wikipedia.org/wiki/Apache_Cassandra,"Apache Cassandra is a free and open-source database management system designed to handle large volumes of data across multiple commodity servers. The system prioritizes availability and scalability over consistency, making it particularly suited for systems with high write throughput requirements due to its LSM tree indexing storage layer."
Apache Cassandra,Большие данные Apache Cassandra,https://products.containerize.com/ru/big-data/apache-cassandra/,Apache Cassandra <strong>является распределенной базой данных NOSQL с открытым исходным кодом для больших данных</strong>. Обрабатывает массовые данные очень быстро и без единой точки ...
Apache Cassandra,Большие данные Apache Cassandra,https://medium.com/@bigdataschool/%D0%BA%D0%B0%D0%BA-%D1%80%D0%B0%D0%B1%D0%BE%D1%82%D0%B0%D0%B5%D1%82-apache-cassandra-%D0%B7%D0%B0%D0%BF%D0%B8%D1%81%D1%8C-%D1%87%D1%82%D0%B5%D0%BD%D0%B8%D0%B5-%D0%B8-%D0%B4%D1%80%D1%83%D0%B3%D0%B8%D0%B5-%D0%BE%D0%BF%D0%B5%D1%80%D0%B0%D1%86%D0%B8%D0%B8-%D1%81-big-data-%D0%B2-%D1%80%D0%B0%D1%81%D0%BF%D1%80%D0%B5%D0%B4%D0%B5%D0%BB%D0%B5%D0%BD%D0%BD%D0%BE%D0%B9-eed34521d9ba,"Кроме перезаписи устаревшей информации, Кассандра использует операцию уплотнения, чтобы предупредить расхождение данных, сохраненных на разных узлах в рамках децентрализованной архитектурой этой СУБД. Чтобы гарантировать целостность, Cassandra читает все SSTable на каждом узле кластера, выбирая данные с последней меткой времени (timestamp)."
Apache Cassandra,Большие данные Apache Cassandra,https://bigdataschool.ru/blog/news/internet-of-things/cassandra-use-cases/,"Промышленные решения на базе Cassandra развёрнуты в Cisco, IBM, Cloudkick, Reddit, Digg, Rackspace, Twitter и множестве других компаний, работающих с большими данными [1]. Например, Expedia, крупная туристическая компания США, с помощью Кассандры хранит миллиарды постоянно обновляемых цен из 140 000 отелей."
Apache Cassandra,Большие данные Apache Cassandra,https://bigdataschool.ru/blog/cassandra-operations/,"Что такое memTable, SSTable и Bloom-фильтр в Apache Cassandra, как записываются, читаются и удаляются таблицы Big Data в распределенной NoSQL-СУБД"
Apache Cassandra,Большие данные Apache Cassandra,https://bigdataschool.ru/blog/cassandra-key-features/,С чем можно столкнуться при использовании Apache Cassandra в реальных Big Data проектах: анализ основных достоинств и недостатков популярной NoSQL-СУБД
Apache Cassandra,Большие данные Apache Cassandra,https://vk.com/@bdschool_mck-10-primerov-primeneniya-apache-cassandra-v-5-napravleniyah-b,"Благодаря быстроте, надежности и другим достоинствам Apache Cassandra, эта распределенная NoSQL-СУБД широко применяется во многих Big Data проектах по всему миру."
Apache Cassandra,Большие данные Apache Cassandra,https://coderlessons.com/tutorials/bolshie-dannye-i-analitika/vyuchi-kassandru/kassandra-kratkoe-rukovodstvo,"Apache Cassandra — это <strong>высоко масштабируемая, высокопроизводительная распределенная база данных, предназначенная для обработки больших объемов данных на многих обычных серверах</strong>..."
Apache Cassandra,Большие данные Apache Cassandra,https://mivocloud.com/ru/blog/Apache-Cassandra-Moshchnaya-raspredelennaya-sistema-upravleniya-bazami-dannykh-NoSQL,Масштабируемость: <strong>Cassandra подходит для обработки огромных объемов данных на множестве серверов</strong>.
Apache Cassandra,Большие данные Apache Cassandra,https://habr.com/ru/companies/tbank/articles/951772/,"Apache Cassandra — <strong>распределенное строковое хранилище, формирующее разряженные хэш-таблицы</strong>. Несколько выводов: 1. Мы будем иметь дело с ..."
Apache Cassandra,Большие данные Apache Cassandra,https://app.incidenta.tech/library/software/database/cassandra-distributed-database/,"Apache Cassandra — это <strong>высокомасштабируемая распределенная NoSQL база данных, предназначенная для обработки больших объемов данных на множестве серверов без единой точки отказа</strong>..."
Apache Cassandra,Большие данные Apache Cassandra,https://cassandra.apache.org/_/index.html,"Open Source NoSQL Database Manage massive amounts of data, fast, without losing sleep"
Apache Cassandra,Большие данные Apache Cassandra,https://kurshub.ru/journal/blog/apache-cassandra-chto-etop/,"Apache Cassandra — это <strong>распределенная NoSQL БД с открытым исходным кодом, специально созданная для работы с большими объемами данных в высоконагруженных системах</strong>..."
Apache Cassandra,Большие данные Apache Cassandra,https://web-creator.ru/technologies/cassandra,"Apache Cassandra — <strong>распределенная колоночная система управления базами данных, относящаяся к классу NoSQL</strong>."
Apache Cassandra,Большие данные Apache Cassandra,https://libeldoc.bsuir.by/bitstream/123456789/42005/1/Vishnyakov_Rabota.pdf,"Приведены элементы работы с БД, используя язык Cassandra · Query Language. ... U.A. VISHNYAKOU, S.K. EL-HAJJ · Abstract. Ten characteristics of the big data entity (DB) for working in the Internet of things (IoT) networks are presented. The features of non-relational data bases are considered and the · characteristics of the three most widely distributed such databases are given: Apache Cassandra,"
Apache Cassandra,Большие данные Apache Cassandra,https://habr.com/ru/companies/chestnyznak/articles/675626/,"Конечно, при таком размере памяти очень много данных попадает в Page Cache, но поскольку сама Cassandra в первую очередь база данных класса key-value - данные в большинстве случаев равномерно размазаны по дискам и чаще всего имеют рандомный доступ при чтении, поэтому Page Cache [3] постоянно смывается не успевая нанести большой пользы."
Apache Cassandra,Большие данные Apache Cassandra,https://www.bigdataschool.ru/blog/cassandra-consistency-levels.html,"В следующей статье мы подробнее расскажем, как именно выполняются процессы записи и считывания больших данных (Big Data) в Apache Cassandra с учетом рассмотренных уровней согласованности."
Apache Cassandra,Большие данные Apache Cassandra,https://bigdataschool.ru/wiki/cassandra/,"Apache Cassandra – это <strong>нереляционная отказоустойчивая распределенная СУБД, рассчитанная на создание высокомасштабируемых и надёжных хранилищ огромных массивов данных, представленных в виде хэша</strong>..."
Apache Cassandra,Большие данные Apache Cassandra,https://medium.com/@bigdataschool/%D1%82%D0%BE%D0%BF-10-%D0%B4%D0%BE%D1%81%D1%82%D0%BE%D0%B8%D0%BD%D1%81%D1%82%D0%B2-%D0%B8-5-%D0%B3%D0%BB%D0%B0%D0%B2%D0%BD%D1%8B%D1%85-%D0%BD%D0%B5%D0%B4%D0%BE%D1%81%D1%82%D0%B0%D1%82%D0%BA%D0%BE%D0%B2-apache-cassandra-ee9188f5d2b8,"Напомним, в Cassandra значение столбца-счетчика — это 64-разрядное целое число со знаком, которое поддерживает две операции: увеличение и уменьшение запрос [6]. Пример формирования ключей в Apache Cassandra"
Apache Cassandra,Большие данные Apache Cassandra,https://proselyte.net/tutorials/cassandra/architecture/,В данной статье мы рассмотрим архитектуру <strong>Apache</strong> <strong>Cassandra</strong>. Как уже было сказано во введении – основная задача <strong>Cassandra</strong> – обработка больших объёмов данных.
Apache Cassandra,Большие данные Apache Cassandra,https://bigdataschool.ru/blog/news/cassandra-operations.html,"В прошлой статье мы разобрали, как настраиваемые уровни согласованности влияют на скор"
Apache Cassandra,Большие данные Apache Cassandra,https://habr.com/ru/articles/155115/,"В этом топике я хотел бы рассказать о том, как устроена кассандра ( <strong>cassandra</strong> ) — децентрализованная, отказоустойчивая и надёжная база <strong>данных</strong> “ключ-значение”. ..."
Apache Cassandra,Большие данные Apache Cassandra,https://markirovka.ru/community/developers/cassandra-the-road-to-1-pb-1-7,Как IT компания с <strong>большим</strong> количеством <strong>данных</strong> мы используем множество NoSQL решений в своей повседневной работе. Одним из таких решений является <strong>Apache</strong> <strong>Cassandra</strong>.
Apache Cassandra,Большие данные Apache Cassandra,https://bigdataschool.ru/encyclopedia/cassandra/,"<strong>Apache</strong> <strong>Cassandra</strong> – это нереляционная отказоустойчивая распределенная СУБД, рассчитанная на создание высокомасштабируемых и надёжных хранилищ огромных"
Apache Cassandra,Большие данные Apache Cassandra,https://events.yandex.ru/lib/talks/2372/,"Алексей расскажет об использовании <strong>Apache</strong> <strong>Cassandra</strong> в качестве синхронизированной, распределенной базы <strong>данных</strong> для lookup-запросов, о том, с какими проблемами можно ..."
Apache Cassandra,Большие данные Apache Cassandra,https://cassandra.apache.org/,"Open Source NoSQL Database Manage massive amounts of data, fast, without losing sleep"
Apache Cassandra,Большие данные Apache Cassandra,https://bigdataschool.ru/blog/news/internet-of-things/cassandra-use-cases.html,"Рекомендательные системы, онлайн-каталоги, интернет вещей, антифрод-сервисы и различные мессенджеры: 10 примеров использования <strong>Apache</strong> <strong>Cassandra</strong> в Big Data"
Apache Cassandra,Большие данные Apache Cassandra,https://www.bigdataschool.ru/blog/cassandra-use-case-spotify-recommendation-system.html,"Продолжая разговор ... <strong>Apache</strong> <strong>Cassandra</strong> в реальных Big Data проектах, сегодня мы расскажем вам о рекомендательной системе стримингового сервиса Spotify на базе этой нереляционной СУБД в сочетании с другими технологиями <strong>больших</strong> <strong>данных</strong>: Kafka, Storm, ..."
Apache Cassandra,Большие данные Apache Cassandra,https://medium.com/@bigdataschool/10-%D0%BF%D1%80%D0%B8%D0%BC%D0%B5%D1%80%D0%BE%D0%B2-%D0%BF%D1%80%D0%B8%D0%BC%D0%B5%D0%BD%D0%B5%D0%BD%D0%B8%D1%8F-apache-cassandra-%D0%B2-5-%D0%BD%D0%B0%D0%BF%D1%80%D0%B0%D0%B2%D0%BB%D0%B5%D0%BD%D0%B8%D1%8F%D1%85-big-data-5fa9fc6d73b,"Благодаря быстроте, надежности и другим достоинствам <strong>Apache</strong> <strong>Cassandra</strong>, эта распределенная NoSQL-СУБД широко применяется во многих Big Data проектах по всему миру."
Apache Cassandra,Большие данные Apache Cassandra,https://workspace.ru/tools/database/cassandra/,"<strong>Apache</strong> <strong>Cassandra</strong> – это система управления базами <strong>данных</strong> класса NoSQL. Она предназначена для работы с <strong>большими</strong> объемами <strong>данных</strong> веб-приложений: их записью, изменением, ..."
Apache Cassandra,Большие данные Apache Cassandra,https://webmaster.md/what-is-apache-cassandra/dev/,Discover Custom Integration of <strong>Apache</strong> <strong>Cassandra</strong> with our expert team! ⚡ Hire Database Administrators today! Call ☎ +373 601 066 66 for details! ❱❱❱
Apache Cassandra,Большие данные Apache Cassandra,https://aws.amazon.com/compare/the-difference-between-cassandra-and-hbase/,What&#x27;s the difference between <strong>Cassandra</strong> and HBase? How to use <strong>Cassandra</strong> and HBase with AWS.
Apache Cassandra,Большие данные Apache Cassandra,https://learn.microsoft.com/ru-ru/azure/architecture/best-practices/cassandra,Ожидается задержка в появлении <strong>данных</strong> во втором регионе при использовании консистенции записи LOCAL_QUORUM или ожидается значительное снижение производительности операций записи при использовании консистенции записи EACH_QUORUM. При запуске <strong>Apache</strong> <strong>Cassandra</strong> <strong>в</strong> <strong>большом</strong> ...
Apache Cassandra,Большие данные Apache Cassandra,https://habr.com/ru/companies/otus/articles/729890/,"Колоночная база <strong>данных</strong> — это такой тип базы <strong>данных</strong>, в которой <strong>данные</strong> группируются (хранятся и извлекаются) не по строкам, а по столбцам. В традиционной строчной ..."
Apache Cassandra,Большие данные Apache Cassandra,https://medium.com/@kirill.sereda/cassandra-e66aaf302571,<strong>Cassandra</strong> Это будет мини статья (я бы даже сказал статеечка) в дополнении к предыдущей про SQL/NoSQL. Давайте …
Apache Cassandra,Большие данные Apache Cassandra,https://blog.gelin.ru/2013/11/blog-post_10.html,На HighLoad++ я проиллюстрировал Кассандру портретом Зекоры. С тех пор мое отношение к ним не изменилось :) И теперь есть пони про NoSQL ;) Да. Мы используем Кассандру.
Apache Cassandra,Большие данные Apache Cassandra,https://bigdataschool.ru/blog/news/use-cases/cassandra-use-cases.html,"Рекомендательные системы, онлайн-каталоги, интернет вещей, антифрод-сервисы и различные мессенджеры: 10 примеров использования <strong>Apache</strong> <strong>Cassandra</strong> в Big Data"
Apache Cassandra,Большие данные Apache Cassandra,https://www.tadviser.ru/index.php/%D0%9F%D1%80%D0%BE%D0%B4%D1%83%D0%BA%D1%82:Apache_Cassandra,"Продукт <strong>Apache</strong> <strong>Cassandra</strong>, 2020 Включение в линейку сервисов DBaaS от DataLine, <strong>Apache</strong> <strong>Cassandra</strong> 30, <strong>Apache</strong> <strong>Cassandra</strong> 22, <strong>Apache</strong> <strong>Cassandra</strong> 20"
Apache Cassandra,Большие данные Apache Cassandra,https://quantrum.me/1558-nastrojka-cassandra-dlya-xraneniya-cen-akcij/,"Вообще, <strong>Cassandra</strong> — это монстр, разработанный для хранения и обработки действительно <strong>большого</strong> количества <strong>данных</strong>. <strong>Cassandra</strong> была создана в недрах Facebook и позже передана <strong>Apache</strong> ..."
Apache Cassandra,Большие данные Apache Cassandra,https://ru.m.wikipedia.org/wiki/Apache_Cassandra,"<strong>Apache</strong> <strong>Cassandra</strong> — распределённая система управления базами <strong>данных</strong>, относящаяся к классу NoSQL-систем и рассчитанная на создание высокомасштабируемых и надёжных хранилищ ..."
Apache Cassandra,Большие данные Apache Cassandra,https://bigdataschool.ru/blog/news/cassandra-key-features.html,"Продолжая тему нереляционных хранилищ <strong>данных</strong>, сегодня мы поговорим о главных плюсах и минусах <strong>Apache</strong> <strong>Cassandra</strong>. Читайте в нашем материале, чем хороша эта"
Apache Cassandra,Большие данные Apache Cassandra,https://web-creator.ru/amp/technologies/webdev/cassandra,"<strong>Apache</strong> <strong>Cassandra</strong> — распределенная колоночная система управления базами <strong>данных</strong>, относящаяся к классу NoSQL. Эта распределенная СУБД отлично подходит для надёжного хранения <strong>большого</strong> ..."
Apache Cassandra,Большие данные Apache Cassandra,https://habr.com/ru/company/wirex/blog/410985/,В Instagram развернута одна из крупнейших в мире БД <strong>Apache</strong> <strong>Cassandra</strong>. Проект начал использовать <strong>Cassandra</strong> в 2012 году с целью замены Redis и поддержки внедрения таких функций прило...
Apache Cassandra,Большие данные Apache Cassandra,https://medium.com/@nanda_amanta/beyond-the-sql-wall-why-and-how-we-implemented-apache-cassandra-for-massive-scale-%EF%B8%8F-d991bab9b57b,"When your “High Availability” MySQL setup starts sweating, it’s time to talk about the masterless beast of databases."
Apache Cassandra,Большие данные Apache Cassandra,https://eax.me/cassandra/,"<strong>Cassandra</strong> считается гибридом key-value и column-oriented баз <strong>данных</strong>. Как и в РСУБД, есть базы <strong>данных</strong>, в них таблицы (column families), в них строки. Значения в строках хранятся в виде троек (имя столбца, значение, таймстамп). Лично мне всегда <strong>больше</strong> ..."
Apache Cassandra,Большие данные Apache Cassandra,https://learn.microsoft.com/ru-ru/azure/cosmos-db/cassandra/overview,Благодаря поддержке ...ельности и распределённых вычислений на <strong>больших</strong> объёмах <strong>данных</strong> NoSQL. Azure Cosmos DB для <strong>Apache</strong> <strong>Cassandra</strong> — это полностью управляемая служба базы ...
Apache Cassandra,Большие данные Apache Cassandra,https://blog.bissquit.com/dbms/apache-cassandra-model-dannyh/,"Реляционные базы <strong>данных</strong>, в которых основой является табличная структура, подавляющему большинству читателей будут знакомы. Однако если говорить о нетрадиционных ..."
Apache Cassandra,Большие данные Apache Cassandra,https://www.osp.ru/cio/2012/06/13016430,Использование больших объемов данных станет ключевым условием конкурентоспособности и роста отдельных фирм. <strong>Большие</strong> <strong>Данные</strong> должны стать источником новой волны ...
Apache Cassandra,Большие данные Apache Cassandra,https://medium.com/@bigdataschool/%D1%80%D0%B0%D0%B7-%D0%B4%D0%B2%D0%B0-%D0%BC%D0%BD%D0%BE%D0%B3%D0%BE-%D1%83%D1%80%D0%BE%D0%B2%D0%BD%D0%B8-%D1%81%D0%BE%D0%B3%D0%BB%D0%B0%D1%81%D0%BE%D0%B2%D0%B0%D0%BD%D0%BD%D0%BE%D1%81%D1%82%D0%B8-apache-cassandra-%D0%BF%D1%80%D0%B8-%D1%80%D0%B0%D1%81%D0%BF%D1%80%D0%B5%D0%B4%D0%B5%D0%BB%D0%B5%D0%BD%D0%BD%D0%BE%D0%B9-%D0%BE%D0%B1%D1%80%D0%B0%D0%B1%D0%BE%D1%82%D0%BA%D0%B5-big-data-9d5182f19c3e,"Как мы уже отмечали, одним из преимуществ Кассандры является возможность задания уровня согласованности для операций чтения и записи данных."
Apache Cassandra,Большие данные Apache Cassandra,https://habr.com/ru/articles/927132/,"Это продолжение цикла, рассказывающего о практике развёртывания производственного кластера <strong>Cassandra</strong>. В первой части мы начали продвигаться вот по такому плану: ..."
Apache Cassandra,Большие данные Apache Cassandra,https://habr.com/ru/company/southbridge/blog/558610,Речь пойдет о разработке производительной модели <strong>данных</strong> <strong>для</strong> <strong>Apache</strong> <strong>Cassandra</strong>. Над этой задачей я долгое время работаю в DataStax. Есть довольно <strong>большое</strong> количество проектов ...
Apache Cassandra,Большие данные Apache Cassandra,https://habr.com/ru/companies/oleg-bunin/articles/417617/,"Но чем дальше, тем мы <strong>больше</strong> <strong>и</strong> <strong>больше</strong> понимали, что нам придется сделать что-то очень похожее на <strong>Cassandra</strong>, и те усилия, которые мы на это потратим, того не стоят. На всю разработку у нас было всего полтора месяца. Было бы странно потратить их на написание своей базы <strong>данных</strong>..."
Apache Cassandra,Большие данные Apache Cassandra,https://habr.com/ru/articles/699104/,"<strong>Apache</strong> <strong>Cassandra</strong> - это распределенная NoSQL база <strong>данных</strong>. В этой статье будут описаны основные механизмы передачи, репликации и поддержания согласованности <strong>данных</strong> внутри ..."
Apache Cassandra,Большие данные Apache Cassandra,https://stepik.org/course/285875/promo,"Станьте экспертом по <strong>Apache</strong> <strong>Cassandra</strong>: от проектирования схем без JOIN-ов до настройки JVM и векторного поиска для ИИ. В курсе вас ждут 116 проверочных тестов, которые не дадут ..."
Apache Cassandra,Большие данные Apache Cassandra,https://aws.amazon.com/compare/the-difference-between-cassandra-and-mongodb/,What’s the Difference Between <strong>Cassandra</strong> and MongoDB? How to use <strong>Cassandra</strong> and MongoDB with AWS.
Apache Cassandra,Большие данные Apache Cassandra,https://habr.com/post/155115/,"В этом топике я хотел бы рассказать о том, как устроена кассандра ( <strong>cassandra</strong> ) — децентрализованная, отказоустойчивая и надёжная база данных “ключ-значение”. ..."
Apache Cassandra,"""Большие данные"" Apache Cassandra",https://medium.com/@bigdataschool/%D0%BA%D0%B0%D0%BA-%D1%85%D1%80%D0%B0%D0%BD%D0%B8%D1%82%D1%8C-%D0%B1%D0%BE%D0%BB%D1%8C%D1%88%D0%B8%D0%B5-%D0%B4%D0%B0%D0%BD%D0%BD%D1%8B%D0%B5-apache-parquet-avro-%D0%B8-%D0%B4%D1%80%D1%83%D0%B3%D0%B8%D0%B5-%D1%84%D0%BE%D1%80%D0%BC%D0%B0%D1%82%D1%8B-big-data-542d189de144,"Мы уже упоминали формат Parquet в статье про <strong>Apache</strong> Avro, одну из наиболее распространенных схем данных Big Data, часто используемую в Kafka, Spark и Hadoop. Сегодня рассмотрим более ..."
Apache Cassandra,Big Data Apache Cassandra,https://neontri.com/blog/apache-cassandra-use-cases/,"Apache Cassandra <strong>serves as a powerful foundation for big data integration initiatives</strong>, enabling organizations to consolidate massive volumes of structured and semi-structured data from various systems, applications, and external sources."
Apache Cassandra,Big Data Apache Cassandra,https://www.scylladb.com/learn/apache-cassandra/introduction-to-apache-cassandra/,Apache Cassandra is <strong>typically used when you need to rapidly prototype and deploy a key-value store database that scales to multiple gigabytes or terabytes of information</strong> — what are often referred to as “big data” applications.
Apache Cassandra,Big Data Apache Cassandra,https://www.ibm.com/think/topics/cassandra,Apache Cassandra (Cassandra) is <strong>an open source NoSQL database built for managing large amounts of data across multiple data centers</strong>.
Apache Cassandra,Big Data Apache Cassandra,https://www.ksolves.com/blog/big-data/apache-cassandra/apache-cassandra-the-game-changing-database-for-big-tech-companies,"Despite challenges in maintenance ... opportunities. Apache Cassandra is <strong>the ultimate rockstar of distributed databases, empowering big tech companies in the era of data-driven technology</strong>...."
Apache Cassandra,Big Data Apache Cassandra,https://payodatechnologyinc.medium.com/managing-large-amounts-of-data-with-apache-cassandra-50e2f9910c46,"Apache Cassandra, <strong>a highly scalable and distributed wide-column database</strong>, has gained significant popularity for its ability to handle massive amounts of data across multiple nodes."
Apache Cassandra,Big Data Apache Cassandra,https://www.ksolves.com/blog/big-data/apache-cassandra/cassandra-use-cases-big-data-v5,"Apache Cassandra 5.0’s use cases, benefits, and how it transforms big data with powerful features and seamless tool integration."
Apache Cassandra,Big Data Apache Cassandra,https://neontri.com/blog/apache-cassandra-in-banking-data-management/,Explore the role of Apache Cassandra in managing extensive banking data. Find out how it offers superior scalability and availability for modern businesses.
Apache Cassandra,Big Data Apache Cassandra,https://www.dremio.com/wiki/apache-cassandra/,"Apache Cassandra is <strong>a highly scalable, distributed, and NoSQL database system designed to handle large amounts of data across many commodity servers</strong>, providing high availability without compromising performance."
Apache Cassandra,Big Data Apache Cassandra,https://www.geeksforgeeks.org/devops/introduction-to-apache-cassandra/,"Cassandra is <strong>a distributed database management system which is open source with wide column store, NoSQL database to handle large amount of data across many commodity servers</strong> which provides high availability with no single point of failure."
Apache Cassandra,Big Data Apache Cassandra,https://programistajava.pl/2025/03/28/apache-cassandra-zastosowania-w-swiecie-big-data/,"Apache Cassandra to kluczowe rozwiązanie w świecie Big Data, które <strong>umożliwia skalowanie i zarządzanie ogromnymi zbiorami danych</strong>. Dzięki swojej architekturze rozproszonej, idealnie sprawdza się w aplikacjach wymagających wysokiej dostępności i elastyczności."
Apache Cassandra,Big Data Apache Cassandra,https://www.instaclustr.com/education/apache-cassandra/apache-cassandra-database/,"Apache Cassandra is <strong>an open -source NoSQL database that enables continuous availability, scale, and data distribution across multiple data centers</strong>."
Apache Cassandra,Big Data Apache Cassandra,https://www.geeksforgeeks.org/dbms/apache-cassandra-nosql-database/,"Apache Cassandra is <strong>an open-source NoSQL database that is used for handling big data</strong>. Apache Cassandra has the capability to handle structured, semi-structured, and unstructured data."
Apache Cassandra,Big Data Apache Cassandra,https://ieeexplore.ieee.org/document/7207225/,"This work i) <strong>proposes the first query-driven big data modeling methodology for Apache Cassandra</strong>, ii) defines important data modeling principles, mapping rules, and mapping patterns to guide logical data modeling, iii) presents visual diagrams ..."
Apache Cassandra,Big Data Apache Cassandra,https://www.codetru.com/blog/apache-cassandra-database-features-and-benefits/,"In addition to that, its ability to get easily utilized and scaled makes it perfect for enterprises looking forward to developing consistently. Cassandra can efficiently manage an extensive amount of data and simultaneous users which allows big organizations to hold immense data within a ..."
Apache Cassandra,Big Data Apache Cassandra,https://www.cdata.com/blog/top-10-apache-cassandra-use-cases,Watch now on demand ... Apache Cassandra is <strong>a scalable and robust open-source NoSQL database designed to handle vast amounts of distributed data without compromising on performance or availability</strong>.
Apache Cassandra,Big Data Apache Cassandra,https://en.wikiversity.org/wiki/Big_Data/Cassandra,"Apache Cassandra is <strong>a NoSQL wide column-oriented database management system, distributed and scalable</strong>."
Apache Cassandra,Big Data Apache Cassandra,https://curatepartners.com/tech-skills-tools-platforms/harnessing-apache-cassandra-scalability-and-high-availability-for-modern-data-driven-applications/,"Originally developed at Facebook and later released as an Apache project, Cassandra is <strong>known for its ability to manage large volumes of data across multiple servers or cloud instances while providing high availability and fault tolerance</strong>."
Apache Cassandra,Big Data Apache Cassandra,https://www.lenovo.com/us/en/glossary/cassandra/,"Apache Cassandra is <strong>a highly scalable, distributed NoSQL database designed to handle large amounts of data across many commodity servers</strong>, providing high availability with no single point of failure. It is known for its robust support for clusters spanning multiple data centers, with asynchronous ..."
Apache Cassandra,Big Data Apache Cassandra,https://medium.com/@malindumadhubashana/a-beginner-friendly-guide-on-apache-cassandra-7fee19650b06,"<strong>Apache</strong> <strong>Cassandra</strong> is a highly scalable, distributed NoSQL database designed to handle large amounts of <strong>data</strong> across many servers, without a single point of failure. It’s especially good for real-time <strong>big</strong> <strong>data</strong> applications that need fast read and write performance."
Apache Cassandra,Big Data Apache Cassandra,https://www.datastax.com/guides/what-is-cassandra,"By combining established NoSQL ... Bigtable), they created a system with efficient <strong>data</strong> structures and eventual consistency—where updates propagate until all replicas match over time. In 2008, <strong>Cassandra</strong> was released as an open source project, quickly gaining traction among developers seeking an alternative to traditional relational databases. The <strong>Apache</strong> Software ..."
Apache Cassandra,Big Data Apache Cassandra,https://www.geeksforgeeks.org/introduction-to-apache-cassandra/,"It provides highly available service with no single point of failure. Listed below are some points of <strong>Apache</strong> <strong>Cassandra</strong>: It is scalable, fault-tolerant, and consistent. It is column-oriented database. Its distributed design is based on Amazon&#x27;s Dynamo and its <strong>data</strong> model on Google&#x27;s <strong>Big</strong> table."
Apache Cassandra,Big Data Apache Cassandra,https://www.ksolves.com/blog/big-data/apache-cassandra/introduction-to-apache-cassandra-what-is-apache-cassandra,"With <strong>Big</strong> <strong>Data</strong> becoming a staple for business models, <strong>data</strong> management can be an issue that needs to be addressed. The combination of the open-source software of <strong>Apache</strong> <strong>and</strong> <strong>Cassandra</strong> is a viable solution for <strong>data</strong> management without compromising on the quality and performance."
Apache Cassandra,Big Data Apache Cassandra,https://www.ionos.com/digitalguide/hosting/technical-matters/apache-cassandra/,"In this case, you need special <strong>big</strong> <strong>data</strong> applications that are easily scalable, since it’s often difficult to predict the actual volume of <strong>data</strong> in advance. One of the most popular modern examples of such systems is <strong>Cassandra</strong>, an open-source solution originally developed for Facebook. <strong>Apache</strong> ..."
Apache Cassandra,Big Data Apache Cassandra,https://www.tutorialspoint.com/cassandra/cassandra_introduction.htm,"Besides <strong>Cassandra</strong>, we have the following NoSQL databases that are quite popular − · <strong>Apache</strong> HBase − HBase is an open source, non-relational, distributed database modeled after Googles BigTable and is written in Java."
Apache Cassandra,Big Data Apache Cassandra,https://www.knowi.com/blog/cassandra-what-it-is-how-it-works-and-what-its-used-for/,"<strong>Apache</strong> <strong>Cassandra</strong> is a NoSQL database designed for handling large amounts of <strong>data</strong> across many commodity servers, providing high availability without sacrificing performance. Unlike traditional SQL databases like MySQL, <strong>Cassandra</strong> uses a distributed architecture. <strong>Cassandra</strong> was initially developed at Facebook by Avinash Lakshman and Prashant Malik to power their Inbox Search feature. It was inspired by Amazon’s DynamoDB and Google’s Bigtable..."
Apache Cassandra,Big Data Apache Cassandra,https://taylorandfrancis.com/knowledge/Engineering_and_technology/Computer_science/Apache_Cassandra/,"<strong>Apache</strong> <strong>Cassandra</strong> is a distributed database management system that is specifically designed to handle large amounts of structured <strong>data</strong> that are spread across multiple commodity servers. It is optimized for use in a cluster environment, providing high availability and scalability for <strong>Big</strong> <strong>Data</strong> ..."
Apache Cassandra,Big Data Apache Cassandra,https://www.researchgate.net/publication/289344706_NoSQL_Database_Cassandra_is_a_Better_Option_to_Handle_Big_Data,"A distributed information system for managing massive amounts of structured <strong>data</strong> across multiple goods servers, <strong>Apache</strong> <strong>Cassandra</strong>, a top-level <strong>Apache</strong> project developed at Facebook and based on Google&#x27;s <strong>Big</strong> Table and Amazon&#x27;s Generator, offers extremely offered service and has no single point ..."
Apache Cassandra,Big Data Apache Cassandra,https://shiyong.eng.wayne.edu/papers/bigdata2015_andrey.pdf,generation. KDM’s <strong>Cassandra</strong> <strong>data</strong> modeling automation work- ... <strong>Big</strong> <strong>data</strong> modeling is a challenging and open problem.
Apache Cassandra,Big Data Apache Cassandra,https://cassandra.apache.org/doc/4.0/cassandra/architecture/overview.html,"<strong>Apache</strong> <strong>Cassandra</strong> is an open source, distributed, NoSQL database. It presents a partitioned wide column storage model with eventually consistent semantics. <strong>Apache</strong> <strong>Cassandra</strong> was initially designed at Facebook using a staged event-driven architecture (SEDA) to implement a combination of Amazon’s Dynamo distributed storage and replication techniques and Google’s Bigtable ..."
Apache Cassandra,Big Data Apache Cassandra,https://www.bmc.com/blogs/apache-cassandra-introduction/,"<strong>Apache</strong> <strong>Cassandra</strong> is a peer-to-peer system. Its distribution design is modeled on Amazon’s DynamoDB, and its <strong>data</strong> model is based on Google’s <strong>Big</strong> Table."
Apache Cassandra,Big Data Apache Cassandra,https://www.scylladb.com/learn/apache-cassandra/resources/,"Several key features of <strong>Apache</strong> <strong>Cassandra</strong> have historically made it an appealing choice for enterprises, including fast writes, high scalability, <strong>Cassandra</strong> Query Language, fault tolerance, and high performance tuning capabilities. Fast Writes. <strong>Cassandra</strong> manages <strong>big</strong> <strong>data</strong>, whether unstructured ..."
Apache Cassandra,Big Data Apache Cassandra,https://www.reddit.com/r/dataengineering/comments/1iu3cfm/apache_cassandra/,HBase was the Hadoop component that related to <strong>Cassandra</strong> closely. There is less and less demand for these on premise <strong>Big</strong> <strong>Data</strong> systems as more companies have migrated to the cloud. You certainly don&#x27;t hear about many new on prem <strong>Big</strong> <strong>Data</strong> systems being built these days. ... I worked extensively with <strong>Apache</strong> ...
Apache Cassandra,Big Data Apache Cassandra,https://www.geeksforgeeks.org/dbms/architecture-of-apache-cassandra/,"Facebook released <strong>Cassandra</strong> as an open source project on google code in July 2008. It became an <strong>Apache</strong> incubator project in March 2009. It became one of the top level project in 17 Feb 2010. Fueled by the internet revolution, mobile devices, and e-commerce, modern applications have outgrown relational databases..."
Apache Cassandra,Big Data Apache Cassandra,https://www.openlogic.com/blog/apache-cassandra-overview,"By not requiring a fixed schema, ... other databases. Originally a brainchild of the developers over at Facebook, <strong>Apache</strong> <strong>Cassandra</strong> was developed to handle searching of the inbox. It was made open source in 2008 and later became an <strong>Apache</strong> project in 2009. ... At its core, <strong>Apache</strong> <strong>Cassandra</strong> is a peer-to-peer system whose design is based on two key products, DynamoDB and Google’s <strong>Big</strong> ..."
Apache Cassandra,Big Data Apache Cassandra,https://medium.com/expedia-group-tech/apache-cassandra-for-real-time-user-analytics-at-expedia-group-4b612bac05a7,EXPEDIA GROUP TECHNOLOGY — <strong>DATA</strong> <strong>Apache</strong> <strong>Cassandra</strong> for Real Time User Analytics at Expedia Group Personalizing customer experience with Kafka event streams and NoSQL <strong>Apache</strong> <strong>Cassandra</strong> is an open …
Apache Cassandra,Big Data Apache Cassandra,https://cassandra.apache.org/_/case-studies.html,"Best Buy uses <strong>Apache</strong> <strong>Cassandra</strong> to manage massive spikes in holiday traffic — 7x traffic spikes and bursts &gt; 50,000 rps — and calls it “flawless.” ... In vetting MySQL, MongoDB, and other potential databases for IoT scale, Bigmate found they couldn’t match the scalability they could ..."
Apache Cassandra,Big Data Apache Cassandra,https://blog.poespas.me/posts/2024/05/21/big-data-visualizations-with-apache-cassandra/,"Introduction The exponential growth of <strong>data</strong> has led to an increased demand for efficient and scalable <strong>big</strong> <strong>data</strong> solutions. Among the many options available,"
Apache Cassandra,Big Data Apache Cassandra,https://www.amazon.com/Big-Data-Architecture-Apache-Cassandra/dp/B0DK9B6M8G,"Amazon.com: <strong>Big</strong> <strong>Data</strong> Architecture with <strong>Apache</strong> <strong>Cassandra</strong>: Design Distributed, Highly Scalable Databases with <strong>Apache</strong> <strong>Cassandra</strong> <strong>for</strong> <strong>Big</strong> <strong>Data</strong> Solutions: 9798343550498: Chesterfield, Chesterfield: Books"
Apache Cassandra,Big Data Apache Cassandra,https://www.skillsoft.com/course/big-data-solutions-architecture-cql-ddl-4554cdb1-0e69-11e7-b952-0242c0a80b07,<strong>Apache</strong> <strong>Cassandra</strong> is an open-source NoSQL database management system for handling large amounts of <strong>data</strong>. Explore the mechanics and architecture of…
Apache Cassandra,Big Data Apache Cassandra,https://celerdata.com/glossary/apache-cassandra,"<strong>Apache</strong> <strong>Cassandra</strong> originated at Facebook in 2008. Engineers developed it to manage the social media giant&#x27;s massive <strong>data</strong> needs. The system became open-source shortly after, allowing the global developer community to contribute. Over the years, <strong>Apache</strong> <strong>Cassandra</strong> has evolved into a robust, distributed ..."
Apache Cassandra,Big Data Apache Cassandra,https://www.theseattledataguy.com/5-great-big-data-tools-for-the-future-from-hadoop-to-cassandra/,"This approach makes it easier for you to decide the best possible <strong>data</strong> analytics tool for your business. Here are 5 of the most popular <strong>big</strong> <strong>data</strong> tools that are currently being used. ... Developed in 2008 by <strong>Apache</strong> Software Foundation, <strong>Apache</strong> <strong>Cassandra</strong> is a free and open-source database management ..."
Apache Cassandra,Big Data Apache Cassandra,https://www.researchgate.net/publication/308856170_A_Big_Data_Modeling_Methodology_for_Apache_Cassandra,"PDF | On Jun 1, 2015, Artem Chebotko and others published A <strong>Big</strong> <strong>Data</strong> Modeling Methodology for <strong>Apache</strong> <strong>Cassandra</strong> | Find, read and cite all the research you need on ResearchGate"
Apache Cassandra,Big Data Apache Cassandra,https://dzone.com/articles/getting-started-with-apache-cassandra,"In this hands-on primer on the powerful open-source NoSQL database <strong>Apache</strong> <strong>Cassandra</strong>, our discussion includes the CAP theorem and how to structure <strong>data</strong>."
Apache Cassandra,Big Data Apache Cassandra,https://www.whizlabs.com/blog/introduction-to-apache-cassandra/,"<strong>Data</strong> is the lifeblood of business ... infrastructure for the storage, analysis, and processing of large volumes of <strong>data</strong>. <strong>Apache</strong> <strong>Cassandra</strong> has been one of the prominent names in the field of <strong>big</strong> <strong>data</strong> analytics for quite some time...."
Apache Cassandra,Big Data Apache Cassandra,https://cassandra.apache.org/doc/latest/cassandra/architecture/overview.html,"<strong>Apache</strong> <strong>Cassandra</strong> is an open-source, distributed NoSQL database. It implements a partitioned wide-column storage model with eventually consistent semantics. <strong>Cassandra</strong> was initially designed at Facebook using a staged event-driven architecture (SEDA). This initial design implemented a combination of Amazon’s Dynamo distributed storage and replication techniques and Google’s Bigtable ..."
Apache Cassandra,Big Data Apache Cassandra,https://www.researchgate.net/publication/363653323_Cassandra_is_a_Better_Option_for_Handling_Big_Data_in_a_No-SQL_Database,"Download Citation | <strong>Cassandra</strong> is a Better Option for Handling <strong>Big</strong> <strong>Data</strong> in a No-SQL Database | With no single point of failure and the flexibility to handle enormous volumes of <strong>data</strong> across numerous commodity servers, <strong>Apache</strong> <strong>Cassandra</strong> is an... | Find, read and cite all the research you need on ..."
Apache Cassandra,Big Data Apache Cassandra,https://www.instaclustr.com/blog/apache-cassandra-big-data-foundation/,<strong>Cassandra</strong>&#x27;s adaptability means it can serve a diverse set of use cases — even the ones we haven&#x27;t invented yet.
Apache Cassandra,Big Data Apache Cassandra,https://dev.to/farhadrahimiklie/break-down-of-apache-cassandra-database-42ng,"What is <strong>Apache</strong> <strong>Cassandra</strong> ? <strong>apache</strong> <strong>Cassandra</strong> is a distributed and No-SQL database... Tagged with <strong>cassandra</strong>, database, <strong>data</strong>."
Apache Cassandra,Big Data Apache Cassandra,https://academy.datastax.com/planet-cassandra/blog/big-data-goes-to-the-big-apple,Become an expert in <strong>Apache</strong> <strong>Cassandra</strong> and DataStax Enterprise with our hands-on courses and role-based learning paths.
Apache Cassandra,Big Data Apache Cassandra,https://www.sogetel.it/data-service/big-data-apache-cassandra/?lang=en,<strong>Apache</strong> <strong>Cassandra</strong>: the power of <strong>Big</strong> <strong>Data</strong> in your pocket. Trust our <strong>Big</strong> <strong>Data</strong> experts: discover now our consulting services.
Apache Cassandra,Big Data Apache Cassandra,https://www.yugabyte.com/blog/apache-cassandra-architecture-how-it-works-lightweight-transactions/,<strong>Apache</strong> <strong>Cassandra</strong> is a distributed open source database that can be referred to as a “NoSQL database” or a “wide column store.” <strong>Cassandra</strong> was originally developed at Facebook to power its “Inbox” feature and was released as an open source project in 2008. <strong>Cassandra</strong> is designed to handle “<strong>big</strong> ...
Apache Cassandra,Big Data Apache Cassandra,https://anant.github.io/awesome-cassandra/,"A collection of awesome <strong>Cassandra</strong> articles, tools, resources, software, videos, slides. The best place to learn the best practices around the NoSQL <strong>Cassandra</strong> <strong>big</strong> <strong>data</strong> database."
Apache Cassandra,Big Data Apache Cassandra,https://oscarfmdc.medium.com/introducci%C3%B3n-a-apache-cassandra-aprender-big-data-bff9fd389da6,"En esta introducción vamos a presentar qué es <strong>Apache</strong> <strong>Cassandra</strong>, qué particularidades tiene para almacenar y distribuir los datos…"
Apache Cassandra,Big Data Apache Cassandra,https://docs.datastax.com/en/cassandra-oss/3.0/cassandra/architecture/archIntro.html,Essential information for understanding and using <strong>Cassandra</strong>.
Apache Cassandra,Big Data Apache Cassandra,https://intellipaat.com/blog/what-is-apache-cassandra/,"Since 2010, <strong>Cassandra</strong> has been a top-level project of <strong>Apache</strong> and is currently part of the <strong>Apache</strong> Software Foundation. ... It is a column-oriented database. It is highly consistent, fault-tolerant, and scalable. It was created for Facebook and was later open-sourced. The <strong>data</strong> model is based on Google Bigtable..."
Apache Cassandra,"""Big Data"" Apache Cassandra",https://www.scylladb.com/glossary/apache-cassandra-architecture/,"<strong>Cassandra</strong> supports wide-row, skinny-row, and compound key <strong>data</strong> models for <strong>big</strong> <strong>data</strong> applications. ScyllaDB architecture, <strong>data</strong> format, and query language are all similar to that of <strong>Apache</strong> <strong>Cassandra</strong>. However, ScyllaDB omits Java and its expensive pauses for garbage collection."
Apache Cassandra,"""Big Data"" Apache Cassandra",https://www.scylladb.com/learn/apache-cassandra/alternatives/,And if you wish to be free of cluster ... cloud service such as DataStax Astra and Amazon Managed <strong>Apache</strong> <strong>Cassandra</strong> Service. But these won’t solve slow release cycles and a lack of critical features. And they won’t address the two biggest challenges with <strong>Cassandra</strong>: performance ...
Apache Cassandra,"""Big Data"" Apache Cassandra",https://www.reddit.com/r/bigdata/comments/fcr6l2/feeling_so_disappointed_to_cassandra/,"Nowadays, many people or companies recommend to use <strong>Cassandra</strong> due to its high tolerance and reliable. My work is handling more than 2M <strong>data</strong> and they…"
Apache Cassandra,"""Big Data"" Apache Cassandra",https://aplicaciones.campusbigdata.com/aplicacion/apache-cassandra/,"<strong>Apache</strong> <strong>Cassandra</strong> es un software NoSQL distribuido y basado en un modelo de almacenamiento de «clave-valor», de código abierto que está escrita en Java."
Apache Cassandra,"""Big Data"" Apache Cassandra",https://www.ksolves.com/blog/big-data/apache-cassandra/apache-cassandra-vs-datastax-cassandra-things-to-know,"Without a single point of failure, ... blog will help you distinguish between <strong>Apache</strong> <strong>Cassandra</strong> vs Datastax <strong>Cassandra</strong>. Contact the experts from Ksolves To Learn More! ... Anil Kushwaha, Technology Head at Ksolves, is an expert in <strong>Big</strong> <strong>Data</strong>...."
Apache Cassandra,"""Big Data"" Apache Cassandra",https://www.alooba.com/skills/tools/database-and-storage-systems/nosql-databases/apache-cassandra/,"With its distributed architecture, <strong>Cassandra</strong> spreads <strong>data</strong> across a cluster of servers, ensuring that <strong>data</strong> is replicated and highly available even in the face of hardware failures. This robustness makes it an ideal choice for organizations dealing with <strong>big</strong> <strong>data</strong> and real-time applications. One of the standout features of <strong>Apache</strong> ..."
ScyllaDB,Большие данные ScyllaDB,https://habr.com/ru/articles/933630/,"Пример кейса из телекома: оператор связи хранит 10 миллиардов CDR (Call Detail Records) с 90-дневным retention (или же значительно больше по закону Яровой). TWCS с 3-дневными окнами обеспечивает стабильное использование диска и автоматическое удаление устаревших данных без ручного вмешательства. Incremental Compaction Strategy — это уникальная фича ScyllaDB, недоступная в Apache Cassandra."
ScyllaDB,Большие данные ScyllaDB,https://tproger.ru/articles/kak-quot-lajki-quot-socialnyh-setej-hranyatsya-v-baze-dannyh,"Чем больше было лайков, тем запрос становился медленнее. Но ScyllaDB может легко обрабатывать тысячи строк… Почему же она не так производительна в нашем случае? ScyllaDB — даже как база данных с классными возможностями — не решит проблему плохого моделирования данных."
ScyllaDB,Большие данные ScyllaDB,https://habr.com/ru/articles/910656/,"ScyllaDB <strong>подходит для приложений, требующих обработки больших объёмов данных в реальном времени, таких как системы аналитики, IoT или платформы потоковой передачи данных</strong>..."
ScyllaDB,Большие данные ScyllaDB,https://habr.com/ru/companies/stm_labs/articles/669270/,"Описание хранилища как «key-key-value storage» предполагает в упрощенном понимании, что данные должны представляться в виде словаря словарей. Хранить и использовать что-то с большим количеством уровней вложенности неэффективно."
ScyllaDB,Большие данные ScyllaDB,https://medium.com/nuances-of-programming/scylladb-%D0%B2-k8s-%D0%BA%D0%B0%D0%BA-%D1%81%D0%BF%D1%80%D0%B0%D0%B2%D0%BB%D1%8F%D1%82%D1%8C%D1%81%D1%8F-%D1%81-%D0%B8%D0%BD%D1%82%D0%B5%D0%BD%D1%81%D0%B8%D0%B2%D0%BD%D1%8B%D0%BC%D0%B8-%D1%80%D0%B0%D0%B1%D0%BE%D1%87%D0%B8%D0%BC%D0%B8-%D0%BD%D0%B0%D0%B3%D1%80%D1%83%D0%B7%D0%BA%D0%B0%D0%BC%D0%B8-%D0%BD%D0%B0-%D1%81%D0%BF%D0%BE%D1%82%D0%BE%D0%B2%D1%8B%D1%85-%D1%8D%D0%BA%D0%B7%D0%B5%D0%BC%D0%BF%D0%BB%D1%8F%D1%80%D0%B0%D1%85-%D0%B1%D0%B5%D0%B7-dd6fcda6c0c0,"Когда в реальном времени считываются/записываются миллиарды строк данных пользовательского уровня, обслуживание сотен запросов в секунду со…"
ScyllaDB,Большие данные ScyllaDB,https://www.reddit.com/r/dataengineering/comments/1kukx4f/mongodb_vs_cassandra_vs_scylladb_for_highly/?tl=ru,We cannot provide a description for this page right now
ScyllaDB,Большие данные ScyllaDB,https://habr.com/ru/companies/stm_labs/articles/743276/,"Создавая архив для данных, вероятность обращения к которым близка к нулю, мы, конечно, допускали, что время от времени клиенты будут просить вернуть данные обратно в оперативное хранилище. Но запрос на извлечение из архива сразу всех записей стал для нас неожиданностью. Хорошо ещё, что клиента интересовал только ключ записи, а не вся запись целиком. Тем не менее достать 10 млрд. ключей из ScyllaDB за приемлемое время звучало как челлендж."
ScyllaDB,Большие данные ScyllaDB,https://habr.com/ru/companies/oleg-bunin/articles/737462/,"CassandraDB – она же просто Кассандра – хорошо зарекомендовала себя в нише высокопроизводительных NoSQL баз данных. Но вот её активно стала вытеснять ещё более быстрая, надежная и легко масштабируемая ScyllaDB - этакая Кассандра++. Как тут удержаться и не проверить, так ли прекрасна эта зверушка, как про неё говорят её создатели?"
ScyllaDB,Большие данные ScyllaDB,https://www.scylladb.com/,"ScyllaDB powers real-time AI with low latency, high throughput, and billion-scale data."
ScyllaDB,Большие данные ScyllaDB,https://web-creator.ru/technologies/scylladb,Именно по причине более высокой производительности мы перешли от использования Apache Cassandra к испопользованию ScyllaDB в своих проектах. СУБДNoSQLхранение данныхвысокие нагрузкиотказоустойчивостьбыстродействиесерверное ПО
ScyllaDB,Большие данные ScyllaDB,https://hackernoon.com/lang/ru/mongodb-vs-scylladb-architecture-comparison,cloud#mongodb-vs-scylladb#scylladb-shard-per-core-design#multi-primary-nosql-databases#high-throughput-nosql-db#distributed-db-performance#mongodb-sharded-cluster#scalable-mongodb-replica-set#good-company
ScyllaDB,Большие данные ScyllaDB,https://www.linux.org.ru/news/opensource/11966889,"Например, была тестовая база на неск.гигов максимум (вместе с данными), а занято на разделе &gt; 18гб, бОльше половины commitlog, который раньше отчищался при рестарте, а потом тихо перестал."
ScyllaDB,Большие данные ScyllaDB,https://www.scylladb.com/wp-content/uploads/datasheet_why-scylladb.pdf,"Scylla goes beyond the usual tradeoffs to deliver · scale-up performance of 1,000,000 IOPS per node,"
ScyllaDB,Большие данные ScyllaDB,https://www.nixp.ru/news/13589.html,"Для этого каждому ядру процессора выделяется свой экземпляр базы данных (шард) со своим сегментом памяти и сетевым стеком. При этом в ScyllaDB обеспечена полная совместимость с Cassandra, позволяющая использовать данные и запускать приложения без каких-либо изменений."
ScyllaDB,Большие данные ScyllaDB,https://temofeev.ru/info/articles/scylladb-priruchenie-layushchey-bazy-dannykh/,"Описание хранилища как «key-key-value storage» предполагает в упрощенном понимании, что данные должны представляться в виде словаря словарей. Хранить и использовать что-то с большим количеством уровней вложенности неэффективно."
ScyllaDB,Большие данные ScyllaDB,https://en.wikipedia.org/wiki/Scylla_(database),"They have measured as much as 2 million requests per second on a single machine, and also claim that a ScyllaDB cluster can serve as many requests as a Cassandra cluster 10 times its size – and do so with lower latencies. Independent testing has not always been able to confirm such 10-fold throughput improvements, and sometimes measured smaller speedups, such as 2x."
ScyllaDB,Большие данные ScyllaDB,https://habr.com/ru/companies/ru_mts/articles/935896/,"В реляционной модели для внесения изменений в схему обычно создается новая таблица, в которую параллельно переносятся данные, после чего осуществляется переключение. Это не только трудоемко, но и чревато простоем при больших объемах."
ScyllaDB,Большие данные ScyllaDB,https://github.com/scylladb,"ScyllaDB, the Real-Time Big Data Database. ScyllaDB has 143 repositories available. Follow their code on GitHub."
ScyllaDB,Большие данные ScyllaDB,https://habr-all.livejournal.com/17425616.html,"Читать далее ScyllaDB — это <strong>высокопроизводительная NoSQL база данных, созданная как улучшенная версия Apache Cassandra на C++</strong>. Она способна обраба..."
ScyllaDB,Большие данные ScyllaDB,https://habr.com/ru/companies/globaldots/articles/345480/,"Вот еще один пример, для одной ноды в каждом дата-центре: US Data-center 1 – 192.168.1.1 cluster_name: &#x27;ScyllaDB_Cluster&#x27; seeds: &quot;192.168.1.1,192.168.1.2,192.168.1.4,192.168.1.5&quot; endpoint_snitch: Ec2Snitch rpc_address: &quot;192.168.1.201&quot; listen_address: &quot;192.168.1.201&quot; US Data-center 2 — 192.168.1.4 cluster_name: &#x27;ScyllaDB_Cluster&#x27; seeds: &quot;192.168.1.1,192.168.1.2,192.168.1.4,192.168.1.5&quot; endpoint_snitch: Ec2Snitch rpc_address: &quot;192.168.1.4&quot; listen_address: &quot;192.168.1.4&quot; На каждой ноде Scylla нужно отредактировать файл cassandra-rackdc.properties, указав соответствующую информацию о стойке и дата-центре: Nodes 1-3 dc=us-east-1a rack=RACK1 Nodes 4-6 dc=us-east-1b rack=RACK2"
ScyllaDB,Большие данные ScyllaDB,https://habr.com/ru/company/stm_labs/blog/669270/,"— Не бойтесь, она не кусается. — Что, сразу целиком проглатывает? Критериям выбора архивного хранилища она соответствовала идеально. Оптимизированная под запись, ..."
ScyllaDB,Большие данные ScyllaDB,https://en.wikipedia.org/wiki/ScyllaDB,"<strong>ScyllaDB</strong> uses a sharded design on each node, meaning that each CPU core handles a different subset of data. Cores do not share data, but rather communicate explicitly when they need to. The <strong>ScyllaDB</strong> authors claim that this design allows <strong>ScyllaDB</strong> to achieve much better performance on modern ..."
ScyllaDB,Большие данные ScyllaDB,https://news.ycombinator.com/item?id=28294501,"I know this sounds like a nitpick, and I know it sounds like a broken record, and I know you probably work in a different team and there&#x27;s &quot;nothing&quot; you can do about it · I went to your website, interested in your product. I&#x27;m your target market! This site needs to impress me, and people like me"
ScyllaDB,Большие данные ScyllaDB,https://www.reddit.com/r/PostgreSQL/comments/16mtqep/postgres_vs_scylladb_for_massive_central_table/,"81K subscribers in the PostgreSQL community. The home of People, Postgres, Data on the Front Page of the Internet. Join us for lively discussion…"
ScyllaDB,Большие данные ScyllaDB,https://aws.amazon.com/blogs/apn/scylladb-on-aws-is-a-nosql-database-built-for-gigabyte-to-petabyte-scale/,"<strong>ScyllaDB</strong> is a wide-column NoSQL database for data-intensive applications requiring high throughput and low latency. It was invented to take advantage of modern, highly performant cloud servers, including the new Amazon EC2 I4i series servers based on Intel Ice Lake x86 processors, and the Is4gen ..."
ScyllaDB,Большие данные ScyllaDB,https://www.scylladb.com/product/scylladb-xcloud/,"Fast Scaling. Max Efficiency. Lower Cost. Power your data-intensive apps without over-provisioning or babysitting. When demand surges, <strong>ScyllaDB</strong> X Cloud will handle it."
ScyllaDB,Большие данные ScyllaDB,https://medium.com/@gudise.ashok/elevate-your-big-data-game-embracing-scylladb-for-high-performance-processing-af98587ef272,Do you ever wonder about a solution that you know or you wrote is the best solution and nothing can beat that in the years to come? Well…
ScyllaDB,Большие данные ScyllaDB,https://docs.scylladb.com/stable/get-started/scylladb-basics.html,<strong>ScyllaDB</strong> is an Apache Cassandra-compatible NoSQL data store that can handle 1 million transactions per second on a single server.
ScyllaDB,Большие данные ScyllaDB,https://medium.com/@ScyllaDB_Rus/%D1%81%D0%B8%D1%81%D1%82%D0%B5%D0%BC%D0%B0-%D0%BC%D0%BE%D0%BD%D0%B8%D1%82%D0%BE%D1%80%D0%B8%D0%BD%D0%B3%D0%B0-%D0%BC%D0%BE%D0%BD%D1%81%D1%82%D1%80%D0%BE%D0%B2-%D1%81%D0%BC%D0%BC-%D0%B4%D0%B5%D0%BD%D1%8C-2-%D0%B4%D0%B5%D0%BB%D0%B0%D0%B5%D0%BC-%D1%81%D0%B8%D1%81%D1%82%D0%B5%D0%BC%D1%83-%D0%BE%D1%82%D1%81%D0%BB%D0%B5%D0%B6%D0%B8%D0%B2%D0%B0%D0%BD%D0%B8%D1%8F-52c0a32dfb1c,"Система мониторинга монстров (СММ): День 2. Делаем систему отслеживания. (Перевод, оригинал статьи …"
ScyllaDB,Большие данные ScyllaDB,https://github.com/scylladb/scylladb,"NoSQL data store using the Seastar framework, compatible with Apache Cassandra and Amazon DynamoDB - <strong>scylladb</strong>/<strong>scylladb</strong>"
ScyllaDB,Большие данные ScyllaDB,https://opennet.ru/43017-cassandra,"На проходящей в эти дни конференции Cassandra Summit 2015 представлена новая открытая СУБД <strong>ScyllaDB</strong>, в рамках которой предпринята попытка переписать СУБД Apache Cassandra с Java на C++. ..."
ScyllaDB,Большие данные ScyllaDB,https://medium.com/@ScyllaDB_Rus/%D1%81%D0%BE%D0%B7%D0%B4%D0%B0%D1%91%D0%BC-%D1%81%D0%B8%D1%81%D1%82%D0%B5%D0%BC%D1%83-%D0%BC%D0%BE%D0%BD%D0%B8%D1%82%D0%BE%D1%80%D0%B8%D0%BD%D0%B3%D0%B0-%D0%BC%D0%BE%D0%BD%D1%81%D1%82%D1%80%D0%BE%D0%B2-%D1%81%D0%BC%D0%BC-%D0%B4%D0%B5%D0%BD%D1%8C-1-6a46a348873,"Нашу планету заполонили монстры, и они сеют панику и разрушение! В связи с их вредоносной деятельностью возникла угроза безопасности людей и целых стран."
ScyllaDB,Большие данные ScyllaDB,https://appmaster.io/news/scylladb-43m-investment-nosql-database-platform,"High-performance NoSQL database company, <strong>ScyllaDB</strong>, raises $43M to boost its growth and team expansion."
ScyllaDB,Большие данные ScyllaDB,https://habr.com/ru/companies/ru_mts/articles/916684/,"Привет, Хабр! Это Александр Коваль, я разработчик IoT-сервисов в МТС Web Services. При работе с <strong>данными</strong> часто возникает вопрос: как быстро система может вернуть результат ..."
ScyllaDB,Большие данные ScyllaDB,https://resources.scylladb.com/videos/what-is-scylladb-defining-a-nosql-database-in-1-minute,<strong>ScyllaDB</strong> is the monstrously fast and scalable NoSQL database for data-intensive apps that require high performance and low latency.
ScyllaDB,Большие данные ScyllaDB,https://resources.scylladb.com/,Close-to-the-metal architecture handles millions of OPS with predictable single-digit millisecond latencies · <strong>ScyllaDB</strong> is purpose-built for data-intensive apps that require high throughput &amp; predictable low latency
ScyllaDB,Большие данные ScyllaDB,https://www.scylladb.com/product/technology/,"The <strong>ScyllaDB</strong> NoSQL database architecture for real-time applications, enables higher scalability, availability, and performance with less maintenance and lower cost."
ScyllaDB,Большие данные ScyllaDB,https://www.scylladb.com/fit/,What is <strong>ScyllaDB</strong> &amp; is it a good fit for me? <strong>ScyllaDB</strong> is a NoSQL database for data-intensive apps that require high throughput &amp; low latency.
ScyllaDB,Большие данные ScyllaDB,https://dbdb.io/db/scylla,"<strong>ScyllaDB</strong> is an open-source distributed wide-column NoSQL database offering high availability, scalability and fault-tolerance, all while maintaining predictable low latencies and high throughput. <strong>ScyllaDB</strong> is compatible with both Apache Cassandra (CQL, SSTables) and Amazon DynamoDB interfaces."
ScyllaDB,Большие данные ScyllaDB,https://highload.ru/spb/2022/abstracts/8775,Наш сервис вычисляет инференс моделей машинного обучения в транзакционном режиме. Как БД для наших сервисов мы использовали Cassandra:12 нод по 10 ядер и 32 Гб памяти.
ScyllaDB,Большие данные ScyllaDB,https://itnan.ru/post.php?c=1&p=669270,"— Не бойтесь, она не кусается. — Что, сразу целиком проглатывает · Критериям выбора архивного хранилища она соответствовала идеально. Оптимизированная под ..."
ScyllaDB,Большие данные ScyllaDB,https://www.scylladb.com/tech-talk/scylladb-cloud-faster-and-more-flexible/,"Petabytes: That&#x27;s the data volume currently being managed within <strong>ScyllaDB</strong> Cloud. In this keynote, <strong>ScyllaDB</strong>&#x27;s Director of Product Michael Hollander shares how <strong>ScyllaDB</strong> Cloud harnesses cutting-edge technologies to manage massive datasets efficiently, providing insights into its robust featur"
ScyllaDB,Большие данные ScyllaDB,https://www.scylladb.com/2019/12/12/how-scylla-scaled-to-one-billion-rows-a-second/,<strong>ScyllaDB</strong> scaled to read a billion rows per second on Packet&#x27;s bare metal servers. Learn how you can reach your own new performance summits with <strong>ScyllaDB</strong>.
ScyllaDB,Большие данные ScyllaDB,https://hosseinnejati.medium.com/exploring-scylladb-a-high-performance-database-for-data-intensive-workloads-a0a27dd76ad0,"If you’re transitioning to new databases for high-load, data-intensive systems, <strong>ScyllaDB</strong> stands out as a compelling choice. As a NoSQL…"
ScyllaDB,Большие данные ScyllaDB,https://operator.docs.scylladb.com/stable/resources/scylladbclusters/scylladbclusters.html,<strong>ScyllaDB</strong> is an Apache Cassandra-compatible NoSQL data store that can handle 1 million transactions per second on a single server.
ScyllaDB,Большие данные ScyllaDB,https://docs.scylladb.com/faq/,Scylla is an Apache Cassandra-compatible NoSQL data store that can handle 1 million transactions per second on a single server.
ScyllaDB,Большие данные ScyllaDB,https://www.scylladb.com/tech-talk/using-scylladb-to-store-large-amounts-of-small-data/,"At Red Canary, we&#x27;ve been looking into ways to more efficiently store large amounts of data coming from hundreds of thousands of simultaneously running sources. We had tried to mash lots of data together using AWS Kinesis &amp; Firehose to minimize our S3 PUT costs but that came with not great"
ScyllaDB,Большие данные ScyllaDB,https://www.scylladb.com/2025/06/17/xcloud/,"<strong>ScyllaDB</strong> X Cloud just landed! It&#x27;s a truly elastic database that supports variable/unpredictable workloads with consistent low latency, plus low costs."
ScyllaDB,Большие данные ScyllaDB,https://x.com/ScyllaDB,<strong>ScyllaDB</strong> is the database for data-intensive apps that require high performance and low latency.
ScyllaDB,Большие данные ScyllaDB,https://firegroup.io/blog/scylladb-exploring-distributed-database-solutions/,<strong>ScyllaDB</strong> is a technology poised to revolutionize how we handle large-scale data. Delve into why Scylla stands out as the ultimate choice for data management.
ScyllaDB,Большие данные ScyllaDB,https://cloud.docs.scylladb.com/stable/scylladb-basics/,<strong>ScyllaDB</strong> is a distributed NoSQL wide-column database for data-intensive apps that require high performance and low latency. It comes in two flavors: · <strong>ScyllaDB</strong> Cloud is a managed NoSQL database-as-a-service (DBaaS) running <strong>ScyllaDB</strong>. It spares you the time and effort of setting up hardware ...
ScyllaDB,Большие данные ScyllaDB,https://scylladb.medium.com/,Read writing from <strong>ScyllaDB</strong> on Medium. The monstrously fast and scalable NoSQL database.
ScyllaDB,Большие данные ScyllaDB,https://medium.com/@bigdataschool/%D0%BF%D0%BE%D0%B4-%D0%BA%D0%B0%D0%BF%D0%BE%D1%82%D0%BE%D0%BC-nosql-%D1%81%D1%83%D0%B1%D0%B4-%D1%87%D0%B5%D0%BC-%D0%BF%D0%BE%D0%BB%D0%B5%D0%B7%D0%BD%D0%BE-lsm-%D0%B4%D0%B5%D1%80%D0%B5%D0%B2%D0%BE-8b2a6cb87a1c,"Что такое LSM-дерево и как эта структура данных, лежащая в основе многих NoSQL-баз с распределенным типом ключ-значение, позволяет им обеспечивать высокую скорость ..."
ScyllaDB,Большие данные ScyllaDB,https://github.com/ScyllaDB,"<strong>ScyllaDB</strong>, the Real-Time Big Data Database. <strong>ScyllaDB</strong> has 136 repositories available. Follow their code on GitHub."
ScyllaDB,Большие данные ScyllaDB,https://www.scylladb.com/2024/10/15/scylladb-versus-other-databases/,How does <strong>ScyllaDB</strong> compare to other databases? Read what Bo Ingram (Staff Engineer at Discord) has to say – in this excerpt from his new book &quot;<strong>ScyllaDB</strong> in Action.&quot; Editor&#x27;s note We&#x27;re thrilled to share the following excerpt from Bo Ingram&#x27;s informative – and fun! – new book <strong>o</strong>
ScyllaDB,Большие данные ScyllaDB,https://www.scylladb.com/webinar/on-demand-webinar-using-scylladb-for-real-time-read-heavy-workloads/,"Discover how <strong>ScyllaDB</strong>’s unique architecture excels in maintaining single-digit millisecond latencies for real-time read-heavy workloads, with insights on overcoming common challenges and optimizing performance."
ScyllaDB,Большие данные ScyllaDB,https://risingwave.com/blog/understanding-scylladb-a-comprehensive-overview/,Discover what is <strong>ScyllaDB</strong> and gain valuable insights into the dynamic landscape of database technologies. Explore the high performance and low latency of <strong>ScyllaDB</strong> for modern data management.
ScyllaDB,Большие данные ScyllaDB,https://www.reddit.com/r/docker/comments/lx2k4o/volume_isnt_created_in_scylla_when_using/,I just started learning Docker and docker-compose and I want to try out <strong>ScyllaDB</strong> (database). I want to start a single instance of <strong>ScyllaDB</strong> in Docker…
ScyllaDB,Большие данные ScyllaDB,https://cloud.scylladb.com/,You need to enable JavaScript to run this app
ScyllaDB,Большие данные ScyllaDB,https://hackernoon.com/lang/ru/cache-vs-database-comparing-memcached-and-scylladb,"Глубокое сравнительное сравнение <strong>ScyllaDB</strong> и Memcached, показывающее, когда база данных может конкурировать с кеш-памятью по производительности."
ScyllaDB,"""Большие данные"" ScyllaDB",https://github.com/CorrieOnly/telegram-list-1,"BigQuery Insights — Аналитика и большие данные в Google BigQuery, инсайты, data science, UX / WEB analytics, big data, digital marketing."
ScyllaDB,Big Data ScyllaDB,https://www.scylladb.com/glossary/big-data-database/,"Our blog keeps you up to date with recent news about the ScyllaDB NoSQL database and related technologies, success stories and developer how-tos. Read the Blog ... ScyllaDB vs. Cassandra · ScyllaDB vs. DynamoDB · ScyllaDB vs. MongoDB · ScyllaDB vs. Cache ... Big data databases store massive quantities of structured, semi-structured, and unstructured data, without strict schemas."
ScyllaDB,Big Data ScyllaDB,https://scalegrid.io/blog/scylladb-trends-how-users-deploy-the-real-time-big-data-database/,"ScyllaDB is <strong>an open-source distributed NoSQL data store, reimplemented from the popular Apache Cassandra database</strong>. Released just four years ago in 2015, Scylla has averaged over 220% year-over-year growth in popularity according to DB-Engines."
ScyllaDB,Big Data ScyllaDB,https://aws.amazon.com/marketplace/pp/prodview-ydbxsjj7lwlra,"ScyllaDB Enterprise is the <strong>high-performance NoSQL database for real-time big data workloads</strong>. It is a wide-column store with APIs compatible with Apache Cassandra CQL and Amazon DynamoDB. ScyllaDB Enterprise is self-tuning upon installation and self-optimizing in production, which means users ..."
ScyllaDB,Big Data ScyllaDB,https://www.linkedin.com/pulse/scylladb-real-time-big-data-database-now-available-ibm-chuck-calio,"Scylla Overview – <strong>The real-time big data database was founded by the creators of KVM Hypervisor</strong>. It is a drop-in replacement for Cassandra, with efficient and optimized close-to-the-hardware design. It provides up to 10X performance of Cassandra."
ScyllaDB,Big Data ScyllaDB,https://www.gocodeo.com/post/scylladb-explained-the-next-gen-nosql-database-for-scale,"This is where ScyllaDB, <strong>a high-performance NoSQL database</strong>, enters the spotlight. Designed from the ground up to meet the needs of real-time big data applications, ScyllaDB is often touted as the Cassandra killer, offering far better throughput, lower latency, and a dramatically improved developer ..."
ScyllaDB,Big Data ScyllaDB,https://www.scylladb.com/tech-talk/meeting-the-challenge-of-big-data-and-nosql-databases/,"ScyllaDB has emerged as the most cost-effective way to serve large amounts of data. In this keynote we will cover what makes ScyllaDB such a great match for big data applications, what we’ve done over the past year, and our plans for the near future: performance, reliability, manageability, ..."
ScyllaDB,Big Data ScyllaDB,https://www.scylladb.com/company/,"Meet the team behind ScyllaDB, the fast and scalable database for data-intensive apps that require high performance and low latency."
ScyllaDB,Big Data ScyllaDB,https://www.simplyblock.io/glossary/what-is-scylladb/,"ScyllaDB is <strong>a high-performance, distributed NoSQL database designed for low-latency and high-throughput workloads</strong>. Fully compatible with Apache Cassandra and Amazon DynamoDB APIs, ScyllaDB re-architects the storage engine in C++ and leverages ..."
ScyllaDB,Big Data ScyllaDB,https://betterprogramming.pub/what-scylladb-is-and-why-you-should-care-58cb35af6cd7,"ScyllaDB (generally pronounced as see-la) is <strong>an open source, column-oriented, NoSQL database</strong>. It can handle a huge volume of data in real time, with a very high throughput."
ScyllaDB,Big Data ScyllaDB,https://www.crunchbase.com/organization/scylladb,"ScyllaDB is <strong>the monstrously fast and scalable database for today&#x27;s terabyte-scale and beyond data intensive applications</strong>. ScyllaDB is available as open source and enterprise offerings that can be run anywhere, and ScyllaDB Cloud, a fully-managed ..."
ScyllaDB,Big Data ScyllaDB,https://www.linkedin.com/company/scylladb,"For more information: <strong>ScyllaDB</strong>.com ... NoSQL, Column-store database, database, wide row database, DBaaS, Cloud database, real-time <strong>data</strong>, <strong>big</strong> <strong>data</strong>, NoSQL database, open source, Distributed Database, Shard-per-core architeture, distributed systems, Wide Column Database, Time-series, and key value ..."
ScyllaDB,Big Data ScyllaDB,https://www.youtube.com/ScyllaDB?cbrd=1,Welcome to the <strong>ScyllaDB</strong> YouTube Channel! You&#x27;ll find videos on NoSQL and <strong>big</strong> <strong>data</strong> topics from experts in the field.
ScyllaDB,Big Data ScyllaDB,https://indico.cern.ch/event/730759/attachments/1678516/2695800/Big_Data_CERN.pdf,"VP Field Engineering, <strong>ScyllaDB</strong> · SCYLLA · Real-Time processing of <strong>Big</strong> <strong>Data</strong> · <strong>with</strong> <strong>ScyllaDB</strong> · + What’s <strong>ScyllaDB</strong>; <strong>Why</strong> <strong>ScyllaDB</strong> · + How <strong>ScyllaDB</strong> helps CERN. + What’s under the hood, that allows that to happen · Today we will cover: No clear winner in NoSQL ·"
ScyllaDB,Big Data ScyllaDB,https://github.com/big-data-europe/README/wiki/ScyllaDB,General README for the <strong>Big</strong> <strong>Data</strong> Europe project&#x27;s sources - <strong>ScyllaDB</strong> · <strong>big</strong>-<strong>data</strong>-europe/README Wiki
ScyllaDB,Big Data ScyllaDB,https://blog.devgenius.io/introduction-to-scylladb-the-high-performance-nosql-database-you-need-to-know-ac15985463cd?gi=adfc469a6ca2,"Discover <strong>ScyllaDB</strong>: A high-performance NoSQL database built to outperform Cassandra with lower latency, auto-tuning, and seamless scalability."
ScyllaDB,Big Data ScyllaDB,https://medium.com/@gudise.ashok/scylladb-unleashing-the-power-of-the-new-cool-kid-in-the-database-block-c6632ddcfb50,"Whether supporting IoT <strong>data</strong> streaming, ... <strong>ScyllaDB</strong> is a resilient solution. In gaming, it manages dynamic player <strong>data</strong>, while in finance, it ensures milliseconds matter. E-commerce finds scalability, healthcare gains real-time management, and connected vehicles benefit from <strong>data</strong> analysis. In the era of <strong>big</strong> <strong>data</strong>, <strong>ScyllaDB</strong> ..."
ScyllaDB,Big Data ScyllaDB,https://toidiu.com/reads/Building_the_Real-Time_Big_Data_Database-_Seven_Design_Principles_behind_Scylla.pdf,"Copyright © 2018 <strong>ScyllaDB</strong> Inc. All rights reserved. All trademarks or · registered trademarks used herein are property of their respective owners. ... Palo Alto, CA 94303 U.S.A. ... Scylla is the real-time <strong>big</strong> <strong>data</strong> database."
ScyllaDB,Big Data ScyllaDB,https://blog.jetbrains.com/big-data-tools/tag/scylladb/,"A <strong>data</strong> engineering plugin · Greetings from sunny Berlin! Yes, it’s still 20+ °C here – perfect conditions for sitting down on your balcony with the latest issue of your favorite Annotated! I&#x27;m Pasha Finkelshteyn, and I’ll be your guide through this month’s news."
ScyllaDB,Big Data ScyllaDB,https://soareswallace.medium.com/0-scylla-a-data-intensive-db-d07e8d237935,"There are numerous of frameworks and languages to work on as a software engineer. As for myself, I already worked with PHP, JS, Python…"
ScyllaDB,Big Data ScyllaDB,https://glossarytech.com/terms/databases/scylladb,Learn more about definition of <strong>ScyllaDB</strong> and be smarter than yesterday with Glossarytech.com
ScyllaDB,Big Data ScyllaDB,https://autociencia.blogspot.com/2020/01/scylladb-um-banco-de-dados-nosql-big-data.html,"Neste artigo você será introduzido a uma visão geral do <strong>ScyllaDB</strong>, sua arquitetura, conceitos importantes, também colocará as mãos na massa e verá algumas das vantagens e desvantagens de seu uso."
ScyllaDB,Big Data ScyllaDB,https://www.scylladb.com/press-release/ad-tech-leaders-power-real-time-big-data-platforms-with-scylla-nosql-database/,"<strong>ScyllaDB</strong> helps cutting-edge ad-tech platforms scale, reduce hardware costs and meet stringent SLAs"
ScyllaDB,Big Data ScyllaDB,https://www.youtube.com/@ScyllaDB,Welcome to the <strong>ScyllaDB</strong> YouTube Channel! You&#x27;ll find videos on NoSQL and <strong>big</strong> <strong>data</strong> topics from experts in the field.
ScyllaDB,Big Data ScyllaDB,https://www.hpcwire.com/bigdatawire/2023/10/17/scylladb-raises-43m-to-take-on-mongodb-at-scale-push-database-performance-to-new-levels/,The NoSQL databases have become a staple for the <strong>data</strong> platform landscape. An increasing number of organizations are already using NoSQL databases in production today or planning to adopt NoSQL […]
ScyllaDB,Big Data ScyllaDB,https://dzone.com/articles/rust-amp-scylla-db-for-big-data,"The IT industry is constantly evolving, including <strong>big</strong> <strong>data</strong> processing. <strong>ScyllaDB</strong> is a new player promising unprecedented performance and benchmark results."
ScyllaDB,Big Data ScyllaDB,https://www.scylladb.com/product/technology/scylla-and-apache-spark/,"The <strong>ScyllaDB</strong> Spark Migrator is our workhorse engine written in Apache Spark, capable of taking <strong>data</strong> from multiple sources, including databases such as Apache Cassandra or DynamoDB, or <strong>big</strong> <strong>data</strong> file formats like Apache Parquet, and migrating them into <strong>ScyllaDB</strong> <strong>or</strong> <strong>ScyllaDB</strong> Cloud."
ScyllaDB,Big Data ScyllaDB,https://www.reddit.com/r/ScyllaDB/comments/e1mv48/scylladb_trends_how_users_deploy_the_realtime_big/?tl=es-es,We cannot provide a description for this page right now
ScyllaDB,Big Data ScyllaDB,https://checkthat.ai/brands/scylladb,"Users consistently emphasize ... as <strong>ScyllaDB</strong>&#x27;s primary strength. The database delivers on its core promise—low latency at massive scale for real-time <strong>data</strong> retrieval. Cost efficiency emerges as a secondary benefit through reduced infrastructure requirements and hardware optimization. Reviews highlight successful deployments for demanding applications: high-frequency trading, IoT <strong>data</strong> ingestion at scale, <strong>big</strong> <strong>data</strong> ..."
ScyllaDB,Big Data ScyllaDB,https://medium.com/@chandanaschandanas491/scylladb-vs-other-databases-key-differences-and-advantages-b75049c27708,"SQL databases slow down as <strong>data</strong> grows due to complex joins and indexing. <strong>ScyllaDB</strong> is optimized for low-latency, high-speed queries, handling millions of requests per second. ... SQL is better for structured transactional applications (e.g., banking, ERP systems). <strong>ScyllaDB</strong> is ideal for <strong>big</strong> <strong>data</strong>, ..."
ScyllaDB,Big Data ScyllaDB,https://www.scylladb.com/2023/08/28/integrating-scylladb-with-a-presto-server-for-data-analytics/,"Break <strong>data</strong> silos: Seamlessly query and analyze <strong>data</strong> <strong>from</strong> <strong>ScyllaDB</strong> alongside other sources, breaking down <strong>data</strong> silos and enhancing overall efficiency. Here are some of the benefits of choosing this solution: High performance, <strong>big</strong> <strong>data</strong>: Leverage <strong>ScyllaDB</strong>’s performance and Presto’s scalability ..."
ScyllaDB,Big Data ScyllaDB,https://www.dynamicyield.com/article/turning-messy-data-into-a-gold-mine/,"However, with <strong>data</strong> spread across ... see the <strong>big</strong> picture. Developers began struggling to analyze the <strong>data</strong> and understand simple questions about our users. And in turn, it was harder for them to develop features based on it. To solve this, we set out to unify it – all of it – made possible with the help of Apache Spark, Apache Flink, and <strong>ScyllaDB</strong>..."
ScyllaDB,Big Data ScyllaDB,https://www.howdy.com/glossary/scylladb,"The goal was to provide a ... <strong>data</strong> applications while maintaining compatibility with Cassandra. Strengths of <strong>ScyllaDB</strong> include high performance, low latency, and efficient use of modern hardware. Weaknesses may involve a steeper learning curve for new users and potentially higher operational complexity. Competitors include Apache Cassandra, Amazon DynamoDB, and Google Cloud Bigtable..."
ScyllaDB,Big Data ScyllaDB,https://www.scylladb.com/2026/03/26/rethinking-designing-data-intensive-applications/,"The biggest one is how people use cloud services today compared to ten years ago. Cloud existed back then, of course, but I think its impact on <strong>data</strong> systems architecture has only been felt in the last few years."
ScyllaDB,Big Data ScyllaDB,https://www.phoenixdata.ai/glossary/scylladb,<strong>ScyllaDB</strong> emerged as a powerful solution in the realm of NoSQL databases. Developers designed <strong>ScyllaDB</strong> to address the limitations of existing systems.
ScyllaDB,Big Data ScyllaDB,https://www.scylladb.com/tech-talk/a-deep-dive-into-scylladbs-architecture/,"This talk will cover <strong>ScyllaDB</strong> Architecture from the cluster-level view and zoom in on <strong>data</strong> distribution and internal node architecture. In the process, we will learn the secret sauce used to get <strong>ScyllaDB</strong>&#x27;s high availability and superior performance. We will also touch on the upcoming changes to"
ScyllaDB,Big Data ScyllaDB,https://lp.scylladb.com/whitepaper-scaling-up-vs-scaling-out-offer.html,"We’ll demonstrate that these ... for database infrastructure that is able to take advantage of the rich computing resources available on large nodes. In the process, we’ll show that Scylla is uniquely positioned to leverage the multi-core architecture that modern cloud platforms offer, making it not only possible, but also preferable, to use smaller clusters of large nodes for <strong>Big</strong> <strong>Data</strong> ..."
ScyllaDB,Big Data ScyllaDB,https://www.scylladb.com/product/,"<strong>ScyllaDB</strong> is a shard-per-core, lock-free, hardware-optimized database designed for predictable low-latency and massive throughput."
ScyllaDB,"""Big Data"" ScyllaDB",https://www.tinybird.co/blog/ScyllaDB-Alternatives,"DynamoDB is AWS&#x27;s fully managed key-value and document database, designed for single-digit millisecond latency with zero operational overhead. ... Fully managed vs. <strong>ScyllaDB</strong>&#x27;s operational requirements · AWS-native vs. multi-cloud flexibility · Per-request pricing vs. cluster-based costs · You&#x27;re committed to AWS and want minimal operations ... Cloud Bigtable ..."
ScyllaDB,"""Big Data"" ScyllaDB",https://www.brighttalk.com/channel/18877,"Free online events featuring the latest in B2B solution thinking from world-class visionaries, experts and innovators."
ScyllaDB,"""Big Data"" ScyllaDB",https://www.scylladb.com/2018/08/02/adgear-scylladb-big-data-meetup/,AdGear and <strong>ScyllaDB</strong> were at the <strong>Big</strong> <strong>Data</strong> Montreal meetup together and discussed Real-time <strong>Data</strong> at Scale and how they achieved 1 million queries per second.
ScyllaDB,"""Big Data"" ScyllaDB",https://translate.google.com/translate?u=https%3A%2F%2Fwww.scylladb.com%2Fglossary%2Fbig-data-database%2F&hl=es&sl=en&tl=es&client=srp,"Learn the definition of <strong>Big</strong> <strong>Data</strong> Database and FAQs on: Traditional database vs <strong>big</strong> <strong>data</strong>, choosing a <strong>big</strong> <strong>data</strong> database and more."
ScyllaDB,"""Big Data"" ScyllaDB",https://pulse2.com/scylladb-25-million-funding/,Real-time <strong>big</strong> <strong>data</strong> database company <strong>ScyllaDB</strong> announced it raised $25 million in funding to meet the demand for a highly scalable NoSQL database.
ScyllaDB,"""Big Data"" ScyllaDB",https://www.scylladb.com/glossary/data-ingestion/,Apache NiFi is another <strong>data</strong> ingestion open source tool that provides a visual interface for designing <strong>data</strong> flows and automating <strong>data</strong> movement and transformation in <strong>big</strong> <strong>data</strong> environments. Yes. <strong>ScyllaDB</strong> is a fast NoSQL database that is commonly used to support high throughput <strong>data</strong> ingestion processes.
ScyllaDB,"""Big Data"" ScyllaDB",https://www.scylladb.com/glossary/data-model/,"IT organizations that need to manage huge numbers of users and <strong>data</strong> often rely on NoSQL databases. NoSQL databases are non-relational, distributed databases designed for high availability and <strong>big</strong> <strong>data</strong> workloads."
Apache Accumulo,Большие данные Apache Accumulo,https://accumulo.apache.org/,"With Apache Accumulo, users can store and manage large data sets across a cluster. Accumulo uses Apache Hadoop&#x27;s HDFS to store its data and Apache ZooKeeper for consensus."
Apache Accumulo,Большие данные Apache Accumulo,https://en.wikipedia.org/wiki/Apache_Accumulo,"Apache Accumulo is <strong>a highly scalable sorted, distributed key-value store based on Google&#x27;s Bigtable</strong>. It is a system built on top of Apache Hadoop, Apache ZooKeeper, and Apache Thrift. Written in Java, Accumulo has cell-level access labels and server-side programming mechanisms."
Apache Accumulo,Большие данные Apache Accumulo,https://github.com/apache/accumulo,"Apache Accumulo is a sorted, distributed key/value store that provides robust, scalable data storage and retrieval. With Apache Accumulo, users can store and manage large data sets across a cluster."
Apache Accumulo,Большие данные Apache Accumulo,https://medium.com/@firmanbrilian/integrating-apache-accumulo-with-big-data-ecosystems-for-analytics-and-machine-learning-workflows-78d0c4be1d93,Accumulo can be integrated into real-time pipelines as a storage and serving layer. Streaming frameworks such as Apache Flink can process incoming data streams and write enriched or aggregated results into Accumulo.
Apache Accumulo,Большие данные Apache Accumulo,https://www.javacodegeeks.com/understanding-apache-accumulo.html,"Apache Accumulo is <strong>a highly scalable, distributed key-value store designed for managing large datasets in real-time</strong>. It is built on top of several core technologies such as Apache Hadoop, Apache HBase, and Apache ZooKeeper, ensuring high ..."
Apache Accumulo,Большие данные Apache Accumulo,https://www.oreilly.com/library/view/accumulo/9781491947098/ch01.html,"Apache Accumulo is a highly scalable, distributed, open source data store modeled after Google’s Bigtable design. Accumulo is built to store up to trillions of data elements and keeps them organized so that users can perform fast lookups. Accumulo supports flexible data schemas and scales horizontally across thousands of machines."
Apache Accumulo,Большие данные Apache Accumulo,https://dbdb.io/db/accumulo,"Apache Accumulo is <strong>a sorted, distributed key-value store based on Google&#x27;s Bigtable, HDFS and Apache Zookeeper</strong>. First designed and developed by a team in NSA, Accumulo&#x27;s mission is to support big data storing and processing, but at the same ..."
Apache Accumulo,Большие данные Apache Accumulo,https://www.dremio.com/wiki/apache-accumulo/,"Apache Accumulo is <strong>a robust, scalable, and high-performance distributed NoSQL database designed to handle large amounts of structured and semi-structured data</strong>. It is based on Google&#x27;s BigTable design and is built on top of Apache Hadoop, Zookeeper, ..."
Apache Accumulo,Большие данные Apache Accumulo,https://accumulo.apache.org/1.6/accumulo_user_manual.html,"Apache Accumulo is a highly scalable structured store based on Google’s BigTable. Accumulo is written in Java and operates over the Hadoop Distributed File System (HDFS), which is part of the popular Apache Hadoop project."
Apache Accumulo,Большие данные Apache Accumulo,https://accumulo.apache.org/1.7/accumulo_user_manual.html,"Apache Accumulo is a highly scalable structured store based on Google’s BigTable. Accumulo is written in Java and operates over the Hadoop Distributed File System (HDFS), which is part of the popular Apache Hadoop project."
Apache Accumulo,Большие данные Apache Accumulo,https://www.baeldung.com/java-apache-accumulo,"Built on top of Apache Hadoop and Apache ZooKeeper, it’s designed to handle massive data volumes across clusters of commodity hardware. Accumulo enables efficient data ingestion, retrieval, and storage."
Apache Accumulo,Большие данные Apache Accumulo,https://accumulo.apache.org/docs/2.x/getting-started/features,"While Accumulo typically runs on a single HDFS instance, it supports multi-volume installations (since 1.6.0) which allow it to run over multiple disjoint HDFS instances and scale beyond the limits of a single namenode."
Apache Accumulo,Большие данные Apache Accumulo,https://dbdb.io/db/accumulo/revisions/10,"Apache Accumulo is <strong>a sorted, distributed key-value store based on Google&#x27;s Bigtable, HDFS and Apache Zookeeper</strong>. First designed and developed by a team in NSA, Accumulo&#x27;s mission is to support big data storing and processing, but at the same ..."
Apache Accumulo,Большие данные Apache Accumulo,https://aws.amazon.com/blogs/big-data/running-apache-accumulo-on-amazon-emr/,"Apache Accumulo is a sorted, distributed key-value store that is built on top of Apache Hadoop, Zookeeper, and Thrift. Accumulo was originally modeled after Google’s BigTable and can scale to trillions of records and hundreds of petabytes."
Apache Accumulo,Большие данные Apache Accumulo,https://medium.com/ai-ml-data-engineering-hub/exploring-apache-accumulo-setup-architecture-and-real-world-usage-0b405b1296c1,"In the era of big data, fast and scalable key-value stores are critical for managing real-time and secure data operations. Apache Accumulo is one such distributed, sorted key/value store built on top of Apache Hadoop, Apache Zookeeper, and Apache Thrift."
Apache Accumulo,Большие данные Apache Accumulo,https://accumulo.apache.org/1.9/accumulo_user_manual.html,"Apache Accumulo is a highly scalable structured store based on Google’s BigTable. Accumulo is written in Java and operates over the Hadoop Distributed File System (HDFS), which is part of the popular Apache Hadoop project."
Apache Accumulo,Большие данные Apache Accumulo,https://www.digitalocean.com/community/tutorials/how-to-install-the-big-data-friendly-apache-accumulo-nosql-database-on-ubuntu-14-04,Apache Accumulo is an open-source distributed NoSQL database based on Google’s BigTable. It is used to efficiently perform CRUD (Create Read Update Delete) operations on extremely large data sets (often referred to as Big Data).
Apache Accumulo,Большие данные Apache Accumulo,https://accumulo.apache.org/docs/2.x/getting-started/design,"The Accumulo Monitor is a web application that provides a wealth of information about the state of an instance. The Monitor shows graphs and tables which contain information about read/write rates, cache hit/miss rates, and Accumulo table information such as scan rate and active/queued compactions."
Apache Accumulo,Большие данные Apache Accumulo,https://accumulo.apache.org/1.8/accumulo_user_manual.html,"Apache Accumulo is a highly scalable structured store based on Google’s BigTable. Accumulo is written in Java and operates over the Hadoop Distributed File System (HDFS), which is part of the popular Apache Hadoop project."
Apache Accumulo,Большие данные Apache Accumulo,https://sumble.com/tech/apache-accumulo,"Apache Accumulo is a sorted, distributed key/value store that provides robust, scalable data storage and retrieval. It is built on top of Apache Hadoop and ZooKeeper, and features cell-level security labels, allowing fine-grained access control. Accumulo is often used for applications requiring high security and scalability, such as analyzing large datasets, storing sensitive information, and building complex data models."
Apache Accumulo,Большие данные Apache Accumulo,https://ru.wikibrief.org/wiki/Apache_Accumulo,"<strong>Apache</strong> <strong>Accumulo</strong> - это хорошо масштабируемое сортированное распределенное хранилище ключей и значений, основанное на Google Bigtable. Это система, построенная на основе <strong>Apache</strong> Hadoop, ..."
Apache Accumulo,Большие данные Apache Accumulo,https://ru.bmstu.wiki/Apache_Accumulo,"<strong>Accumulo</strong> предоставляет расширенную модель <strong>данных</strong>, <strong>больше</strong>, чем простое хранение ключа и его значения, но не является полностью реляционной БД."
Apache Accumulo,Большие данные Apache Accumulo,https://dic.academic.ru/dic.nsf/ruwiki/1350769,Hypertable — система предназначена для управления хранением <strong>данных</strong> и обработки информации в <strong>больших</strong> кластерах серверов.[8] <strong>Apache</strong> <strong>Accumulo</strong> — клон Bigtable созданный в Агентстве ...
Apache Accumulo,Большие данные Apache Accumulo,https://accumulo.apache.org/1.10/accumulo_user_manual.html,"Copyright © 2011-2023 The <strong>Apache</strong> Software Foundation, Licensed under the <strong>Apache</strong> License, Version 2.0. <strong>Apache</strong> <strong>Accumulo</strong>, <strong>Accumulo</strong>, <strong>Apache</strong>, and the <strong>Apache</strong> <strong>Accumulo</strong> project logo are trademarks of the <strong>Apache</strong> Software Foundation."
Apache Accumulo,Большие данные Apache Accumulo,https://dbdb.io/db/accumulo/revisions/9,"<strong>Apache</strong> <strong>Accumulo</strong> is a sorted, distributed key-value store based on Google&#x27;s Bigtable, HDFS and <strong>Apache</strong> Zookeeper. First designed and developed by a team in NSA, <strong>Accumulo</strong>&#x27;s mission is to support big data storing and processing, but at the same time enforce fine-grained data access control."
Apache Accumulo,Большие данные Apache Accumulo,https://accumulo.apache.org/downloads/,"The 3.0.0 release of <strong>Apache</strong> <strong>Accumulo</strong>® is the latest bleeding edge release, containing the newest features, bug fixes, performance enhancements, and more that are expected to appear in a future LTM release. The linked 2.x documentation is still largely applicable to 3.x for now, except those ..."
Apache Accumulo,Большие данные Apache Accumulo,https://accumulo.apache.org/papers/accumulo-benchmarking-2.1.pdf,Because <strong>Accumulo</strong> is widely used in U.S.
Apache Accumulo,Большие данные Apache Accumulo,https://dbdb.io/db/accumulo/revisions/6,"<strong>Apache</strong> <strong>Accumulo</strong> is a sorted, distributed key-value store based on Google&#x27;s Bigtable and HDFS. First designed and developed by a team in NSA, <strong>Accumulo</strong>&#x27;s mission is to support big data storing and processing, but at the same time enforce fine-grained data access control."
Apache Accumulo,Большие данные Apache Accumulo,https://accumulo.apache.org/api/,"The <strong>Accumulo</strong> project maintains binary compatibility across this API within a major release, as defined in the Java Language Specification 3rd ed. Starting with <strong>Accumulo</strong> 1.6.2 and 1.7.0 all API changes follow semver 2.0."
Apache Accumulo,Большие данные Apache Accumulo,https://incubator.apache.org/projects/accumulo.html,"<strong>Accumulo</strong> is a sorted, distributed key/value store based on Google&#x27;s BigTable design. It is built on top of <strong>Apache</strong> Hadoop, Zookeeper, and Thrift."
Apache Accumulo,Большие данные Apache Accumulo,https://www.pngegg.com/ru/search?q=apache+Hbase,"<strong>Apache</strong> HBase <strong>Apache</strong> Hadoop HTTP-сервер <strong>Apache</strong> <strong>Apache</strong> <strong>Accumulo</strong> <strong>Apache</strong> Oozie, земная архитектура, Разное, гаджет png · <strong>Apache</strong> Hive <strong>Apache</strong> Hadoop <strong>Apache</strong> HBase <strong>Apache</strong> Software Foundation <strong>Большие</strong> <strong>данные</strong>, дргие, млекопитающее, текст ..."
Apache Accumulo,Большие данные Apache Accumulo,https://accumulo.apache.org/release/,Visit the official site at: https://<strong>accumulo</strong>.<strong>apache</strong>.org
Apache Accumulo,Большие данные Apache Accumulo,https://github.com/isaccanedo/apache-accumulo,":battery: <strong>Apache</strong> <strong>Accumulo</strong> is a sorted, distributed key/value store that provides robust, scalable data storage and retrieva - isaccanedo/<strong>apache</strong>-<strong>accumulo</strong>"
Apache Accumulo,Большие данные Apache Accumulo,https://github.com/apache/accumulo-examples,<strong>Apache</strong> <strong>Accumulo</strong> Examples. Contribute to <strong>apache</strong>/<strong>accumulo</strong>-examples development by creating an account on GitHub.
Apache Accumulo,Большие данные Apache Accumulo,https://hive.apache.org/docs/latest/user/accumulointegration/,"The API methods that <strong>Accumulo</strong> provides are in terms of Keys and Values which present the highest level of flexibility in reading and writing data; however, higher-level query abstractions are typically an exercise left to the user."
Apache Accumulo,Большие данные Apache Accumulo,https://mvnrepository.com/artifact/org.apache.accumulo/accumulo-core,<strong>Apache</strong> <strong>Accumulo</strong> core libraries.
Apache Accumulo,Большие данные Apache Accumulo,https://discovery.hgdata.com/product/apache-accumulo,Discover which companies use specific technologies with detailed market analysis and firmographic insights
Apache Accumulo,Большие данные Apache Accumulo,https://www.pngegg.com/ru/search?q=apache+Cassandra,"<strong>Apache</strong> Ignite Распреде... <strong>больших</strong> <strong>данных</strong> Компьютерный кластер, другие, метка, текст png · <strong>Apache</strong> Solr <strong>Apache</strong> Lucene <strong>Apache</strong> HTTP-сервер Индексирование поисковой системы Полнотекстовый поиск, логотип, Разное, другие png · <strong>Apache</strong> HBase <strong>Apache</strong> Hadoop HTTP-сервер <strong>Apache</strong> <strong>Apache</strong> <strong>Accumulo</strong> <strong>Apache</strong> Oozie, ..."
Apache Accumulo,Большие данные Apache Accumulo,https://github.com/apache/accumulo-access,<strong>Apache</strong> <strong>Accumulo</strong> Access Control Library. Contribute to <strong>apache</strong>/<strong>accumulo</strong>-access development by creating an account on GitHub.
Apache Accumulo,Большие данные Apache Accumulo,https://accumulo.apache.org/index.html,"With <strong>Apache</strong> <strong>Accumulo</strong>, users can store and manage large data sets across a cluster. <strong>Accumulo</strong> uses <strong>Apache</strong> Hadoop&#x27;s HDFS to store its data and <strong>Apache</strong> ZooKeeper for consensus."
Apache Accumulo,Большие данные Apache Accumulo,https://en.wikipedia.org/wiki/Accumulo,"<strong>Apache</strong> <strong>Accumulo</strong> is a highly scalable sorted, distributed key-value store based on Google&#x27;s Bigtable. It is a system built on top of <strong>Apache</strong> Hadoop, <strong>Apache</strong> ZooKeeper, and <strong>Apache</strong> Thrift. Written in Java, <strong>Accumulo</strong> has cell-level access labels and server-side programming mechanisms."
Apache Accumulo,Большие данные Apache Accumulo,https://accumulo.apache.org/docs/2.x/development/summaries,"Summary data is stored in each file <strong>Accumulo</strong> produces. <strong>Accumulo</strong> can gather summary information from across a cluster merging it along the way. In order for this to be fast, the summary information should fit in cache. There is a dedicated cache for summary data on each tserver with a configurable ..."
Apache Accumulo,Большие данные Apache Accumulo,https://www.devopsschool.com/blog/what-is-accumulo/,<strong>Accumulo</strong> is written in JAVA. In 2008 A team of software engineers at the United States’ National Security Agency (NSA) started building <strong>Accumulo</strong> as a clone of Google’s BigTable system. In September 2011 <strong>Accumulo</strong> was released as a public open source on <strong>Apache</strong> Software Foundation.
Apache Accumulo,Большие данные Apache Accumulo,https://enlyft.com/tech/products/apache-accumulo,208 companies use <strong>Apache</strong> <strong>Accumulo</strong>. <strong>Apache</strong> <strong>Accumulo</strong> is most often used by companies with 50-200 employees &amp; $10M-50M in revenue. Our usage data goes back 4 years and 10 months.
Apache Accumulo,Большие данные Apache Accumulo,https://docs.cloudera.com/cdp-private-cloud-base/7.3.1/opdb-accumulo-overview/topics/opdb-accumulo-overview.html,"<strong>Apache</strong> AccumuloTM is an ideal solution for government agencies looking for a secure, distributed NoSQL data store to serve their most performance-intensive Big Data applications. The <strong>Accumulo</strong> service is the Cloudera package of <strong>Apache</strong> <strong>Accumulo</strong>."
Apache Accumulo,Большие данные Apache Accumulo,https://www.researchgate.net/figure/The-Apache-Accumulo-Architecture_fig6_321683158,"Download scientific diagram | The <strong>Apache</strong> <strong>Accumulo</strong> Architecture from publication: An Empirical Exploration of the Yarn in Big Data | The growth in population and progression of internet services, data size is getting increased day by day where 105000s of Trillion of data files are there in cloud ..."
Apache Accumulo,Большие данные Apache Accumulo,https://accumulo.apache.org/docs/2.x/troubleshooting/performance,<strong>Accumulo</strong> can be tuned to improve read and write performance.
Apache Accumulo,Большие данные Apache Accumulo,https://accumulo.apache.org/docs/2.x/administration/in-depth-install,"This ephemeral port is likely to be unique and not already bound. Thus, configuring ports to use 0 instead of an explicit value, should, in most cases, work around any issues of running multiple distinct <strong>Accumulo</strong> instances (or any other process which tries to use the same default ports) on ..."
Apache Accumulo,Большие данные Apache Accumulo,https://www.researchgate.net/publication/323911144_Traffic_Data_Exploratory_Data_Analysis_with_Apache_Accumulo,"PDF | On Jan 1, 2018, Massimo Bernaschi and others published Traffic Data: Exploratory Data Analysis with <strong>Apache</strong> <strong>Accumulo</strong> | Find, read and cite all the research you need on ResearchGate"
Apache Accumulo,Большие данные Apache Accumulo,https://accumulo.apache.org/release/accumulo-1.7.4/,"<strong>Accumulo</strong> follows Semantic Versioning guidelines. This release is a “patch version”, which means that only backwards compatible bug fixes are introduced in this version. A bug fix is defined as an internal change that fixes incorrect behavior. Users of any previous 1.7.x release are strongly ..."
Apache Accumulo,Большие данные Apache Accumulo,https://accumulo.apache.org/1.7/examples/,Install and run <strong>Accumulo</strong> via the instructions found in $ACCUMULO_HOME/README. Remember the instance name. It will be referred to as “instance” throughout the examples.
Apache Accumulo,Большие данные Apache Accumulo,https://arxiv.org/pdf/1406.4923,Abstract—The <strong>Apache</strong> <strong>Accumulo</strong> database is an open source
Apache Accumulo,Большие данные Apache Accumulo,https://accumulo.apache.org/1.4/accumulo_user_manual.pdf,Mock <strong>Accumulo</strong> . . . . . . . . . . . . . . . . . . . . . . . . . . . . . . . . . . . .
Apache Accumulo,Большие данные Apache Accumulo,https://db-engines.com/en/system/Apache+Accumulo,Detailed overview of the characteristics of <strong>Apache</strong> <strong>Accumulo</strong>
Apache Accumulo,Большие данные Apache Accumulo,https://accumulo.apache.org/1.4/user_manual/Shell_Commands.html,usage: importdirectory &lt;directory&gt; &lt;failureDirectory&gt; true|false [-?] description: bulk imports an entire directory of data files to the current table. The boolean argument determines if <strong>accumulo</strong> sets the time.
Apache Accumulo,Большие данные Apache Accumulo,https://accumulo.apache.org/blog/2019/09/10/accumulo-S3-notes.html,"<strong>Accumulo</strong> can store its files in S3, however S3 does not support the needs of write ahead logs and the <strong>Accumulo</strong> metadata table. One way to solve this problem is to store the metadata table and write ahead logs in HDFS and everything else in S3. This post shows how to do that using <strong>Accumulo</strong> 2.0 ..."
Apache Accumulo,Большие данные Apache Accumulo,https://fedoraproject.org/wiki/Changes/ApacheAccumulo,"The <strong>Apache</strong> <strong>Accumulo</strong>™ sorted, distributed key/value store is a robust, scalable, high performance data storage and retrieval system. <strong>Apache</strong> <strong>Accumulo</strong> is based on Google&#x27;s BigTable design and is built on top of <strong>Apache</strong> Hadoop, Zookeeper, and Thrift."
Apache Accumulo,Большие данные Apache Accumulo,https://cwiki.apache.org/confluence/display/incubator/AccumuloProposal,"<strong>Accumulo</strong> and HBase are both based on the design of Google&#x27;s BigTable, so there is a danger that potential users will have difficulty distinguishing the two. Some of the key areas in which <strong>Accumulo</strong> differs from HBase are discussed below. It may be possible to incorporate the desired features ..."
Apache Accumulo,"""Большие данные"" Apache Accumulo",https://spark-school.ru/blog/spark-dataframe-rest-functions/,Анализ больших данных в Apache Spark: 3 главных функции для работы с датафреймами
Apache Accumulo,"""Большие данные"" Apache Accumulo",https://github.com/keslota/hadoop_tips/wiki/%D0%A7%D0%A2%D0%9E-%D0%A2%D0%90%D0%9A%D0%9E%D0%95-BUCKETING-%D0%98-%D0%97%D0%90%D0%A7%D0%95%D0%9C-%D0%AD%D0%A2%D0%9E-%D0%9D%D0%A3%D0%96%D0%9D%D0%9E-%D0%92-BIG-DATA,"Улучшенное семплирование, поскольку большие данные уже разбиты на более мелкие части. Таким образом, ключевыми преимуществами метода бакетирования таблиц в Apache Spark являются следующие: оптимизированные таблицы и датасеты; оптимизированные JOIN-соединения при использовании предварительно перемешанных таблиц/датасетов с разде"
Apache Accumulo,"""Большие данные"" Apache Accumulo",https://bigdataschool.ru/blog/what-is-bucketing-in-spark-sql/,"О том, насколько этот прием эффективен по сравнению с другими методами выполнения запросов в Apache Spark, читайте здесь. Улучшенное семплирование, поскольку большие данные уже разбиты на более мелкие части."
Apache Accumulo,"""Большие данные"" Apache Accumulo",https://github-wiki-see.page/m/keslota/hadoop_tips/wiki/%D0%A7%D0%A2%D0%9E-%D0%A2%D0%90%D0%9A%D0%9E%D0%95-BUCKETING-%D0%98-%D0%97%D0%90%D0%A7%D0%95%D0%9C-%D0%AD%D0%A2%D0%9E-%D0%9D%D0%A3%D0%96%D0%9D%D0%9E-%D0%92-BIG-DATA,"Улучшенное семплирование, поскольку большие данные уже разбиты на более мелкие части. Таким образом, ключевыми преимуществами метода бакетирования таблиц в Apache Spark являются следующие: оптимизированные таблицы и датасеты; оптимизированные JOIN-соединения при использовании предварительно перемешанных таблиц/датасетов с разде"
Apache Accumulo,"""Большие данные"" Apache Accumulo",https://m.youtube.com/watch?v=5TCqNVzfTSA,"Share your videos with friends, family, and the world"
Apache Accumulo,"""Большие данные"" Apache Accumulo",https://coderlessons.com/articles/bazy-dannykh-articles/otryvok-glavy-bolshie-dannye-realizatsiia-skhem-s-pomoshchiu-apache-thrift,Это отрывок из будущей книги Мэннинга о <strong>больших</strong> <strong>данных</strong>. <strong>Большие</strong> <strong>данные</strong> Принципы и лучшие практики масштабируемых систем <strong>данных</strong> реального времени Натан
Apache Accumulo,"""Большие данные"" Apache Accumulo",https://bigdataschool.ru/blog/spark-apps-core-architecture/,"Из чего состоит Spark-приложение, как связаны SparkContext и SparkConf, зачем ограничивать размер драйвера и его памяти: ликбез по разработке"
Apache Accumulo,Big Data Apache Accumulo,https://docs.cloudera.com/cdp-private-cloud-base/7.1.8/opdb-accumulo-overview/topics/opdb-accumulo-overview.html,Apache AccumuloTM is <strong>an open source project integrated with Hadoop that provides the ability to store data in massive tables (billions of rows / millions of columns) for fast and random access</strong>. Accumulo was created and contributed to the Apache Software Foundation by the National Security Agency ...
Apache Accumulo,Big Data Apache Accumulo,http://www.datascienceassn.org/content/apache-accumulo-nosql-secure-database,"It easily integrates with Hadoop, ... batch processing and conduct a wide variety of real-time analyses. Accumulo is <strong>a sorted, distributed key/value store based on Google&#x27;s BigTable design</strong>. It is a system built on top of Hadoop, ZooKeeper and Thrift. Written in Java, Accumulo ..."
Apache Accumulo,Big Data Apache Accumulo,https://dzone.com/articles/big-data-apache-accumulo,episode 19 of the podcast was a talk with adam fuchs . adam talked about apache accumulo which is <strong>a system built for doing random i/o with peta bytes of data</strong>....
Apache Accumulo,Big Data Apache Accumulo,https://docs.cloudera.com/cdp-private-cloud-base/7.1.9/opdb-accumulo-overview/topics/opdb-accumulo-overview.html,"<strong>Apache</strong> AccumuloTM is an ideal solution for government agencies looking for a secure, distributed NoSQL <strong>data</strong> store to serve their most performance-intensive <strong>Big</strong> <strong>Data</strong> applications. The <strong>Accumulo</strong> service is the Cloudera package of <strong>Apache</strong> <strong>Accumulo</strong>."
Apache Accumulo,Big Data Apache Accumulo,https://accumulo.apache.org/related-projects/,"Fluo builds on <strong>Accumulo</strong> and enables low latency, continuous incremental processing of <strong>big</strong> <strong>data</strong>."
Apache Accumulo,Big Data Apache Accumulo,https://dbdb.io/db/accumulo/revisions/13,"<strong>Apache</strong> <strong>Accumulo</strong> is a sorted, distributed key-value store based on Google&#x27;s Bigtable, HDFS and <strong>Apache</strong> Zookeeper. First designed and developed by a team in NSA, <strong>Accumulo</strong>&#x27;s mission is to support <strong>big</strong> <strong>data</strong> storing and processing, but at the same time enforce fine-grained <strong>data</strong> access control."
Apache Accumulo,Big Data Apache Accumulo,https://www.ieee-hpec.org/2014/CD/index_htm_files/FinalPapers/31.pdf,Abstract—The <strong>Apache</strong> <strong>Accumulo</strong> database is an open source
Apache Accumulo,Big Data Apache Accumulo,https://www.researchgate.net/publication/262158840_Benchmarking_Apache_Accumulo_BigData_Distributed_Table_Store_Using_Its_Continuous_Test_Suite,"We also tested high-speed table <strong>data</strong> verification and validation. These benchmark tests were run on a large cluster optimized for large-scale analytics and we present the performance figures for <strong>Apache</strong> <strong>Accumulo</strong> found in the study. ... To read the full-text of this research, you can request a copy directly from the authors. ... ... <strong>Accumulo</strong>, built using BigTable..."
Apache Accumulo,Big Data Apache Accumulo,https://docs.cloudera.com/cdp-private-cloud-base/7.1.9/opdb-accumulo-overview/opdb-accumulo-overview.pdf,"<strong>Apache</strong> AccumuloTM is an ideal solution for government agencies looking for a secure, distributed NoSQL <strong>data</strong> store · to serve their most performance-intensive <strong>Big</strong> <strong>Data</strong> applications."
Apache Accumulo,Big Data Apache Accumulo,https://www.cloudera.com/products/open-source/apache-hadoop/apache-accumulo.html,"See how Cloudera&#x27;s strong beliefs in the value of open source, open standards, and open markets are driving the next wave of innovation."
Apache Accumulo,Big Data Apache Accumulo,https://haifengl.wordpress.com/2014/05/14/hbase-and-accumulo/,"Note that a distributed database system doesn’t has to drop consistency. For instance, TeraData and Google’s F1 are ACID-compliant (Atomicity, Consistency, Isolation, Durability). However, it makes systems much more complicated and also imposes high performance overhead. In this series, I will look into several popular open source NoSQL solutions. This post will cover <strong>Apache</strong> HBase and <strong>Apache</strong> <strong>Accumulo</strong>. Both of them are modeled after Google’s BigTable..."
Apache Accumulo,Big Data Apache Accumulo,https://github.com/apacheresearch/apache-accumulo,"Integración: Se integra bien con otras herramientas de <strong>Big</strong> <strong>Data</strong> como <strong>Apache</strong> Hadoop y <strong>Apache</strong> Spark. En las pruebas de rendimiento, <strong>Accumulo</strong> ha demostrado ser capaz de manejar 100 millones de entradas por segundo y 408 terabytes de datos, incluso en presencia de fallos de hardware y sin ..."
Apache Accumulo,Big Data Apache Accumulo,https://github.com/cloudera/accumulo,"The <strong>Apache</strong> <strong>Accumulo</strong>™ sorted, distributed key/value store is a robust, scalable, high performance <strong>data</strong> storage and retrieval system. <strong>Apache</strong> <strong>Accumulo</strong> is based on Google&#x27;s BigTable design and is built on top of <strong>Apache</strong> Hadoop, Zookeeper, and Thrift."
Apache Accumulo,Big Data Apache Accumulo,https://thecyberwire.com/glossary/accumulo,"A sorted, distributed key/value open-source database designed to handle <strong>big</strong> <strong>data</strong> securely and consistently. More properly referred to as &quot;<strong>Apache</strong> <strong>Accumulo</strong>™&quot;."
Apache Accumulo,Big Data Apache Accumulo,https://www.slideshare.net/ydn/hug-accumulo,"<strong>Apache</strong> <strong>Accumulo</strong>, originally developed by the National Security Agency and now an <strong>Apache</strong> Software Foundation project, builds upon Google&#x27;s Bigtable design to pr…"
Apache Accumulo,Big Data Apache Accumulo,http://bigdata-guide.blogspot.com/2014/01/apache-accumulo.html,"The Blog about <strong>Big</strong> <strong>Data</strong> - tutorials, events, companies, cases and technologies"
Apache Accumulo,Big Data Apache Accumulo,https://www.wikidata.org/wiki/Q2822898,"All structured <strong>data</strong> from the main, Property, Lexeme, and EntitySchema namespaces is available under the Creative Commons CC0 License; text in the other namespaces is available under the Creative Commons Attribution-ShareAlike License; additional terms may apply."
Apache Accumulo,Big Data Apache Accumulo,http://thematrixyprogramacion.blogspot.com/2017/11/apache-accumulo.html,"<strong>Accumulo</strong> es una Base de Datos NoSQL que esta basada en la definición de <strong>Big</strong> Table de Google, es una de las 3 Bases de Datos más populares abajo de <strong>Apache</strong> HBase y de <strong>Apache</strong> Cassandra, siendo la primera Base de Datos NoSQL en el mercado."
Apache Accumulo,Big Data Apache Accumulo,https://www.packtpub.com/big-data-and-business-intelligence/apache-accumulo-developers,"<strong>Accumulo</strong> is a sorted and distributed key/value store designed to handle large amounts of <strong>data</strong>. Being highly robust and scalable, its performance makes it ideal for real-time <strong>data</strong> storage. <strong>Apache</strong> <strong>Accumulo</strong> is based on Google&#x27;s BigTable design and is built on top of <strong>Apache</strong> Hadoop, Zookeeper, and ..."
Apache Accumulo,Big Data Apache Accumulo,https://preview.app.daily.dev/posts/introduction-to-apache-accumulo-edggy4fqr,"<strong>Apache</strong> <strong>Accumulo</strong> is a powerful, distributed key-value store designed for handling massive datasets with fine-grained security. Developed originally by the NSA and based on Google&#x27;s Bigtable, it excels in scalability, performance, and security, enabling efficient <strong>data</strong> ingestion, retrieval, and ..."
Apache Accumulo,Big Data Apache Accumulo,https://blog.ippon.tech/use-cassandra-mongodb-hbase-accumulo-mysql,"There are core basics that every ... of a <strong>Big</strong> <strong>Data</strong> solution. However, that basic implementation will not provide the best performance for the user in all use cases and situations. There are so many different options now that choosing between all of them can be complicated. There is <strong>Apache</strong> Cassandra, HBase, <strong>Accumulo</strong>, MongoDB or ..."
Apache Accumulo,Big Data Apache Accumulo,https://ieeexplore.ieee.org/document/6597155/,"In this paper, we present results of benchmarking <strong>Apache</strong> <strong>Accumulo</strong> distributed table store using the continuous tests suite included in its open source distribution. The continuous test suite contains tests that build and traverse a very large linked list, implemented via a simple table-row ..."
Apache Accumulo,Big Data Apache Accumulo,https://dl.acm.org/doi/10.5555/2578630,"Build and integrate <strong>Accumulo</strong> clusters ... of <strong>data</strong>. Being highly robust and scalable, its performance makes it ideal for real-time <strong>data</strong> storage. <strong>Apache</strong> <strong>Accumulo</strong> is based on Google&#x27;s BigTable design and is built on top of <strong>Apache</strong> Hadoop, Zookeeper, and Thrift...."
Apache Accumulo,Big Data Apache Accumulo,https://accumulo.apache.org/1.5/accumulo_user_manual.html,"<strong>Apache</strong> <strong>Accumulo</strong> is a highly scalable structured store based on Google’s BigTable. <strong>Accumulo</strong> is written in Java and operates over the Hadoop Distributed File System (HDFS), which is part of the popular <strong>Apache</strong> Hadoop project. <strong>Accumulo</strong> supports efficient storage and retrieval of structured <strong>data</strong>, ..."
Apache Accumulo,Big Data Apache Accumulo,https://www.nobleprog.co/en/cc/accumulo,"<strong>Apache</strong> <strong>Accumulo</strong> is a sorted, distributed key/value store that provides robust, scalable <strong>data</strong> storage and retrieval. It is based on the design of Google&#x27;s BigTable and is powered by <strong>Apache</strong> Hadoop, <strong>Apache</strong> Zookeeper, and <strong>Apache</strong> Thrift."
Apache Accumulo,Big Data Apache Accumulo,https://www.linkedin.com/pulse/apache-accumulo-fundamentals-training,"<strong>Apache</strong> <strong>Accumulo</strong> is a sorted, distributed key/value store that provides robust, scalable <strong>data</strong> storage and retrieval. It is based on the design of Google’s BigTable and is powered by <strong>Apache</strong> Hadoop, <strong>Apache</strong> Zookeeper, and <strong>Apache</strong> Thrift."
Apache Accumulo,Big Data Apache Accumulo,https://www.infoworld.com/article/2248538/review-google-bigtable-scales-with-ease-2.html,"Bigtable inspired several open source NoSQL databases, including <strong>Apache</strong> HBase, <strong>Apache</strong> Cassandra, and <strong>Apache</strong> <strong>Accumulo</strong>. HBase was designed as an implementation of Bigtable based on the paper and became the primary database for Hadoop. Cassandra was born at Facebook using ideas from Bigtable and ..."
Apache Accumulo,Big Data Apache Accumulo,https://arstechnica.com/information-technology/2013/06/what-the-nsa-can-do-with-big-data/2/,"BigTable and Hadoop-based databases ... of <strong>data</strong> being captured by the NSA’s operations, but they lacked something critical to intelligence operations: compartmentalized security (or any security at all, for that matter). So in 2008, NSA set out to create a better version of BigTable, called <strong>Accumulo</strong>—now an <strong>Apache</strong> Foundation ..."
Apache Accumulo,Big Data Apache Accumulo,https://www.wikiwand.com/en/articles/Apache_Accumulo,"<strong>Apache</strong> <strong>Accumulo</strong> is a highly scalable ... Google&#x27;s Bigtable.[2] It is a system built on top of <strong>Apache</strong> Hadoop, <strong>Apache</strong> ZooKeeper, and <strong>Apache</strong> Thrift. Written in Java, <strong>Accumulo</strong> has cell-level access labels and server-side programming mechanisms. According to DB-Engines ranking, <strong>Accumulo</strong> is the third most popular NoSQL wide column store behind <strong>Apache</strong> Cassandra and HBase and the 67th most popular database engine of ..."
Apache Accumulo,"""Big Data"" Apache Accumulo",https://github.com/oxnr/awesome-bigdata,"<strong>Apache</strong> <strong>Accumulo</strong> - distributed key/value store, built on Hadoop. <strong>Apache</strong> Cassandra - column-oriented distributed datastore, inspired by BigTable."
Apache Accumulo,"""Big Data"" Apache Accumulo",https://quabase.sei.cmu.edu/mediawiki/index.php/Accumulo,"A commercial version of <strong>Accumulo</strong> with extensions is available from sqrrl - http://sqrrl.com/product/<strong>accumulo</strong>/ - and we include some sqrrl features in the descriptions in this wiki · And here&#x27;s a graphical view, just to show it&#x27;s possible. This is a live image, so click on the elements to go ..."
Apache Accumulo,"""Big Data"" Apache Accumulo",https://davidregalado255.medium.com/the-ultimate-guide-to-the-open-source-apache-data-stack-29b4d88f3451,"These projects are widely adopted and battle-tested, making them essential for designing scalable, flexible, and future-proof solutions. Let me walk you through why these tools matter, using real-world examples and their potential applications."
Apache Accumulo,"""Big Data"" Apache Accumulo",https://www.nobleprog.com.uy/en/cc/accumulo,"<strong>Apache</strong> <strong>Accumulo</strong> is a sorted, distributed key/value store that provides robust, scalable <strong>data</strong> storage and retrieval. It is based on the design of Google&#x27;s BigTable and is powered by <strong>Apache</strong> Hadoop, <strong>Apache</strong> Zookeeper, and <strong>Apache</strong> Thrift."
Apache Accumulo,"""Big Data"" Apache Accumulo",https://www.gridmine.com/big-data,"<strong>Apache</strong> NiFi supports powerful and scalable directed graphs of <strong>data</strong> routing, transformation, and system mediation logic. ... Hadoop, Falcon, Atlas, Sqoop, Flume, Kafka, Pig, Hive, HBase, <strong>Accumulo</strong>, Storm, Solr, Spark, Ranger, Knox, Ambari, ZooKeeper, Oozie and the Hadoop elephant logo are trademarks ..."
Apache Accumulo,"""Big Data"" Apache Accumulo",https://en.wikipedia.org/wiki/List_of_Apache_Software_Foundation_projects,Avro: a <strong>data</strong> serialization system. ... Sandesha2: an Axis2 module implementing WS-RM. Bahir: extensions to distributed analytic platforms such as <strong>Apache</strong> Spark ... Bigtop: a project for the development of packaging and tests of the <strong>Apache</strong> Hadoop ecosystem.
Apache Accumulo,"""Big Data"" Apache Accumulo",https://arxiv.org/pdf/2005.02829,"Every Internet-connected country of the world is using <strong>Apache</strong> software. ASF · projects serve as the backbone for some of most widely used and visible appli- cations of the world such as <strong>Big</strong> <strong>Data</strong>, Deep Learning &amp; Artiﬁcial Intelligence,"
Apache Accumulo,"""Big Data"" Apache Accumulo",https://axiomine.wordpress.com/2013/05/17/accumulo-use-case-an-example/,The primary reason for selecting <strong>Accumulo</strong> over HBase or even Cassandra are the unique Security Features of <strong>Accumulo</strong>. HBase Security HBase security operates at the Schema Object level. Meaning you can secure access to Table or Column Family. Remember Column Family is simply a grouping of columns.
Apache Accumulo,"""Big Data"" Apache Accumulo",https://aplicaciones.campusbigdata.com/aplicacion/apache-accumulo/,"<strong>Apache</strong> <strong>Accumulo</strong>, es un sistema de clave distribuida, ordenada y altamente escalable basada en Bigtable de Google. Es un sistema construido sobre <strong>Apache</strong>"
Apache Accumulo,"""Big Data"" Apache Accumulo",https://www.nobleprog.com.bo/cc/accumulo,<strong>Apache</strong> <strong>Accumulo</strong>: Construcción de Altamente Escalable Aplicaciones <strong>Big</strong> <strong>Data</strong> <strong>Apache</strong> <strong>Accumulo</strong> es un almacén de claves / valores ordenados y distribuidos que proporciona almacenamiento y recuperación de datos robustos y escal...
Apache Accumulo,"""Big Data"" Apache Accumulo",https://www.0x90.it/installare-il-database-nosql-adatto-ai-big-data-apache-accumulo-su-ubuntu-14-04,Categorie: <strong>Accumulo</strong> | Android | Android TV Box | Anonimato | Antivirus | Antivirus rescue disk | <strong>Apache</strong> | App | Apple | Arduino | Bash | <strong>Big</strong> <strong>Data</strong> | Bot | Chat | Cloud | Crittografia | Custom Recovery | Database | Docker | Dropbox | Dual SIM | Eggdrop | Ethernet | Fai da te | Fail2ban | Firewall ...
Apache Accumulo,"""Big Data"" Apache Accumulo",https://hr.nobleprog.com/es/node/201184,"<strong>Apache</strong> <strong>Accumulo</strong> es un almacén de claves / valores ordenados y distribuidos que proporciona almacenamiento y recuperación de datos robustos y escalables. Está basado en el diseño de BigTable de Google y está impulsado por <strong>Apache</strong> Hadoop, <strong>Apache</strong> Zookeeper y <strong>Apache</strong> Thrift."
Apache Accumulo,"""Big Data"" Apache Accumulo",http://thematrixyprogramacion.blogspot.com/2017/12/instalacion-apache-accumulo-pseudo.html,"Una vez que tenemos la teoría lista procederemos a instalar este componente de <strong>Apache</strong>, que será nuestra primera Base NoSQL, para esto necesi..."
Hypertable,Большие данные Hypertable,https://blog.egrik.ru/2018/06/timescaledb-postgresql.html,"Использование расширения позволяет использовать всю мощь стандартного функционала PostgreSQL и положить рядом бизнес данные с данными временных рядов. С точки зрения пользователя в TimescaleDB вводится особый тип таблиц, которые называются гипертаблицами (hypertables), которые на самом деле являются абстракцией или виртуальным представлением множества отдельных таблиц, содержащие данные, которые называются чанками (chunks)."
Hypertable,Большие данные Hypertable,https://coderoad.ru/list/?page=1&sort=view&tag=hypertable,"nosql cassandra hbase hypertable ... Я создал гипертабличный water_meter для хранения данных датчика Он содержит следующие данные, упорядоченные по метке времени в порядке возрастания select * from water_meter order by time_stamp; Как..."
Hypertable,Большие данные Hypertable,https://www.linux.org.ru/news/opensource/2518483,"Hypertable - новая база ... <strong>предназначена для обслуживания задач по индексации веба, хорошо масштабируемая и ориентированная на большое число подключений</strong>..."
Hypertable,Большие данные Hypertable,https://www.tigerdata.com/docs/learn/hypertables/understand-hypertables,"Tiger Cloud supercharges your real-time analytics by letting you run complex queries continuously, with near-zero latency. Under the hood, this is achieved by using hypertables, PostgreSQL tables that automatically partition your time-series data by time and optionally by other dimensions."
Hypertable,Большие данные Hypertable,https://dbdb.io/db/hypertable,"Hypertable is <strong>an open source database modeled after Bigtable, Google&#x27;s massively scalable database</strong>. It goes real-time at Baidu. Hypertable runs on top of a distributed file system. It supports HDFS, MapR, Ceph, KFS, and local file storage."
Hypertable,Большие данные Hypertable,https://en.wikipedia.org/wiki/Hypertable,"Hypertable was <strong>an open-source software project to implement a database management system inspired by publications on the design of Google&#x27;s Bigtable</strong>. Hypertable runs on top of a distributed file system such as the Apache HDFS, GlusterFS or the CloudStore Kosmos File System (KFS)."
Hypertable,Большие данные Hypertable,https://www.tigerdata.com/docs/api/latest/hypertable/hypertable_detailed_size,"Get detailed information about disk space used by a hypertable or continuous aggregate, returning size information for the table itself, any indexes on the table, any toast tables, and the total size of all. All sizes are reported in bytes."
Hypertable,Большие данные Hypertable,https://www.tigerdata.com/docs/api/latest/hypertable/hypertable_size,"Get the total disk space used by a hypertable or continuous aggregate, that is, the sum of the size for the table itself including chunks, any indexes on the table, and any toast tables. The size is reported in bytes."
Hypertable,Большие данные Hypertable,https://www.tadviser.ru/index.php/%D0%A1%D1%82%D0%B0%D1%82%D1%8C%D1%8F:%D0%91%D0%BE%D0%BB%D1%8C%D1%88%D0%B8%D0%B5_%D0%B4%D0%B0%D0%BD%D0%BD%D1%8B%D0%B5_(Big_Data),"Из названия можно предположить, что термин `большие данные` относится просто к управлению и анализу больших объемов данных."
Hypertable,Большие данные Hypertable,https://buran.group/solutions/big_data_analysis/storage_processing/,"Возможность хранить большие объемы длительное время (5+ лет) Возможность работать с любыми данными, в том чисе неструктурированными · Пакетная обработка данных и обработка в реальном времени (RFID, Sensors, IoT) Возможность анализировать любые данные ..."
Hypertable,Большие данные Hypertable,https://cyberleninka.ru/article/n/bolshie-dannye-sovremennye-podhody-k-hraneniyu-i-obrabotke,Вы точно человек · Для продолжения работы вам необходимо ввести капчу · Пользовательское соглашение Политика конфиденциальности
Hypertable,Большие данные Hypertable,http://wp.wiki-wiki.ru/wp/index.php/BigTable,"Работа над BigTable была ... базы данных — масштабируемость и больший контроль над производительностью.[5] ... HBase — система написана на Java, добавляет функциональность, аналогичную BigTable, в ядро Hadoop.[6][7] Hypertable — система ..."
Hypertable,Большие данные Hypertable,https://www.purestorage.com/knowledge/big-data/big-data-vs-traditional-data.html,Learn the difference between big data and traditional data and the importance of developing a data storage strategy that manages both types of data.
Hypertable,Большие данные Hypertable,https://www.osp.ru/os/2012/07/13017639,"На платформе HCP построен специализированный программно-аппаратный комплекс Hitachi Clinical Repository, позволяющий консолидировать всю существующую медицинскую информацию на единой платформе: данные медицинских карт, историй болезни, результатов клинических исследований и информацию из других медицинских информационных систем."
Hypertable,Большие данные Hypertable,https://selectel.ru/blog/big-data-storage/,"На какие характеристики обращать внимание при выборе хранилища для больших данных? Рассказываем о современных технологиях хранения Big Data, доступных российскому ..."
Hypertable,Большие данные Hypertable,https://progi.pro/hypertable-t29300,"Есть ли способ оценить размер строки, если я знаю, какие данные я буду хранить (с учетом сжатия)? Я смотрю на что-то вроде bson_id | строка (макс. 200 символов) | int32 | int32 | int32 | bool | boo... ... Требование/использование памяти для MongoDB, Riak и HyperTable (или HBase) Я оценил большинство решений NoSQL, и кажется, что использование комбинации MongoDB, Riak и HyperTable (или HBase) - это путь."
Hypertable,Большие данные Hypertable,https://www.tigerdata.com/docs/learn/hypertables/creating-and-configuring-hypertables,"Create <strong>a</strong> <strong>hypertable</strong>, set chunk intervals, control default indexes, and migrate existing data"
Hypertable,Большие данные Hypertable,https://www.sap.com/central-asia-caucasus/products/data-cloud/datasphere/what-is-a-data-warehouse.html,"Хранилище <strong>данных</strong> — это цифровая система хранения, которая объединяет <strong>большие</strong> объемы <strong>данных</strong> из различных источников для поддержки бизнес-анализа, отчетности ..."
Hypertable,Большие данные Hypertable,https://dspace.www1.vlsu.ru/bitstream/123456789/9407/1/02292.pdf,Big Data = <strong>Большие</strong> <strong>данные</strong> : учеб. пособие / И.
Hypertable,Большие данные Hypertable,https://bigdataschool.ru/blog/greenplum-tables-and-data-types.html,"Модели хранения <strong>данных</strong> в Greenplum, отличия heap storage от append-optimized, колоночные и строковые таблицы, типы <strong>данных</strong> и MPP-архитектура"
Hypertable,Большие данные Hypertable,https://www.tigerdata.com/docs/api/latest/hypertable/hypertable_approximate_size,Get the approximate total disk space used by <strong>a</strong> <strong>hypertable</strong>
Hypertable,Большие данные Hypertable,https://www.tigerdata.com/docs/reference/timescaledb/informational-views/hypertables,Get metadata information about <strong>hypertables</strong>.
Hypertable,Большие данные Hypertable,https://www.tigerdata.com/docs/learn/hypertables/optimize-data-in-hypertables,"Create, alter, and drop <strong>a</strong> <strong>hypertable</strong>, and speed up data ingest with direct compress"
Hypertable,Большие данные Hypertable,https://habr.com/ru/companies/jugru/articles/568638/,"Если вы собираетесь построить или перестроить свое хранилище <strong>данных</strong>, то столкнетесь с внушительным списком технологий на рынке. Пробовать каждую из них в поисках ..."
Hypertable,Большие данные Hypertable,https://trends.rbc.ru/trends/innovation/5d6c020b9a7947a740fea65c,"Смартфоны предлагают нам загрузить все <strong>данные</strong> в облако, а <strong>большие</strong> компании вроде Google и «Яндекса» — воспользоваться своими экосистемами. Проще говоря, мы живем ..."
Hypertable,Большие данные Hypertable,https://learn.microsoft.com/ru-ru/power-bi/enterprise/service-premium-large-models,The large semantic model storage format allows semantic models in Power BI Premium to grow beyond 10 GB in size.
Hypertable,Большие данные Hypertable,https://vpsville.ru/blog/krupnye-hranilishcha-informacii/,We cannot provide <strong>a</strong> description for this page right now
Hypertable,Большие данные Hypertable,https://revealthedata.com/blog/all/table-reshape/,Часто <strong>данные</strong> хранятся в виде таблиц. Таблицы бывают «широкие» и «длинные»
Hypertable,Большие данные Hypertable,https://www.ultralytics.com/glossary/big-data,"Explore how Big Data powers AI. Learn to manage massive datasets for computer vision, train Ultralytics YOLO26, and leverage the Ultralytics Platform for scaling."
Hypertable,Большие данные Hypertable,https://seatable.com/help/,"Access SeaTable help: complete documentation, video tutorials, community forum, admin and developer manuals, API docs, and expert support available."
Hypertable,Большие данные Hypertable,https://selectel.ru/blog/what-is-big-data/,"Big Data — структурированные или неструктурированные массивы <strong>данных</strong>. Разбираем основные классификации, пользу и сложности при работе с <strong>большими</strong> <strong>данными</strong>"
Hypertable,Большие данные Hypertable,https://habr.com/ru/company/acronis/blog/218243/,"Что такое <strong>большие</strong> <strong>данные</strong>? Ответ на этот вопрос зависит от того, кому и когда он задан. Возьмем обычного пользователя: пятнадцать лет назад объём <strong>данных</strong> в среднем ..."
Hypertable,Большие данные Hypertable,https://www.tigerdata.com/docs/use-timescale/latest/hypertables,<strong>Hypertables</strong> are PostgreSQL tables with special features that power real-time analytics on time-series and event data
Hypertable,Большие данные Hypertable,https://www.tigerdata.com/docs/reference/timescaledb/hypertables,SQL commands and functions for creating and managing <strong>hypertables</strong> and chunks
Hypertable,Большие данные Hypertable,https://www.tigerdata.com/docs/use-timescale/latest/hypertables/hypertable-crud,"<strong>Hypertables</strong> are Postgres tables designed for real-time analytics. See how to create, alter, and drop <strong>a</strong> <strong>hypertable</strong>."
Hypertable,Большие данные Hypertable,https://code.google.com/archive/p/hypertable/wikis/ArchitecturalOverview.wiki,Archive · Skip to content · The Google Code Archive requires JavaScript to be enabled in your browser · Google · About Google · Privacy · Terms
Hypertable,Большие данные Hypertable,https://decidesoftware.com/hypertable/,"<strong>Hypertable</strong> is a high performance, open source, massively scalable database modeled after Bigtable, Google&#x27;s proprietary, massively scalable database. <strong>Hypertable</strong> was designed for the express purpose of solving the scalability problem, a problem that is not handled well by a traditional RDBMS."
Hypertable,Большие данные Hypertable,https://www.odbms.org/2009/01/hypertable/,"<strong>Hypertable</strong>: Modeled after Google’s Bigtable project, <strong>Hypertable</strong> is an open source software designed to manage the storage and processing of information on a large cluster of commodity servers, providing resilience to machine and component failures."
Hypertable,Большие данные Hypertable,https://www.osp.ru/os/2010/05/13003067,Многолетний застой в сфере СУБД сменился расцветом новых решений – под влиянием возрастающего интереса к информационным экосистемам и работающим с ними ...
Hypertable,Большие данные Hypertable,https://hypertable.app/,<strong>Hypertable</strong> · Min: — · Max: — · Avg: — · FPS: — · Drag and drop a CSV or JSON file
Hypertable,Большие данные Hypertable,"https://qconsf.com/sf2018/sf2010/sf2008/presentation/Hypertable+-+An+Open+Source,+High+Performance,+Scalable+Database.html","Time: Friday 09:15 - 10:15 · <strong>Hypertable</strong> is an open source, high performance, distributed database modeled after Google&#x27;s Bigtable. It differs from traditional database technology in that the design emphasis is on scalability on commodity hardware as opposed to transactions and the relational model."
Hypertable,Большие данные Hypertable,https://en.wikipedia.org/wiki/Bigtable,"Bigtable is a fully managed wide-column and key-value NoSQL database service for large analytical and operational workloads as part of the Google Cloud portfolio. Bigtable development began in 2004. It is now used by a number of Google applications, such as Google Analytics, web indexing, ..."
Hypertable,Большие данные Hypertable,https://www.ibm.com/developerworks/ru/library/ba-augment-data-warehouse1/index.html,"IBM Developer is your one-stop location for getting hands-on training and learning in-demand skills on relevant technologies such as generative AI, data science, AI, and open source."
Hypertable,Большие данные Hypertable,https://db-engines.com/en/system/Hypertable;Snowflake,DB-Engines is an initiative to collect and present information on relational and NoSQL database management systems (DBMS)
Hypertable,Большие данные Hypertable,https://www.itqlick.com/hypertable,"Discover, compare, and analyze 20,000+ business tools. Access transparent pricing data, unbiased reviews, and feature comparisons to find your perfect match."
Hypertable,Большие данные Hypertable,https://habr.com/en/company/acronis/blog/218243,"Что такое <strong>большие</strong> <strong>данные</strong>? Ответ на этот вопрос зависит от того, кому и когда он задан. Возьмем обычного пользователя: пятнадцать лет назад объём данных в среднем ..."
Hypertable,Большие данные Hypertable,https://aws.amazon.com/what-is/data-store/,"What is Data Store how and why businesses use Data Store, and how to use Data Store with AWS."
Hypertable,Большие данные Hypertable,https://aws.amazon.com/what-is/data-warehouse/,"What is a Data Warehouse how and why businesses use Data Warehouse, and how to use Data Warehouse with AWS."
Hypertable,Большие данные Hypertable,https://www.wikiwand.com/ru/articles/BigTable,"BigTable — проприетарная высокопроизводительная база данных, построенная на основе Google File System (GFS), Chubby Lock Service и некоторых других продуктах Go..."
Hypertable,Большие данные Hypertable,https://www.reddit.com/r/dataengineering/comments/1e2g341/why_cant_databases_scale_to_handle_big_data/,"46 votes, 62 comments. We have a 20TB dataset that we literally cannot load into Oracle or Tableau (via Oracle). The engineers built a spark cluster…"
Hypertable,"""Большие данные"" Hypertable",https://www.hiosis.com.tr/ru/blog/654/chtotakoebolshiedannye,"Big Data - это <strong>комплекс технологий и методологий для хранения, обработки, анализа этих данных и извлечения из них результатов</strong>. Большие данные предоставляют компаниям ..."
Hypertable,"""Большие данные"" Hypertable",https://bigdataschool.ru/blog/news/big-data-general/,"Большие Данные (Big Data) – <strong>определение, широко используемое айтишниками, статистиками и другими специалистами, работающими с данными</strong>."
Hypertable,"""Большие данные"" Hypertable",https://cloud.ru/blog/chto-takoye-big-data,"В этой статье поговорим про Big Data: расскажем о характеристиках, принципах и методах работы с большими данными в облаке."
Hypertable,"""Большие данные"" Hypertable",https://practicum.yandex.ru/blog/chto-takoe-big-data/,"В статье рассказываем, что такое Big Data простыми словами и в каких отраслях нужно их использование. Принципы сбора, хранения и обработки больших массивов данных."
Hypertable,"""Большие данные"" Hypertable",https://cms.by/blog/raznoe/gayd-po-rabote-s-bolshimi-dannymi/,"Большие данные — это <strong>объёмы информации, которые слишком веики, сложны или разнообразны для обработки традиционными методами</strong>."
Hypertable,"""Большие данные"" Hypertable",https://vc.ru/id1289865/642473-chto-takoe-bolshie-dannye-big-data,"Это не просто массив больших данных, это скорее процесс работы с этими данными, включающий в себя набор практик и инструментов по сбору, анализу, структурированию и управлению данными."
Hypertable,"""Большие данные"" Hypertable",https://ru.itpedia.nl/2017/08/29/big-data-soorten-kenmerken-en-voordelen/,"<strong>Большие</strong> <strong>данные</strong> Чтобы понять «<strong>большие</strong> <strong>данные</strong>», нам сначала нужно знать, что такое «<strong>данные</strong>». Оксфордский словарь определяет «<strong>данные</strong>» как «Количество знаков или ..."
Hypertable,"""Большие данные"" Hypertable",https://alphapedia.ru/w/Big_data,"Информационные активы, характеризующиеся таким <strong>большим</strong> объемом, скоростью и разнообразием, что требуют специальных технологий и аналитических методов для ..."
Hypertable,"""Большие данные"" Hypertable",https://habr.com/ru/companies/mws/articles/782226/,"За последние годы «<strong>большие</strong> <strong>данные</strong>» стали восприниматься более гибко и могут включать в себя объемы, которые ранее не рассматривались как «<strong>большие</strong>». При этом ..."
Hypertable,"""Большие данные"" Hypertable",https://ru.m.wikipedia.org/wiki/%D0%91%D0%BE%D0%BB%D1%8C%D1%88%D0%B8%D0%B5_%D0%B4%D0%B0%D0%BD%D0%BD%D1%8B%D0%B5,"Больши́е да́нные (англ. big data, [ˈbɪɡ ˈdeɪtə]) — обозначение структурированных и неструктурированных <strong>данных</strong> огромных объёмов и значительного многообразия, эффективно ..."
Hypertable,"""Большие данные"" Hypertable",https://www.o-code.ru/bigdata,"Универсальные платформы для анализа и управления <strong>большими</strong> <strong>данными</strong> в связке с искусственным интеллектом. Делаем терабайты информации удобными, доступными и ..."
Hypertable,"""Большие данные"" Hypertable",https://online.hse.ru/blog/statyi/lichnaja-jeffektivnost/chto-takoe-bolshie-dannye-big-data-i-kak-oni-ustroeny,"Что такое <strong>большие</strong> <strong>данные</strong> простыми словами, их характеристики. Как работает технология, примеры и сферы использования. Основы работы с Big Data: как их собирают, хранят ..."
Hypertable,"""Большие данные"" Hypertable",https://www.vtiger.com/ru/blog/what-is-big-data/,"Узнайте, что такое <strong>большие</strong> <strong>данные</strong>, как они работают, пять основных характеристик (5 V), примеры из реальной жизни и как компании используют их для принятия более ..."
Hypertable,"""Большие данные"" Hypertable",https://habr.com/ru/companies/acronis/articles/218243/,"Что такое <strong>большие</strong> <strong>данные</strong>? Ответ на этот вопрос зависит от того, кому и когда он задан. Возьмем обычного пользователя: пятнадцать лет назад объём <strong>данных</strong> в среднем ..."
Hypertable,"""Большие данные"" Hypertable",https://bigdataschool.ru/blog/news/big-data-general.html,"Термин «<strong>Большие</strong> <strong>данные</strong>» сейчас не обозначает что-то конкретное. Как правило, так принято определять целое направление инструментов и алгоритмов, предназначенных ..."
Hypertable,"""Большие данные"" Hypertable",https://bigdataschool.ru/wiki/%D0%B1%D0%BE%D0%BB%D1%8C%D1%88%D0%B8%D0%B5-%D0%B4%D0%B0%D0%BD%D0%BD%D1%8B%D0%B5,"<strong>Большие</strong> <strong>данные</strong> (Big Data) <strong>Большие</strong> <strong>данные</strong> - <strong>данные</strong> <strong>большого</strong> объема, высокой скорости накопления или изменения и/или разновариантные информационные активы,"
Hypertable,"""Большие данные"" Hypertable",https://www.rea.ru/structure/hs/fforsait/chto-takoe-bolshie-dannyie,Российский экономический университет им. Г.В. Плеханова является крупнейшей образовательной организацией
Hypertable,"""Большие данные"" Hypertable",https://thecode.media/hadoop/,"Мы собрали самые популярные решения для хранения — от самых простых до сложных. Когда вы придёте работать с биг-датой, то точно столкнётесь с чем-то из этого списка."
Hypertable,"""Большие данные"" Hypertable",https://blog.skillfactory.ru/chto-takoe-bolshie-dannye/,"Что такое Big Data простыми словами, где используются <strong>большие</strong> <strong>данные</strong> и как обрабатываются? Какие языки программирования надо знать для работы и аналитики <strong>больших</strong> ..."
Hypertable,"""Большие данные"" Hypertable",https://habr.com/ru/companies/mws/articles/834246/,"Немного контекста. <strong>Данные</strong> нужны везде — для понимания трендов и рисков, для улучшения клиентского опыта, для технической аналитики. Вместе с цифровизацией и ..."
Hypertable,Big Data Hypertable,https://hypertable.com/,Hypertable <strong>delivers scalable database capacity at maximum performance to speed up your big data application and reduce your hardware footprint</strong>.
Hypertable,Big Data Hypertable,https://hypertable.com/documentation/,"Hypertable is <strong>a high performance, open source, massively scalable database modeled after Bigtable, Google&#x27;s proprietary, massively scalable database</strong>."
Hypertable,Big Data Hypertable,https://hypertable.com/documentation/architecture/,"It provides a way to create massive ... Earth, Google Analytics, Google Maps, Gmail, Orkut, YouTube, and many more. Hypertable is <strong>a high performance, open source implementation of Bigtable</strong>...."
Hypertable,Big Data Hypertable,https://hypertable.com/why_hypertable,Hypertable is based on a design developed by Google to meet their scalability requirements and solves the scale problem better than any of the other NoSQL solutions out there. Many of the current scalable NoSQL database offerings are based on a hash table design which means that the data they manage is not kept physically ordered by any meaningful key.
Hypertable,Big Data Hypertable,https://hypertable.com/blog/,"In this in-house performance test, Hypertable demonstrates its power by easily loading 167 billion records into a 16-node test cluster, a test in which HBase failed, struggling with memory management. If you&#x27;re looking to take commercial advantage of the power of big data, then the Hypertable database platform is the right choice for you."
Hypertable,Big Data Hypertable,https://hypertable.com/download,Hypertable is <strong>an open source project based on published best practices and our own experience in solving large-scale data-intensive tasks</strong>. Our goal is nothing less than that Hypertable become the world&#x27;s most massively parallel high performance database platform.
Hypertable,Big Data Hypertable,https://hypertable.com/documentation/user_guide/,Hypertable is <strong>an open source project based on published best practices and our own experience in solving large-scale data-intensive tasks</strong>. Our goal is nothing less than that Hypertable become the world&#x27;s most massively parallel high performance database platform.
Hypertable,Big Data Hypertable,https://hypertable.com/documentation/installation/quick_start_standalone,Hypertable is <strong>an open source project based on published best practices and our own experience in solving large-scale data-intensive tasks</strong>. Our goal is nothing less than that Hypertable become the world&#x27;s most massively parallel high performance database platform.
Hypertable,Big Data Hypertable,https://hypertable.com/documentation/tools/,Hypertable is <strong>an open source project based on published best practices and our own experience in solving large-scale data-intensive tasks</strong>. Our goal is nothing less than that Hypertable become the world&#x27;s most massively parallel high performance database platform.
Hypertable,Big Data Hypertable,https://hypertable.com/blog/hypertable_unveils_new_website1,"In this in-house performance test, Hypertable demonstrates its power by easily loading 167 billion records into a 16-node test cluster, a test in which HBase failed, struggling with memory management. If you&#x27;re looking to take commercial advantage of the power of big data, then the Hypertable database platform is the right choice for you."
Hypertable,Big Data Hypertable,https://www.dremio.com/wiki/hypertable/,"Hypertable is <strong>an open-source technology structured for managing and analyzing vast amounts of data in a distributed manner</strong>. Inspired by Google&#x27;s BigTable, Hypertable provides a high-performance scalable solution for businesses dealing with big data."
Hypertable,Big Data Hypertable,http://hypertable.com/documentation/performance_guide/,Hypertable is <strong>an open source project based on published best practices and our own experience in solving large-scale data-intensive tasks</strong>. Our goal is nothing less than that Hypertable become the world&#x27;s most massively parallel high performance database platform.
Hypertable,Big Data Hypertable,https://hypertable.com/community/,Hypertable is <strong>an open source project based on published best practices and our own experience in solving large-scale data-intensive tasks</strong>. Our goal is nothing less than that Hypertable become the world&#x27;s most massively parallel high performance database platform.
Hypertable,Big Data Hypertable,https://hypertable.com/documentation/developer_guide/,Hypertable is <strong>an open source project based on published best practices and our own experience in solving large-scale data-intensive tasks</strong>. Our goal is nothing less than that Hypertable become the world&#x27;s most massively parallel high performance database platform.
Hypertable,Big Data Hypertable,https://hypertable.com/documentation/installation/,Hypertable is <strong>an open source project based on published best practices and our own experience in solving large-scale data-intensive tasks</strong>. Our goal is nothing less than that Hypertable become the world&#x27;s most massively parallel high performance database platform.
Hypertable,Big Data Hypertable,https://hypertable.com/documentation/developer_guide/nodejs,Hypertable is <strong>an open source project based on published best practices and our own experience in solving large-scale data-intensive tasks</strong>. Our goal is nothing less than that Hypertable become the world&#x27;s most massively parallel high performance database platform.
Hypertable,Big Data Hypertable,https://hypertable.com/documentation/faq/,Hypertable is <strong>an open source project based on published best practices and our own experience in solving large-scale data-intensive tasks</strong>. Our goal is nothing less than that Hypertable become the world&#x27;s most massively parallel high performance database platform.
Hypertable,Big Data Hypertable,https://hypertable.com/documentation/reference_manual/configuration_properties,Hypertable is <strong>an open source project based on published best practices and our own experience in solving large-scale data-intensive tasks</strong>. Our goal is nothing less than that Hypertable become the world&#x27;s most massively parallel high performance database platform.
Hypertable,Big Data Hypertable,https://hypertable.com/home,<strong>Hypertable</strong> is an open source project based on published best practices and our own experience in solving large-scale <strong>data</strong>-intensive tasks. Our goal is nothing less than that <strong>Hypertable</strong> become the world&#x27;s most massively parallel high performance database platform.
Hypertable,Big Data Hypertable,https://hypertable.com/documentation/reference_manual/thrift_api,<strong>Hypertable</strong> is an open source project based on published best practices and our own experience in solving large-scale <strong>data</strong>-intensive tasks. Our goal is nothing less than that <strong>Hypertable</strong> become the world&#x27;s most massively parallel high performance database platform.
Hypertable,Big Data Hypertable,https://hypertable.com/documentation/code_examples/,<strong>Hypertable</strong> is an open source project based on published best practices and our own experience in solving large-scale <strong>data</strong>-intensive tasks. Our goal is nothing less than that <strong>Hypertable</strong> become the world&#x27;s most massively parallel high performance database platform.
Hypertable,Big Data Hypertable,http://hypertable.com/documentation/reference_manual/,<strong>Hypertable</strong> is an open source project based on published best practices and our own experience in solving large-scale <strong>data</strong>-intensive tasks. Our goal is nothing less than that <strong>Hypertable</strong> become the world&#x27;s most massively parallel high performance database platform.
Hypertable,Big Data Hypertable,https://hypertable.com/documentation/administrator_guide/diagnostic_and_recovery,<strong>Hypertable</strong> is an open source project based on published best practices and our own experience in solving large-scale <strong>data</strong>-intensive tasks. Our goal is nothing less than that <strong>Hypertable</strong> become the world&#x27;s most massively parallel high performance database platform.
Hypertable,Big Data Hypertable,https://docs.timescale.com/use-timescale/latest/hypertables,<strong>Hypertables</strong> are PostgreSQL tables with special features that power real-time analytics on time-series and event <strong>data</strong>
Hypertable,Big Data Hypertable,https://medium.com/@nevilpatel05317/day-2-hypertables-in-timescaledb-the-secret-sauce-for-infinite-scalability-56282502c8dc,"Day 2: <strong>Hypertables</strong> in TimescaleDB: The Secret Sauce for Infinite Scalability Most developers fear partitioning because it adds complexity. With TimescaleDB, partitioning = automatic. A <strong>hypertable</strong> is …"
Hypertable,Big Data Hypertable,https://oneuptime.com/blog/post/2026-02-02-timescaledb-hypertables/view,-- List all <strong>hypertables</strong> SELECT ... chunk_name)::regclass)) AS chunk_size FROM timescaledb_information.chunks WHERE <strong>hypertable</strong>_name = &#x27;sensor_<strong>data</strong>&#x27; ORDER BY range_start DESC; One of the biggest advantages of <strong>hypertables</strong> is efficient <strong>data</strong> retention....
Hypertable,Big Data Hypertable,https://stackoverflow.com/questions/61659347/timescaledb-can-someone-explain-the-concept-of-hypertables,"The 10,000 foot view: A <strong>hypertable</strong> is an abstracted access layer to underlying tables holding slices of the overall timeseries <strong>data</strong>, which are called chunks."
Hypertable,Big Data Hypertable,https://hypertable.com/products_services/support_subscription,<strong>Hypertable</strong> is an open source project based on published best practices and our own experience in solving large-scale <strong>data</strong>-intensive tasks. Our goal is nothing less than that <strong>Hypertable</strong> become the world&#x27;s most massively parallel high performance database platform.
Hypertable,Big Data Hypertable,https://hypertable.com/documentation/administrator_guide/backing_up_and_restoring_tables,<strong>Hypertable</strong> is an open source project based on published best practices and our own experience in solving large-scale <strong>data</strong>-intensive tasks. Our goal is nothing less than that <strong>Hypertable</strong> become the world&#x27;s most massively parallel high performance database platform.
Hypertable,Big Data Hypertable,https://oneuptime.com/blog/post/2026-01-26-timescaledb-hypertables/view,"A practical guide to designing TimescaleDB <strong>hypertables</strong> for optimal performance, covering partitioning strategies, chunk sizing, indexing, and real-world schema patterns."
Hypertable,Big Data Hypertable,https://hypertable.com/blog/hypertable_inc._is_closing_its_doors,<strong>Hypertable</strong> is an open source project based on published best practices and our own experience in solving large-scale <strong>data</strong>-intensive tasks. Our goal is nothing less than that <strong>Hypertable</strong> become the world&#x27;s most massively parallel high performance database platform.
Hypertable,Big Data Hypertable,https://medium.com/iv%C3%A1n-de-prado-alonso/distributed-databases-bigtable-hbase-and-hypertable-9ed8fcd74878,"Instead, it is a <strong>big</strong> database with limited functionalities but with a <strong>big</strong> quality: It is scalable. Two Open Source projects are developing BigTable clones. HBase is a subproject of Hadoop, so it uses the HDFS as file system. It is entirely developed in Java. See some performance numbers here and here. The second one is <strong>Hypertable</strong>..."
Hypertable,Big Data Hypertable,https://docs.tigerdata.com/use-timescale/latest/hypertables/,<strong>Hypertables</strong> are Postgres tables with special features that power real-time analytics on time-series and event <strong>data</strong>
Hypertable,Big Data Hypertable,https://www.scribd.com/document/12021206/Hyper-Table,"<strong>Hypertable</strong> is an open source distributed database modeled after Google&#x27;s Bigtable. It is designed to scale to petabytes of <strong>data</strong> across clusters of commodity hardware. Unlike relational databases, <strong>Hypertable</strong> emphasizes scalability over transaction support and table joins."
Hypertable,Big Data Hypertable,https://schemahero.io/databases/timescale/hypertables,"To create a <strong>hypertable</strong>, you need to specify the <strong>hypertable</strong> field in the spec.tables section of the database."
Hypertable,Big Data Hypertable,https://dbt-timescaledb.debruyn.dev/usage/hypertables/,"If you&#x27;re looking to use dbt to configure your leverage pre-existing <strong>hypertables</strong>, check out the virtual <strong>hypertables</strong> guide. ... dbt will always recreate your entire model. This means that all existing <strong>data</strong> in your <strong>hypertables</strong> will be lost when you run them again."
Hypertable,Big Data Hypertable,http://www.hypertable.org/,<strong>Hypertable</strong> is an open source project based on published best practices and our own experience in solving large-scale <strong>data</strong>-intensive tasks. Our goal is nothing less than that <strong>Hypertable</strong> become the world&#x27;s most massively parallel high performance database platform.
Hypertable,Big Data Hypertable,https://hypertable.com/why_hypertable/hypertable_vs_hbase_2/,<strong>Hypertable</strong> is an open source project based on published best practices and our own experience in solving large-scale <strong>data</strong>-intensive tasks. Our goal is nothing less than that <strong>Hypertable</strong> become the world&#x27;s most massively parallel high performance database platform.
Hypertable,Big Data Hypertable,https://hypertable.com/community/roadmap/,<strong>Hypertable</strong> is an open source project based on published best practices and our own experience in solving large-scale <strong>data</strong>-intensive tasks. Our goal is nothing less than that <strong>Hypertable</strong> become the world&#x27;s most massively parallel high performance database platform.
Hypertable,Big Data Hypertable,https://hypertable.com/documentation/developer_guide/python,<strong>Hypertable</strong> is an open source project based on published best practices and our own experience in solving large-scale <strong>data</strong>-intensive tasks. Our goal is nothing less than that <strong>Hypertable</strong> become the world&#x27;s most massively parallel high performance database platform.
Hypertable,Big Data Hypertable,https://hypertable.com/blog/sehrchcom_a_structured_search_engine_powered_by_hypertable,<strong>Hypertable</strong> is an open source project based on published best practices and our own experience in solving large-scale <strong>data</strong>-intensive tasks. Our goal is nothing less than that <strong>Hypertable</strong> become the world&#x27;s most massively parallel high performance database platform.
Hypertable,Big Data Hypertable,https://hypertable.com/download/09811,<strong>Hypertable</strong> is an open source project based on published best practices and our own experience in solving large-scale <strong>data</strong>-intensive tasks. Our goal is nothing less than that <strong>Hypertable</strong> become the world&#x27;s most massively parallel high performance database platform.
Hypertable,Big Data Hypertable,https://glosarix.com/en/glossary/hypertable-en/,"Each partition can be stored on different nodes in a cluster, which not only improves <strong>data</strong> access speed but also allows for horizontal scalability. <strong>Hypertables</strong> are particularly useful in applications that require high performance in <strong>data</strong> reading and writing, such as <strong>big</strong> <strong>data</strong> analytics, real-time ..."
Hypertable,Big Data Hypertable,https://hypertable.com/documentation/installation/ganglia_monitoring,<strong>Hypertable</strong> is an open source project based on published best practices and our own experience in solving large-scale <strong>data</strong>-intensive tasks. Our goal is nothing less than that <strong>Hypertable</strong> become the world&#x27;s most massively parallel high performance database platform.
Hypertable,Big Data Hypertable,https://hypertable.com/documentation/developer_guide/cpp,<strong>Hypertable</strong> is an open source project based on published best practices and our own experience in solving large-scale <strong>data</strong>-intensive tasks. Our goal is nothing less than that <strong>Hypertable</strong> become the world&#x27;s most massively parallel high performance database platform.
Hypertable,Big Data Hypertable,http://hypertable.com/company/press_center/online_press_kit,<strong>Hypertable</strong> is an open source project based on published best practices and our own experience in solving large-scale <strong>data</strong>-intensive tasks. Our goal is nothing less than that <strong>Hypertable</strong> become the world&#x27;s most massively parallel high performance database platform.
Hypertable,Big Data Hypertable,https://hypertable.com/documentation/misc/,<strong>Hypertable</strong> is an open source project based on published best practices and our own experience in solving large-scale <strong>data</strong>-intensive tasks. Our goal is nothing less than that <strong>Hypertable</strong> become the world&#x27;s most massively parallel high performance database platform.
Hypertable,Big Data Hypertable,https://hypertable.com/documentation/installation/upgrade,<strong>Hypertable</strong> is an open source project based on published best practices and our own experience in solving large-scale <strong>data</strong>-intensive tasks. Our goal is nothing less than that <strong>Hypertable</strong> become the world&#x27;s most massively parallel high performance database platform.
Hypertable,Big Data Hypertable,http://www.hypertable.com/products_services/commercial_license,<strong>Hypertable</strong> is an open source project based on published best practices and our own experience in solving large-scale <strong>data</strong>-intensive tasks. Our goal is nothing less than that <strong>Hypertable</strong> become the world&#x27;s most massively parallel high performance database platform.
Hypertable,Big Data Hypertable,https://hypertable.com/community/contributors/,<strong>Hypertable</strong> is an open source project based on published best practices and our own experience in solving large-scale <strong>data</strong>-intensive tasks. Our goal is nothing less than that <strong>Hypertable</strong> become the world&#x27;s most massively parallel high performance database platform.
Hypertable,Big Data Hypertable,https://docs.timescale.com/use-timescale/latest/hypertables/about-hypertables/,<strong>Hypertables</strong> are PostgreSQL tables with special features that power real-time analytics on time-series and event <strong>data</strong>
Hypertable,Big Data Hypertable,https://hypertable.com/documentation/connectors/,<strong>Hypertable</strong> is an open source project based on published best practices and our own experience in solving large-scale <strong>data</strong>-intensive tasks. Our goal is nothing less than that <strong>Hypertable</strong> become the world&#x27;s most massively parallel high performance database platform.
Hypertable,Big Data Hypertable,https://hypertable.com/community/license/,<strong>Hypertable</strong> is an open source project based on published best practices and our own experience in solving large-scale <strong>data</strong>-intensive tasks. Our goal is nothing less than that <strong>Hypertable</strong> become the world&#x27;s most massively parallel high performance database platform.
Hypertable,Big Data Hypertable,https://www.slideshare.net/hypertable/database-architectures-and-hypertable,"20. www.<strong>hypertable</strong>.org Bigtable: ... on  Bigtable underpins 100+ GoogleBigtable underpins 100+ Google services, including:services, including: YouTube, Blogger, Google Earth, GoogleYouTube, Blogger, Google Earth, Google Maps, Orkut, Gmail, Google Analytics,Maps, Orkut, Gmail, Google Analytics, Google Book Search, Google Code,Google Book Search, Google Code, Crawl Database…Crawl Database…  ImplementationsImplementations  HypertableHypertable  ..."
Hypertable,"""Big Data"" Hypertable",https://hypertable.com/customers/,"<strong>Big</strong> <strong>Data</strong>. <strong>Big</strong> Performance® · 1799 Old Bayshore Highway, Suite 138 Burlingame CA 94010 tel +1 650.401.6038 fax +1 650.230.7176"
Hypertable,"""Big Data"" Hypertable",http://hypertable.com/partners,"<strong>Big</strong> <strong>Data</strong>. <strong>Big</strong> Performance® · 1799 Old Bayshore Highway, Suite 138 Burlingame CA 94010 tel +1 650.401.6038 fax +1 650.230.7176"
Hypertable,"""Big Data"" Hypertable",https://data.folio3.com/blog/big-data-architecture/,"Explore <strong>big</strong> <strong>data</strong> architecture fundamentals, components, patterns, and best practices to build scalable systems for real-time business insights."
Hypertable,"""Big Data"" Hypertable",https://hypertable.com.siteindices.com/,<strong>Hypertable</strong> is an open source project based on published best practices and our own experience in solving large-scale <strong>data</strong>-intensive tasks. Our goal is nothing less than that <strong>Hypertable</strong> become the world&#x27;s most massively parallel high performance database platform..
CouchDB,Большие данные CouchDB,https://hyperledger-fabric.readthedocs.io/ru/release-2.5/couchdb_tutorial.html,"Эта база данных <strong>позволяет моделировать данные реестра в формате JSON и спользовать расширенные запросы значений данных, вместо ключей</strong>. CouchDB также позволяет ..."
CouchDB,Большие данные CouchDB,https://hyperledger-fabric.readthedocs.io/ru/latest/couchdb_as_state_database.html,"Индексы в CouchDB повышают эффективность запросов в формате JSON, а также необходимы для любых запросов в формате JSON с сортировкой. Индексы позволяют запрашивать данные из чейнкода при наличии большого объема данных в реестре."
CouchDB,Большие данные CouchDB,https://cwr.osp.ru/articles/53072,"CouchDB является проектом Apache Foundation. Это нереляционная СУБД, хранящая данные в виде простых пар «ключ-значение». Информация храится в формате Javascript Object Notation (JSON), а опрашивать ее можно с помощью HTTP-запросов."
CouchDB,Большие данные CouchDB,https://eax.me/couchdb/,"Впрочем, в Couchbase есть ...сного – <strong>максимальный размер документа в CouchDB по умолчанию равен 64 Мб и может быть увеличен при помощи параметра max_document_size</strong>...."
CouchDB,Большие данные CouchDB,https://habr.com/ru/sandbox/12967/,"Зачем нужен CouchDB? Во-первых, эффективность разработки резко увеличивается — нет необходимости делать лишние телодвижения. Вспомните, сколько рутинной работы возникает, например, с Hibernate. Во-вторых, эта база данных может выдерживать очень большие нагрузки и содержать огромное количество данных."
CouchDB,Большие данные CouchDB,https://ru.stackoverflow.com/questions/523410/%D0%9A%D0%B0%D0%BA-%D0%B2%D1%8B%D0%B2%D0%B5%D1%81%D1%82%D0%B8-%D0%B2%D1%81%D0%B5-%D0%B4%D0%B0%D0%BD%D0%BD%D1%8B%D0%B5-%D0%B8%D0%B7-couchdb,"Если говорить о самом CouchDB, то в нем есть <strong>метод GET {db}/_all_docs, который возвращает все документы из базы</strong>."
CouchDB,Большие данные CouchDB,https://en.wikipedia.org/wiki/Apache_CouchDB,"Unlike a relational database, a CouchDB database does not store data and relationships in tables. Instead, each database is a collection of independent documents. Each document maintains its own data and self-contained schema. An application may access multiple databases, such as one stored ..."
CouchDB,Большие данные CouchDB,https://habr.com/ru/articles/123338/comments/,"Соответственно, все редкоменяющиеся и нерастущие сущности я храню в одной базе данных (разделяю из по type), а быстрорастущие — в отдельные базы данных, по одной на сущность. ... &gt; Используйте утилиты для просмотра текущих действий tail -f /var/log/couchdb/couch.log &gt; Бэкапы данных &gt; копировать файлы можно только при выключенном сервере CouchDB, иначе все ваши файлы БД будут побитыми В общем, это не совсем правда."
CouchDB,Большие данные CouchDB,https://marsala.md/chto-takoe-couchdb-i-dlya-chego-ispolizuetsya/dev/,"Что такое CouchDB? Это <strong>документно-ориентированная база данных, которая идеально подходит для сохранения больших массивов данных и быстрого доступа к ним</strong>."
CouchDB,Большие данные CouchDB,https://coderlessons.com/tutorials/bazy-dannykh/uchitsia-couchdb/couchdb-kratkoe-rukovodstvo,"В CouchDB, используя этот запрос GET, мы можем получить статические элементы, документы базы данных и конфигурацию, а также статистическую информацию в форме документов JSON (в большинстве ..."
CouchDB,Большие данные CouchDB,http://rus-linux.net/nlib.php?name=%2FMyLDP%2Fsubd%2Fcouchdb.html,"CouchDB - нереляционная база данных, основанная на запросах JSON, которая становится все более популярной. Она предлагает гибкость в хранении и выборке данных."
CouchDB,Большие данные CouchDB,https://lred.ru/webmasteru/4102-%D0%B7%D0%BD%D0%B0%D0%BA%D0%BE%D0%BC%D1%81%D1%82%D0%B2%D0%BE-%D1%81-couchdb,"CouchDB - это база данных, которая ориентируется на хранение данных в формате JSON, написанная на языке программирования Erlang."
CouchDB,Большие данные CouchDB,https://couchdb.apache.org/,"The Couch Replication Protocol lets your data flow seamlessly between server clusters to mobile phones and web browsers, enabling a compelling offline-first user-experience while maintaining high performance and strong reliability. CouchDB comes with a developer-friendly query language, and optionally MapReduce for simple, efficient, and comprehensive data retrieval."
CouchDB,Большие данные CouchDB,https://bs-solutions.by/apache-couchdb,"CouchDB можно рассматривать как сервер веб-приложений; для реализации этой идеи в CouchDB встроен производительный веб-сервер, а программный код, как и данные, сохраняется в той же базе данных."
CouchDB,Большие данные CouchDB,https://tagline.ru/database-management-systems/couchdb/,"Описание, обзор, функции и параметры в Каталоге Тэглайн"
CouchDB,Большие данные CouchDB,https://dic.academic.ru/dic.nsf/ruwiki/1351934,"Подобно иным документно-ориентированным СУБД (Mnesia, Lotus Notes, MongoDB), и в отличие от реляционных СУБД, CouchDB предназначена для работы с полу-структурированной информацией и имеет следующие особенности: данные сохраняются не в строках и колонках, а в виде JSON-подобных документов, моделью которых является не таблицы, а деревья;"
CouchDB,Большие данные CouchDB,https://kuroikaze85.wordpress.com/2010/02/17/node-js-couchdb/,"Готовый коннектор к CouchDB пока всего один. Но т.к. CouchDB отдаёт данные в JSON и общается по протоколу HTTP, работать с ней можно и совсем без коннекторов или написать свой."
CouchDB,Большие данные CouchDB,https://www.zmax.work/faster-apache-couchdb/,"В новой версии CouchDB также есть дополнительное сжатие файлов для баз данных и файлов индекса просмотра, при этом все операции с хранением проходят через мгновенный компрессор Google."
CouchDB,Большие данные CouchDB,https://market.cnews.ru/news/top/2022-05-27_couchdb_obzor_subd_bez_chetkoj,"CouchDB — документоориентированная, реализованная в соответствии с NoSQL подходом, система управления базами данных. Информация в таких типах баз данных хранится без четкой структуры и явных взаимосвязей между данными: вместо этого хранятся любые сведения — например, в виде текстовых документов, аудиофайлов или записи в сети."
CouchDB,Большие данные CouchDB,https://coderlessons.com/tutorials/bazy-dannykh/uchitsia-couchdb/couchdb-vvedenie,"В базе данных не будет частично сохраненных или отредактированных документов. { &quot;field&quot; : &quot;value&quot;, &quot;field&quot; : &quot;value&quot;, &quot;field&quot; : &quot;value&quot;, } CouchDB содержит свойства ACID как одну из своих функций."
CouchDB,Большие данные CouchDB,https://hyperledger-fabric.readthedocs.io/ru/release-2.5/couchdb_as_state_database.html,"При использовании <strong>CouchDB</strong> и моделировании <strong>данных</strong> в JSON, также можно развертывать индексы вместе с чейнкодом. Индексы повышают гибкость и эффективность запросов, позволяя обрабатывать <strong>большие</strong> ..."
CouchDB,Большие данные CouchDB,https://hyperledger-fabric.readthedocs.io/ru/latest/couchdb_tutorial.html,Для более глубокого понимания работы с базами <strong>данных</strong> <strong>CouchDB</strong> смотрите раздел База <strong>данных</strong> состояний на основе <strong>CouchDB</strong>. <strong>Больше</strong> информации о реестре Fabric приводится в ...
CouchDB,Большие данные CouchDB,https://habr.com/ru/articles/123338/,"Где-то год назад при разработке нашего проекта мы дошли до некой точки развития, когда или начинается кропотливая настройка и оптимизация MySQL-сервера, или ..."
CouchDB,Большие данные CouchDB,https://www.opennet.ru/prog/info/3704.shtml,<strong>CouchDB</strong> хранит <strong>данные</strong> в формате упорядоченного списка и позволяет производить частичную репликацию данных между несколькими БД в режиме «мастер-мастер» с однов...
CouchDB,Большие данные CouchDB,https://habr.com/ru/post/101251/,"В отличие от большинства альтернатив, <strong>CouchDB</strong> разрабатывался в первую очередь как база <strong>данных</strong> для нужд веб-приложений. Отсюда корни такого нетривиального решения ..."
CouchDB,Большие данные CouchDB,https://market.cnews.ru/news/top/2022-05-27_couchdb_obzor_subd_bez_chetkoj?p=homecnews,"<strong>CouchDB</strong> — документоориентированная, реализованная в соответствии с NoSQL подходом, система управления базами <strong>данных</strong>. Информация в таких типах баз <strong>данных</strong> хранится без ..."
CouchDB,Большие данные CouchDB,https://webmaster.md/what-is-couchdb-and-what-is-it-used-for/dev/,Discover <strong>CouchDB</strong> solutions ✈ for your next project! Our experts are ready to help. Call us today! ☎ +373 601 066 66. 20 years of experience! ⚡
CouchDB,Большие данные CouchDB,https://habr.com/ru/articles/141944/,"Хочу поделиться историей, как наш проект слёг на полтора часа, и опытом выяснения причин. В один прекрасный момент мы понимаем, что часть сайта грузится с ..."
CouchDB,Большие данные CouchDB,https://www.cnews.ru/book/Apache_CouchDB_-_%D0%B4%D0%BE%D0%BA%D1%83%D0%BC%D0%B5%D0%BD%D1%82%D0%BE-%D0%BE%D1%80%D0%B8%D0%B5%D0%BD%D1%82%D0%B8%D1%80%D0%BE%D0%B2%D0%B0%D0%BD%D0%BD%D0%B0%D1%8F_%D0%A1%D0%A3%D0%91%D0%94,Опубликовать/исправить описание системы — book@cnews.ru · Подобрать систему электронного документооборота СЭД (ECM)
CouchDB,Большие данные CouchDB,https://habr.com/ru/articles/323334/,"В какой-то промежуток времени мне пришлось работать с одной из документоориентированных СУБД — Apache <strong>CouchDB</strong>, но у меня возникли трудности с поиском документации."
CouchDB,Большие данные CouchDB,https://russianblogs.com/article/9676455537/,"Документно-ориентированная база данных <strong>CouchDB</strong>, Русские Блоги, лучший сайт для обмена техническими статьями программиста."
CouchDB,Большие данные CouchDB,https://ddpa.ru/p/apache-couchdb,"Apache <strong>CouchDB</strong> — документная NoSQL БД с HTTP/JSON API, офлайн‑первой репликацией и кластеризацией для надёжного хранения и синхронизации <strong>данных</strong> в распределённых системах."
CouchDB,Большие данные CouchDB,https://habr.com/ru/companies/vdsina/articles/522672/,"Большинство таких баз <strong>данных</strong> активно склоняется к стилю NoSQL, из-за чего обычно используют решения на основе Mongo, о которых лучше забыть. Однако для меня это означает комфорт работы с <strong>CouchDB</strong>..."
CouchDB,Большие данные CouchDB,https://support.google.com/workspacemigrate/answer/9380687/?hl=ru,"Теперь вам нужно настроить базы <strong>данных</strong> MySQL и <strong>CouchDB</strong>. Примечание. Инструмент Google Workspace Migrate совместим с <strong>CouchDB</strong> на основе HTTPS, но не поддерживает дайджест-аутентификацию."
CouchDB,Большие данные CouchDB,https://en.wikipedia.org/wiki/Couchbase_Server,"On February 8, 2011, the Membase project founders and Membase, Inc. announced a merger with CouchOne (a company with many of the principal players behind <strong>CouchDB</strong>) with an associated project merger. The merged company was called Couchbase, Inc. In January 2012, Couchbase released Couchbase Server ..."
CouchDB,Большие данные CouchDB,https://www.8host.com/blog/ustanovka-couchdb-na-vydelennyj-server-centos-6-x64/,"Вступление <strong>CouchDB</strong> - это база <strong>данных</strong> NoSQL, разработанная Apache Software Foundation, которая использует JSON для документов, JavaScript для запросов MapReduce и обычный HTTP для API."
CouchDB,Большие данные CouchDB,https://anton.shevchuk.name/php/couchdb-for-developers/,"Решил на досуге в рабочее время поковырять <strong>CouchDB</strong>, если NoSQL вам в новинку, то эта статейка для вас окажется полезной. Установку <strong>CouchDB</strong> описывать не буду, собственно его ..."
CouchDB,Большие данные CouchDB,https://agaltsovav.ru/docs/architecture/database/,"База данных — это организованная коллекция данных, которая может быть легко доступна, управляема и обновляема"
CouchDB,Большие данные CouchDB,https://www.8host.com/blog/nastrojka-couchdb-i-elasticsearch-na-servere-ubuntu-13-10/,"Что такое <strong>CouchDB</strong>? <strong>CouchDB</strong> – это база <strong>данных</strong> NoSQL, которая хранит <strong>данные</strong> как документы json. Эта очень простая в использовании СУБД предоставляет гибкую модель <strong>данных</strong>."
CouchDB,Большие данные CouchDB,https://highload.guide/blog/NoSQL-quick-facts.html,"Обычно проблем не ... базу <strong>данных</strong>, а дальше уже начинаются нюансы. Типичные представители – MongoDB, <strong>CouchDB</strong>, ElasticSearch и др. ... Их сильная сторона в способности хранить <strong>большое</strong> ..."
CouchDB,Большие данные CouchDB,https://www.tadviser.ru/index.php/%D0%9F%D1%80%D0%BE%D0%B4%D1%83%D0%BA%D1%82:Apache_CouchDB,"BigCouch — разновидность ... базе <strong>данных</strong> высокую доступность, отказоустойчивость и поддержку кластеров (распределённость а произвольном числе серверов). Среди основных изменений в Apache <strong>CouchDB</strong> 2.0: встроенная поддержка кластеров для масштабирования <strong>больших</strong> <strong>данных</strong> ..."
CouchDB,Большие данные CouchDB,https://opennet.ru/52463-couchdb,"Состоялся релиз распределённой документоориентированной базы <strong>данных</strong> Apache <strong>CouchDB</strong> 3.0, относящейся к классу NoSQL-систем. Исходные тексты проекта распространяются под ..."
CouchDB,Большие данные CouchDB,https://ib-bank.ru/bisjournal/news/5959,"Очередную уязвимую базу <strong>данных</strong> обнаружил исследователь Крис Викери. В базе <strong>CouchDB</strong> содержалась информация о безопасности объектов, принадлежащих Управлению ..."
CouchDB,Большие данные CouchDB,https://guide.couchdb.org/index.html,The contents of this guide are out of date. All relevant info has been updated and integrated into the official <strong>CouchDB</strong> documentation. This page now only exists for archival and historic purposes · Three of <strong>CouchDB</strong>’s creators show you how to use this document-oriented database as a standalone ...
CouchDB,Большие данные CouchDB,https://ruseller.com/lessons.php?rub=28&id=1197,"В этом уроке мы ... с <strong>CouchDB</strong>. Я уверен, что эта тема будет для большинства из вас нова и сложна. Но мне кажется, что в некоторых случаях, нужно отойти от традиционной работы с базами <strong>данных</strong> и ..."
CouchDB,Большие данные CouchDB,https://ru.bmstu.wiki/index.php?mobileaction=toggle_view_mobile&redirect=no&title=Apache_CouchDB,"Встроенная ... <strong>CouchDB</strong> без JavaScript или MapReduce. Доступ к БД производится при помощи протокола HTTP с использованием RESTful JSON API, что позволяет обращаться к <strong>данным</strong> в том ..."
CouchDB,Большие данные CouchDB,http://python.su/forum/topic/9408/,Они есть Вот например http://wiki.apache.org/<strong>couchdb</strong>/Frequently_asked_questions#How_do_I_use_transactions_with_<strong>CouchDB</strong>.3F ... zheromo OMG :) Ты снова одел <strong>большие</strong> розовые очки и выдаешь желаемое за действительное?
CouchDB,Большие данные CouchDB,http://qaru.site/questions/5039008/retrieving-data-from-couchdb,"Я новичок в <strong>couchDB</strong>, но имею хороший опыт работы с реляционными базами <strong>данных</strong>. Может ли кто-нибудь сказать, как подключиться к базе <strong>данных</strong> <strong>couchDB</strong> и получить <strong>данные</strong>, ..."
CouchDB,Большие данные CouchDB,https://coderlessons.com/articles/veb-razrabotka-articles/nachalo-raboty-s-couchdb,"С <strong>CouchDB</strong> вы можете легко справляться со спросом, легко добавляя <strong>больше</strong> узлов репликации. <strong>CouchDB</strong> позволяет вам копировать базу <strong>данных</strong> на ваш клиент, а с помощью фильтров ..."
CouchDB,Большие данные CouchDB,https://andreyex.ru/tag/couchdb/,"Apache <strong>CouchDB</strong> — это популярная база <strong>данных</strong> с открытым исходным кодом, которая используется как документно-ориентированная база <strong>данных</strong> NoSQL. Как и большинство других ..."
CouchDB,Большие данные CouchDB,https://stackoverrun.com/ru/q/1978254,"Люди MongoDB, однако, ... с <strong>CouchDB</strong> here. Есть также еще несколько независимых мнений (1, 2). Вы также должны учитывать качество доступных драйверов баз <strong>данных</strong> для вашей среды. По моему опыту, драйвер Java MongoDB довольно стабилен, но мне кажется, что он по-прежнему несет <strong>больше</strong> накладных ..."
CouchDB,Большие данные CouchDB,https://faultserver.ru/questions/tagged/couchdb,"Как указано выше, ... <strong>CouchDB</strong> 0.11.0… ... Наше клиентское программное обеспечение в настоящее время отправляет <strong>большие</strong> объемы XML на нашу базу <strong>данных</strong> SQL Server, ..."
CouchDB,Большие данные CouchDB,https://uralbash.ru/articles/2011/couchdb/,<strong>Данные</strong> <strong>в</strong> <strong>CouchDB</strong> обрабатываются в формате JSON.
CouchDB,Большие данные CouchDB,https://msdn.microsoft.com/ru-ru/magazine/mt147240.aspx,"Существует множество продуктов, которые уже предоставляют RESTful-интерфейс MapReduce (Hadoop, Infinispan, Riak, <strong>CouchDB</strong>, MongoDB и др.), но, как показывают наши исследования, они довольно ..."
CouchDB,Большие данные CouchDB,https://learn.microsoft.com/ru-ru/archive/msdn-magazine/2011/november/data-points-what-the-heck-are-document-databases,"Им обобщенно ... SQL для доступа к своим <strong>данным</strong>. В статье «Addressing the NoSQL Criticism» (bit.ly/rkphh0) Брэдли Холт (Bradley Holt), эксперт по <strong>CouchDB</strong>, упоминает, что он слышал, ..."
CouchDB,Большие данные CouchDB,https://amp.ru.google-info.cn/2269563/1/couchdb.html,"облачную среду. NoSQL базы <strong>данных</strong> - это такие базы, как Apache Cassandra, <strong>CouchDB</strong> и MongoDB. NoSQL базы <strong>данных</strong> были созданы, чтобы выдерживать <strong>большую</strong> нагрузку"
CouchDB,Большие данные CouchDB,https://googiehost.com/ru/%D0%91%D0%BB%D0%BE%D0%B3/%D0%BB%D1%83%D1%87%D1%88%D0%B8%D0%B9-%D1%85%D0%BE%D1%81%D1%82%D0%B8%D0%BD%D0%B3-CouchDB/,"GoogieHost ❤ Offer 100% Unlimited Free Web Hosting with cPanel, Php 8, MySQL, FTP, No Ads, Unlimited NVMe SSD, Bandwidth, 22,70,082+ Hosted Free Domain Websites"
CouchDB,Большие данные CouchDB,https://www.ibm.com/docs/ru/db2/11.1?topic=sources-configuring-rest-service-access-couchdb-data,"To configure <strong>a</strong> federated server to access <strong>CouchDB</strong> data sources through Rest Service wrapper, you must provide the federated server with information about the data sources and objects that you want to access."
CouchDB,Большие данные CouchDB,http://berisam.ru/public/1056648/,"Расширение позволяет хранить (восстанавливать) историю <strong>данных</strong> прикладных объектов (справочников, документов, движений регистров по документам)."
CouchDB,Большие данные CouchDB,https://habr.com/ru/articles/135801/,"Примечание. Этот пост в блоге Дэмиена Каца, создателя <strong>CouchDB</strong>, вызвал широкий резонанс. В конце <strong>данного</strong> топика опубликован ответ одного из многочисленных оппонентов ..."
CouchDB,"""Большие данные"" CouchDB",https://www.computerra.ru/180794/bolshie-dannyie-dlya-bolshoy-nauki/,"Всеведущий словарь Merriam-Webster определяет big data, Большие Данные как an accumulation of data that is too large and complex for processing by traditional database management tools и относит их первое появление к 1980 году."
CouchDB,"""Большие данные"" CouchDB",https://www.hse.ru/edu/courses/1048821902,Big Data and Machine Learning (M.Sc. level) is an advanced elective course designed for masters students at ICEF. The course is open to all second year M.Sc. students. Knowledge of the Python programming language is strongly advised but not required. Students without Python knowledge will be…
CouchDB,"""Большие данные"" CouchDB",https://vc.ru/dev/1197256-rabota-s-bolshimi-dannymi-tehnologii-i-metody-obrabotki-i-analiza,"Существует множество инструментов, которые помогают анализировать <strong>большие</strong> <strong>данные</strong>."
CouchDB,Big Data CouchDB,https://news.apache.org/foundation/entry/apache_couchdb_adds_clustering_and,"At ApacheCon Europe 2014, the Apache CouchDB™ project today announced a Developer Preview release of its CouchDB 2.0 document database. The Developer Preview release brings all-new clustering technology to the Open Source NoSQL database, enabling a range of big data capabilities that include being able to store, replicate, sync, and process large amounts of data distributed across individual servers, data centers, and geographical regions in any deployment configuration, including private, hybrid, and multi-cloud."
CouchDB,Big Data CouchDB,https://www.okoone.com/technologies/data/couchdb/,This open-source database system ... and its ability to execute MapReduce functions for parallel processing of large datasets make CouchDB an appealing choice for web development and big data applications....
CouchDB,Big Data CouchDB,https://www.tutorialspoint.com/couchdb/couchdb_introduction.htm,"It uses JSON, to store data (documents), java script as its query language to transform the documents, http protocol for api to access the documents, query the indices with the web browser. It is a multi master application released in 2005 and it became an apache project in 2008. CouchDB have an HTTP-based REST API, which helps to communicate with the database easily."
CouchDB,Big Data CouchDB,https://moldstud.com/articles/p-scaling-up-strategies-for-handling-large-datasets-in-couchdb,"With this exponential growth in ... efficiently. CouchDB, a popular NoSQL database, is <strong>known for its scalability and flexibility in handling large amounts of data</strong>...."
CouchDB,Big Data CouchDB,https://medium.com/@glynn_bird/couchdb-and-the-data-warehouse-506b8ce81674,"Let’s take the example of an online shop that uses CouchDB to store its transactions. At the birth of the business its sales database is empty, but as time progresses and as the business becomes more successful, the database grows to a healthy size — perhaps hundreds of thousands or millions or documents."
CouchDB,Big Data CouchDB,https://stackoverflow.com/questions/29525168/is-couchdb-just-not-the-right-tool-for-large-datasets,"I&#x27;m looking into couchDB. If i understand correctly, you can&#x27;t just send a &quot;query&quot; to couchDB and do a partial update. For example this document called &quot;users&quot; (simplified for clarity): { allu..."
CouchDB,Big Data CouchDB,https://en.wikipedia.org/wiki/BigCouch,"<strong>BigCouch is an open-source, highly available, fault-tolerant, clustered &amp; API-compliant version of Apache CouchDB</strong>, which was maintained by Cloudant. On January 5, 2012, Cloudant announced they would contribute the BigCouch horizontal scaling framework into the CouchDB project."
CouchDB,Big Data CouchDB,https://axeltra.com/technologies/couchdb/,The ability to handle large datasets with MapReduce queries positions CouchDB as <strong>a suitable platform for big data applications and analytics</strong>.
CouchDB,Big Data CouchDB,https://www.tutorialspoint.com/couchdb/index.htm,"This tutorial provides a brief knowledge about CouchDB, the procedures to set it up, and the ways to interact with CouchDB server using cURL and Futon. It also tells how to create, update and delete databases and documents. This tutorial helps the professionals aspiring to make a career in Big Data ..."
CouchDB,Big Data CouchDB,https://taylorandfrancis.com/knowledge/Engineering_and_technology/Computer_science/CouchDB/,CouchDB is <strong>a database management system that uses a document-oriented data model to store and manage data</strong>. It also offers concurrency through optimistic concurrency and allows for the creation of secondary indexes.From: Advanced Digital Image ...
CouchDB,Big Data CouchDB,https://guide.couchdb.org/draft/why.html,"While a traditional relational database requires you to model your data up front, CouchDB’s schema-free design unburdens you with a powerful way to aggregate your data after the fact, just like we do with real-world documents. We’ll look in depth at how to design applications with this underlying storage paradigm. CouchDB is a storage system useful on its own. You can build many applications with the tools CouchDB gives you. But CouchDB is designed with a bigger picture in mind."
CouchDB,Big Data CouchDB,https://www.devopsschool.com/blog/what-is-couchdb/,"Unlike a relational database, a CouchDB database does not store data and relationships in tables. Instead, each database is a collection of independent documents. Each document maintains its own data and self-contained schema. An application may access multiple databases, such as one stored on a user’s mobile phone and another on a server."
CouchDB,Big Data CouchDB,https://docs.couchdb.org/en/stable/intro/why.html,"While a traditional relational database requires you to model your data up front, CouchDB’s schema-free design unburdens you with a powerful way to aggregate your data after the fact, just like we do with real-world documents. We’ll look in depth at how to design applications with this underlying storage paradigm. CouchDB is a storage system useful on its own. You can build many applications with the tools CouchDB gives you. But CouchDB is designed with a bigger picture in mind."
CouchDB,Big Data CouchDB,https://guide.couchdb.org/editions/1/en/performance.html,You can run the benchmarks yourself by changing to the bench/ directory of CouchDB’s trunk and running ./runner.sh while CouchDB is running on port 5984. Bulk inserts are the best way to have seekless writes. Random IDs force seeking after the file is bigger than can be cached. Random IDs also make for a bigger file because in a large database you’ll rarely have multiple documents in one B-tree leaf.
CouchDB,Big Data CouchDB,https://guide.couchdb.org/,"Three of CouchDB’s creators show ... With its simple model for storing, processing, and accessing data, CouchDB is <strong>ideal for web applications that handle huge amounts of loosely structured data</strong>...."
CouchDB,Big Data CouchDB,https://medium.com/@chirapathleo.saelim/the-story-of-the-couchdb-mass-storage-system-in-english-6b3a33b401ff,"The story of the CouchDB mass storage system in English Database: <strong>A database system for storing large amounts of data</strong>. Before understanding the system, CouchDB must understand databases, because …"
CouchDB,Big Data CouchDB,https://stackoverflow.com/questions/6570664/can-couchdb-handle-15-million-records-daily,"CouchDB&#x27;s incremental map/reduce is ideal for your requirements. As a developer, you will love it! Unfortunately as a sysadmin, you may notice more disk usage and i/o than expected. I suggest to try it. Being HTTP and Javascript, it&#x27;s easy to do a feasibility test. Just remember, the initial view build will take a long time (let&#x27;s assume for argument it takes longer than every other competing database)."
CouchDB,Big Data CouchDB,https://dl.acm.org/doi/fullHtml/10.1145/3481646.3481648,"This database is also ideal for Big Data gathered from social networks since it can also be used as a graph-based database [39]. Another document-based database named CouchDB has also been <strong>used for storing Big Data that is collected from smartphones and other mobile devices</strong>, being quite efficient ..."
CouchDB,Big Data CouchDB,https://aprenderbigdata.com/couchdb/,"▷ Aprende qué es <strong>CouchDB</strong> en esta guía de introducción para <strong>big</strong> <strong>data</strong>, en la que repasaremos sus claves, arquitectura y alternativas"
CouchDB,Big Data CouchDB,https://softteco.com/blog/couchbase-vs-couchdb-comparison,Couchbase vs <strong>CouchDB</strong>: learn the similarities and differences between the two prominent NoSQL databases.
CouchDB,Big Data CouchDB,https://searchdatamanagement.techtarget.com/definition/CouchDB,"NoSQL databases are adaptable, scalable and dynamic. Discover their main types, pros and cons, and understand how they differ from conventional SQL systems."
CouchDB,Big Data CouchDB,https://www.infoq.com/articles/apache-couchdb-the-definitive-introduction/,"Both companies published notable ... known as “NoSQL“ or “BigData” Databases”, including, but not limited to: Riak, Cassandra and HBase. At the same time, but, at first, without being influenced by the above developments, <strong>CouchDB</strong> was started as an Open Source and ..."
CouchDB,Big Data CouchDB,https://stlplaces.com/blog/how-to-create-a-big-number-of-documents-in-couchdb,"When <strong>CouchDB</strong> receives the POST request, it will attempt to create all the documents in the array in a single transaction. If any of the document creation operations fail, <strong>CouchDB</strong> will not commit any of the changes, ensuring the integrity of your <strong>data</strong>."
CouchDB,Big Data CouchDB,https://www.capterra.com/p/210370/Apache-CouchDB/,"With the help of Capterra, learn about Apache <strong>CouchDB</strong> Software - reviews, pricing plans, popular comparisons to other <strong>Big</strong> <strong>Data</strong> products and more."
CouchDB,Big Data CouchDB,https://neighbourhood.ie/blog/2025/08/27/what-is-couchdb-part-1-introduction,"Here we see <strong>CouchDB</strong>’s fundamental ... user <strong>data</strong> safe. Regardless of the connection state. To hint at how much better this gets, it’s probably useful to point out here that “Couch” is a backronym for “cluster of unreliable commodity hardware”. <strong>CouchDB</strong> expects things to fail, not just the network! If you haven’t already visited, the <strong>CouchDB</strong> landing page will greet you with the words: Seamless multi-primary sync, that scales from <strong>big</strong> <strong>data</strong> to mobile, ..."
CouchDB,Big Data CouchDB,https://www.ionos.com/digitalguide/hosting/technical-matters/couchdb-introduction/,"With the intuitive database solution <strong>CouchDB</strong>, the management of <strong>data</strong> sets becomes child’s play. What is it exactly that distinguishes this software?"
CouchDB,Big Data CouchDB,https://www.geeksforgeeks.org/dbms/difference-between-couchdb-and-relational-database/,"Your All-in-One Learning Portal. It contains well written, well thought and well explained computer science and programming articles, quizzes and practice/competitive programming/company interview Questions."
CouchDB,Big Data CouchDB,https://www.ibm.com/think/topics/couchdb,"Apache <strong>CouchDB</strong> is an open source, NoSQL document database that gives businesses the flexibility to create durable, reliable and scalable infrastructure."
CouchDB,Big Data CouchDB,https://www.theknowledgeacademy.com/blog/couchbase-vs-couchdb/,"Turn into a <strong>data</strong>-driven decision-maker with our <strong>Big</strong> <strong>Data</strong> and Analytics Training – book your spot now! <strong>CouchDB</strong>, also known as Couchbase Server, is a versatile, open-source NoSQL database system that is document-oriented and crafted in Erlang. It manages <strong>data</strong> storage, transfer, and processing ..."
CouchDB,Big Data CouchDB,https://dbdb.io/db/couchdb,"In September 2016, <strong>CouchDB</strong> published ... done in the BigCouch project, and it was merged into the 2.0.0 version of <strong>CouchDB</strong>. The latest version of <strong>CouchDB</strong> is 2.3.0 in December 2018. ... In <strong>CouchDB</strong>, any changes to a document simply appends a new record to the database file, it is always ..."
CouchDB,Big Data CouchDB,https://projects.apache.org/project.html?couchdb=,"This site relies heavily on JavaScript. Please enable it or get a browser that supports it · Managed by the Apache Community Development Project. Copyright© the Apache Software Foundation. Licensed under the Apache License, Version 2.0 Apache® and the Apache logo are trademarks of The Apache ..."
CouchDB,Big Data CouchDB,https://docs.couchdb.org/en/stable/maintenance/performance.html,"The smaller your file size, the less I/O operations there will be, the more of the file can be cached by <strong>CouchDB</strong> and the operating system, the quicker it is to replicate, backup etc. Consequently you should carefully examine the <strong>data</strong> you are storing. For example it would be silly to use keys ..."
CouchDB,Big Data CouchDB,https://www.trustradius.com/products/apache-couchdb/reviews?qs=product-usage,"Apache <strong>CouchDB</strong> is an HTTP + JSON document database with Map Reduce views and bi-directional replication. The Couch Replication Protocol is implemented in a variety of projects and products that span computing environments from globally distributed server-clusters, over mobile phones…Read more · Login with LinkedIn to see your networkLogin with LinkedIn ... Currently, we use <strong>CouchDB</strong> in various projects throughout our <strong>Big</strong> ..."
CouchDB,Big Data CouchDB,https://docs.couchdb.org/en/stable/intro/overview.html,"The <strong>CouchDB</strong> document update model is lockless and optimistic. Document edits are made by client applications loading documents, applying changes, and saving them back to the database. If another client editing the same document saves their changes first, the client gets an edit conflict error ..."
CouchDB,Big Data CouchDB,https://guide.couchdb.org/editions/1/en/why.html,"While a traditional relational ... your <strong>data</strong> after the fact, just like we do with real-world documents. We’ll look in depth at how to design applications with this underlying storage paradigm. <strong>CouchDB</strong> is a storage system useful on its own. You can build many applications with the tools <strong>CouchDB</strong> gives you. But <strong>CouchDB</strong> is designed with a bigger picture ..."
CouchDB,Big Data CouchDB,https://curatepartners.com/tech-skills-tools-platforms/harnessing-the-power-of-couchdb-distributed-nosql-for-modern-applications/,"Explore how <strong>CouchDB</strong>&#x27;s distributed, schema-flexible NoSQL architecture enhances <strong>data</strong> management for modern applications. Learn how Curate Consulting Services can help you find specialized talent to implement <strong>CouchDB</strong> effectively."
CouchDB,Big Data CouchDB,https://www.couchbase.com/,"Discover how Couchbase, the Operational <strong>Data</strong> Platform Company, can turn your <strong>data</strong> into your next breakthrough."
CouchDB,Big Data CouchDB,https://docs.couchdb.org/en/stable/intro/index.html,"<strong>CouchDB</strong> is a database that completely embraces the web. Store your <strong>data</strong> with JSON documents. Access your documents with your web browser, via HTTP. Query, combine, and transform your documents with JavaScript. <strong>CouchDB</strong> works well with modern web and mobile apps."
CouchDB,Big Data CouchDB,http://www.ijrat.org/downloads/Vol-6/may-2018/paper%20ID-652018110.pdf,"This is known as „<strong>Big</strong> <strong>Data</strong>‟. <strong>When</strong> <strong>data</strong> · and number of requests increases, structure database cannot handle huge <strong>data</strong> and requests efficiently. One of the best · consequence to overcome these obstacles is to transfer datacenters on NoSQL document oriented databases. In document · oriented databases, the <strong>CouchDB</strong> ..."
CouchDB,Big Data CouchDB,https://www.opensourceforu.com/2016/09/apache-couchdb-can-now-scale-big-data-mobile/,"Adjacent to the new <strong>CouchDB</strong> announcement, The Apache Foundation Kudu 1.0 as its columnar storage engine."
CouchDB,Big Data CouchDB,https://www.couchbase.com/products/big-data,"<strong>Big</strong> <strong>data</strong> is not a single product or component: it’s an umbrella of technologies. The best <strong>big</strong> <strong>data</strong> solutions need scalable, high-performance databases."
CouchDB,Big Data CouchDB,https://www.analytixlabs.co.in/blog/big-data-analytics-tools/,"When speaking of <strong>big</strong> <strong>data</strong>, it is generally viewed in the light of its functionality, which comprises of: ... The databases based on MPP are Teradata, IBM Netezza, Oracle Exadata, SAP HANA, EMC Greenplum. ... The No-SQL databases are MongoDB, Cassandra, Oracle No-SQL, <strong>CouchDB</strong>, Amazon DynamoDB, ..."
CouchDB,Big Data CouchDB,https://speakerdeck.com/bradleyholt/from-big-data-to-mobile-data-with-apache-couchdb-and-pouchdb-at-apache-big-data,"It’s all too easy for mobile app developers to assume that their apps will run on fast and reliable networks. The reality for end users, though, is ofte…"
CouchDB,Big Data CouchDB,https://www.site24x7.com/learn/couchdb-performance-monitoring.html,"Web applications <strong>CouchDB</strong> is a good choice for web applications that deal with large amounts of <strong>data</strong>, or must scale horizontally. Real-time applications <strong>CouchDB</strong>’s efficient replication protocol makes it a great fit for building real-time, collaborative applications. <strong>Big</strong> <strong>data</strong> <strong>CouchDB</strong> can be ..."
CouchDB,Big Data CouchDB,https://github.com/big-data-europe/README/wiki/CouchDB,General README for the <strong>Big</strong> <strong>Data</strong> Europe project&#x27;s sources - <strong>CouchDB</strong> · <strong>big</strong>-<strong>data</strong>-europe/README Wiki
CouchDB,Big Data CouchDB,https://www.trustradius.com/reviews/couchdb-2017-03-30-22-58-23,"User Review of <strong>CouchDB</strong>: &#x27;It&#x27;s being used as a document store for a social media analytics system, dumping thousands of updates an hour into a map/reduce system that generates reports and feeds into other task-specific databases. It&#x27;s a more flexible alternative to relational databases like ..."
CouchDB,Big Data CouchDB,https://stackoverflow.com/questions/32084273/using-couchbase-for-large-data-sets,I am evaluating NoSQL databases for my project. Below are the requirements. We will have huge datasets of around 600 GB distributed across different nodes in a cluster. We need around 1k read opera...
CouchDB,Big Data CouchDB,https://guide.couchdb.org/draft/performance.html,"We think simpler <strong>data</strong> and access patterns can make a <strong>big</strong> difference in the cacheability and scalability of your app, but we’ll get to that later. The upshot: real benchmarks require real-world load. Simulating load is hard. Erlang tends to perform better under load (especially on multiple cores), so we’ve often seen test rigs that can’t drive <strong>CouchDB</strong> ..."
CouchDB,Big Data CouchDB,https://pbicorp.wordpress.com/tag/couchdb/,"While I haven’t had the chance to play with real <strong>big</strong> <strong>data</strong>, I believe it is not a matter of either or."
CouchDB,Big Data CouchDB,https://www.reddit.com/r/CouchDB/comments/1hjee9v/how_is_couchdb_in_2024/,"I mean mongodb, postgres(mysql, ... lead to use <strong>couchdb</strong>? Share ... It quietly does its job, without any corporation running a hype/FUD SEO mill on its behalf. ... I use it to handle millions of documents in a <strong>data</strong> extraction workflow (think LLM like) for <strong>big</strong> <strong>data</strong>..."
CouchDB,Big Data CouchDB,https://artifacthub.io/packages/helm/couchdb/couchdb,"A database featuring seamless multi-master sync, that scales from <strong>big</strong> <strong>data</strong> to mobile, with an intuitive HTTP/JSON API and designed for reliability."
CouchDB,Big Data CouchDB,https://www.numberanalytics.com/blog/ultimate-guide-couchbase-big-data-analytics,"A Comprehensive Guide to Couchbase in <strong>Big</strong> <strong>Data</strong> Analytics and its Applications · Sarah Lee AI generated Llama-4-Maverick-17B-128E-Instruct-FP8 5 min read · June 10, 2025 ... Couchbase is a NoSQL database management system designed to handle large amounts of distributed <strong>data</strong> across many commodity servers with minimal latency. It was first released in 2011 by Couchbase, Inc., a company founded by the co-founders of Membase and <strong>CouchDB</strong>..."
CouchDB,Big Data CouchDB,https://www.oreateai.com/blog/diving-into-couchdb-a-gentle-introduction-to-a-webnative-nosql-database/a6762aae5bb92d00394b5e9505ffaadf,One of the things that really sets <strong>CouchDB</strong> apart is its approach to handling <strong>data</strong> updates. It uses something called Multiversion Concurrency Control (MVCC). What this means in plain English is that it doesn&#x27;t lock up the entire database when someone is writing or reading <strong>data</strong>. This is a <strong>big</strong> deal ...
CouchDB,Big Data CouchDB,https://developer.couchbase.com/what-is-couchbase/,"Couchbase shares some things in common with other NoSQL databases, but Couchbase also has a variety of features and services that most NoSQL competitors can&#x27;t match. These include a memory-first, shared-nothing architecture (built-in caching), full SQL capabilities, offline-first mobile capabilities, and more. Is Couchbase just a commercial version of <strong>CouchDB</strong>..."
CouchDB,Big Data CouchDB,https://stackoverflow.com/questions/62371095/fetch-big-binary-data-from-couchdb-using-c-sharp,I use <strong>CouchDB</strong> as Content server to store images and large video files the problem is when i retrieve these files it represented as document response and it needs to deserialize to get the binary fi...
CouchDB,Big Data CouchDB,https://docs.couchdb.org/en/latest/intro/overview.html,"The <strong>CouchDB</strong> document update model is lockless and optimistic. Document edits are made by client applications loading documents, applying changes, and saving them back to the database. If another client editing the same document saves their changes first, the client gets an edit conflict error ..."
CouchDB,Big Data CouchDB,https://news.ycombinator.com/item?id=17115649,"Map/reduce views (&quot;secondary indexes&quot;) are currently built by serializing JSON down a pipe to an external process called couchjs that links against a seven year old version of Mozilla Spidermonkey (1.8.5, released on March 31st 2011, and the only version it currently works with)."
CouchDB,Big Data CouchDB,https://www.xenonstack.com/managed-services/apache-couchdb/,"Apache <strong>CouchDB</strong> Managed Services for deployment, Security with 24X7 Support Services for <strong>CouchDB</strong> and Integrated Migration Solutions"
CouchDB,"""Big Data"" CouchDB",https://moldstud.com/articles/p-couchdb-architecture-guide-for-developers,"No more single points of failure, just distributed databases keeping everything in sync 🔄. Question: How does sharding work in CouchDB? Answer: Sharding in CouchDB involves splitting the documents into multiple partitions called shards, which helps distribute the data across multiple nodes for scalability."
CouchDB,"""Big Data"" CouchDB",https://sourceforge.net/software/product/Apache-CouchDB/,"Application Developers searching for a NoSQL Database solution that scales from <strong>Big</strong> <strong>Data</strong> to Mobile, with an Intuitive HTTP/JSON API · Apache <strong>CouchDB</strong>™ lets you access your <strong>data</strong> where you need it."
CouchDB,"""Big Data"" CouchDB",https://thecustomizewindows.com/2019/03/what-ae-the-use-cases-for-couchdb/,<strong>Data</strong> can be ported from Cloudant to <strong>CouchDB</strong>. WordPress &amp; PHP : Different AdSense Units on Mobile Devices · Here is How To Serve Different AdSense Units on Mobile Devices on WordPress With PHP. WordPress Has Function Which Can Be Used In Free Way. Join/Merge Multiple Log Files For <strong>Big</strong> <strong>Data</strong> Analysis
CouchDB,"""Big Data"" CouchDB",https://www.ionos.com/digitalguide/server/know-how/couchbase-alternatives/,"If you are looking for an alternative to Couchbase, there are many options out there. We’ll show you the five best SQL and NoSQL solutions."
CouchDB,"""Big Data"" CouchDB",https://www.oodlestechnologies.com/blogs/couchdb:-learn-and-understand-database-design-with-couchdb/,"So, <strong>CouchDB</strong> is something which is more conceptually related to the document-oriented thing. It is quite different as compared to Oracle, SQL and MySQL kind of concepts. So, <strong>CouchDB</strong> is purely based on one thing like if you are aware of <strong>big</strong> <strong>data</strong> and many more things, you can easily get a better idea."
CouchDB,"""Big Data"" CouchDB",https://www.slideshare.net/slideshow/couch-db-70570598/70570598,"Strengths of <strong>CouchDB</strong> in database replication, including synchronization and master-master replication.View ... Pig Tutorial | Apache Pig Tutorial | What Is Pig In Hadoop? | Apache Pig Arch... ... Hadoop Interview Questions And Answers Part-2 | <strong>Big</strong> <strong>Data</strong> Interview Questions ..."
CouchDB,"""Big Data"" CouchDB",https://www.facebook.com/groups/555240637858753/posts/1314294848619991/,We cannot provide a description for this page right now
CouchDB,"""Big Data"" CouchDB",https://connect.ed-diamond.com/GNU-Linux-Magazine/glmf-117/couchdb-la-base-de-donnees-qui-change-tout,"« Schema-free database », « key-value store », « document oriented »... Les étiquettes ne manquent pas pour essayer de définir <strong>CouchDB</strong>, un des projets les plus prometteurs de la fondation Apache. Bien qu&#x27;étant toujours en version alpha, ce logiciel fait beaucoup de buzz."
Couchbase,Большие данные Couchbase,https://eax.me/couchbase/,Квоту по памяти я указал 3011 Мб из 3764 Мб доступных. <strong>Couchbase не позволяет использовать больше 80% от всей памяти в системе</strong>. Далее нам предложат создать тестовые наборы ...
Couchbase,Большие данные Couchbase,https://habr.com/ru/companies/cit/articles/257393/,"База данных Couchbase — документная распределённая NoSQL-база данных, обеспечивающая высокую производительность за счёт записи данных в первую очередь в оперативную память и уже потом (eventual persistence) на дисковое хранилище."
Couchbase,Большие данные Couchbase,https://jazzteam.ru/news/couchbase-news/,"Couchbase — это распределенная документоориентированная база данных NoSQL с открытым исходным кодом, предназначенная для обеспечения управления данными с низкой задержкой для больших веб-приложений, мобильных, IoT приложений."
Couchbase,Большие данные Couchbase,https://acdev.ru/couchbase/,"Системы рекомендаций в реальном времени: Благодаря быстрой записи и чтению данных, Couchbase идеально подходит для систем рекомендаций, где важна способность обрабатывать большой поток данных о поведении пользователей в реальном времени."
Couchbase,Большие данные Couchbase,https://habr.com/ru/post/436762/,"Доступность данных в режиме «чтение» обеспечивается во всех ЦОДах (A-A). Горизонтальное масштабирование · Одной из важных характеристик большинства NoSQL БД является горизонтальное масштабирование (рис. 3). Основным отличием Couchbase является поддержка многомерного масштабирования, когда мы в кластере можем наращивать по производительности только нужную службу."
Couchbase,Большие данные Couchbase,https://learn.microsoft.com/ru-ru/azure/data-factory/connector-couchbase,"Узнайте, как копировать данные из Couchbase в поддерживаемые в качестве приемника хранилища данных с помощью действия копирования в конвейере Фабрики данных Azure или Synapse Analytics."
Couchbase,Большие данные Couchbase,https://www.zmax.work/couchbase-server-2-0/,"Каждый документ JSON может иметь разную структуру записи, и несколько документов с разными структурами могут храниться в одном и том же сегменте данных Couchbase."
Couchbase,Большие данные Couchbase,https://lenta.ru/articles/2023/11/27/chto-takoe-big-data/,"NoSQL-базы данных, такие как Apache Cassandra, MongoDB и Couchbase, предоставляют масштабируемые и гибкие решения для хранения и обработки неструктурированных данных, что особенно важно для Big Data-приложений."
Couchbase,Большие данные Couchbase,https://jazzteam.ru/technical-articles/couchbase/,"This article is created to familiarize you with Couchbase ‒ a non-relational database, its architecture, data structure, and indexes that allow increasing the speed of executing queries to the database. Couchbase is an open-source distributed document-oriented NoSQL database designed to ensure low-latency data management for large web, mobile, IoT applications."
Couchbase,Большие данные Couchbase,https://mivocloud.com/ru/blog/Couchbase-Vysokoproizvoditelnoe-reshenie-dlya-dinamicheskogo-upravleniya-dannymi,"Ключ-значение хранилище: Высокая производительность Couchbase достигается благодаря использованию ключ-значение хранилища, что обеспечивает быстрый доступ к данным."
Couchbase,Большие данные Couchbase,https://coderlessons.com/articles/bazy-dannykh-articles/vse-chto-vam-nuzhno-znat-ob-arkhitekture-couchbase,"Couchbase currently doesn’t support bulk modification based on a condition matching. Modification happens only in a per document basis. (client will save the modified document one at a time). Подобно многим базам данных NOSQL, модель транзакций Couchbase ..."
Couchbase,Большие данные Couchbase,https://habr.com/ru/articles/193942/,"/** * Создаем описание нашего view */ $designedDocument = array( &#x27;language&#x27; =&gt; &#x27;javascript&#x27;, &#x27;views&#x27; =&gt;array( &#x27;login&#x27; =&gt; array( &#x27;map&#x27; =&gt; &#x27;function (doc, meta) {if (meta.type == &quot;json&quot; &amp;&amp; doc.login) {var userid = meta.id.split(&quot;::&quot;); emit(doc.login, parseInt(userid[1]));}}&#x27; ) ), ); /** * Вызываем сохранение данного дизайн документа в базу данных */ $couchbase-&gt;setDesignDoc(&#x27;userFields&#x27;, json_encode($designedDocument)); Если сразу после выполнения данного кода, мы зайдем в панель управления Couchbase то увидим (на больших объема) справа вверху прогресс создания индекса."
Couchbase,Большие данные Couchbase,https://soware.ru/products/couchbase-server,"Продукт предлагает гибкую платформу для работы с данными, сочетая возможности документоориентированной базы данных и кэширования, что позволяет оптимизировать производительность и упростить разработку современных приложений. Система Couchbase Server ориентирована на разработчиков и архитекторов программного обеспечения, которые занимаются созданием высоконагруженных приложений, требующих низкого времени отклика и высокой доступности данных."
Couchbase,Большие данные Couchbase,https://habr.com/ru/articles/436762/,Доступность <strong>данных</strong> в режиме «чтение» обеспечивается во всех ЦОДах (<strong>A</strong>-<strong>A</strong>). Горизонтальное масштабирование · Одной из важных характеристик большинства NoSQL БД является горизонтальное масштабирование (рис. 3). Основным отличием <strong>Couchbase</strong> ...
Couchbase,Большие данные Couchbase,https://coderlessons.com/articles/devops-articles/couchbase-101-ustanovit-khranit-i-zaprashivat-dannye,"В этом посте я просто ... работу с <strong>Couchbase</strong>, а также объяснить, как «запрашивать» <strong>данные</strong>. Основные шаги этого урока: ... Я постараюсь опубликовать <strong>больше</strong> статей, если ..."
Couchbase,Большие данные Couchbase,https://ktulhu41.no.fvds.ru/db/nosql/obzor-couchbase-umnaya-i-effektivnaya-nosql-baza-dannyh,"<strong>Couchbase</strong> Server может масштабировать каждую из своих служб независимо, чтобы сделать их более эффективными. Служба запросов может получить <strong>больше</strong> ресурсов ЦП, служба индексирования может использовать твердотельные накопители, а служба <strong>данных</strong> ..."
Couchbase,Большие данные Couchbase,https://coderlessons.com/articles/devops-articles/sql-dlia-nosql-skopiruite-vashi-dannye-iz-mysql-v-couchbase-2,"Это хороший первый ... набором <strong>данных</strong> <strong>в</strong> <strong>Couchbase</strong>, но, вероятно, это не последняя модель, которую вы хотите использовать для своего приложения; <strong>Большую</strong> часть ..."
Couchbase,Большие данные Couchbase,https://elibrary.ru/item.asp?id=47655452,"Ошибка в параметрах страницы, или недостаточно прав для открытия страницы, или закончилась текущая сессия. Уточните запрос или перейдите на главную страницу сайта"
Couchbase,Большие данные Couchbase,https://hub.docker.com/_/couchbase,<strong>Couchbase</strong> Server is a NoSQL document database with a distributed architecture.
Couchbase,Большие данные Couchbase,https://www.gartner.com/reviews/product/couchbase-1665595172,"Explore 255 in-depth <strong>Couchbase</strong> reviews and insights from real users verified by Gartner, and choose your business software with confidence."
Couchbase,Большие данные Couchbase,https://advertisingforum.ru/blog/big-data-v-marketinge-kak-rabotat-s-bolshimi-massivami-dannyh/,"Узнайте, что такое технология Big Data простыми словами и как обрабатывать <strong>большие</strong> <strong>данные</strong> и применять их на практике."
Couchbase,Большие данные Couchbase,https://azure.microsoft.com/ru-ru/resources/cloud-computing-dictionary/what-are-databases,"Нереляционные базы ... к <strong>большим</strong> наборам распределенных <strong>данных</strong>, обновлять их и анализировать. Примеры нереляционных баз <strong>данных</strong>: MongoDB, Azure Cosmos DB, DocumentDB, Cassandra, <strong>Couchbase</strong>, HBase, Redis ..."
Couchbase,Большие данные Couchbase,https://habr.com/ru/company/oleg-bunin/blog/528346/,"Дмитрий Калугин-Балашов <strong>большую</strong> часть своей жизни писал поиск: с 2011 года в компании Mail.ru был поиск по почте, затем был небольшой перерыв из-за работы в США, а сейчас ..."
Couchbase,Большие данные Couchbase,https://www.couchbase.com/why-couchbase/,"Bring your data to life with <strong>Couchbase</strong>, the only operational data platform for AI."
Couchbase,Большие данные Couchbase,https://learn.microsoft.com/ru-ru/azure/cosmos-db/nosql/couchbase-cosmos-migration,Пошаговое руководство по миграции из <strong>CouchBase</strong> в Azure Cosmos DB для NoSQL
Couchbase,Большие данные Couchbase,https://docs.couchbase.com/home/index.html,"<strong>Couchbase</strong> is the modern database for enterprise applications · <strong>Couchbase</strong> is a distributed document database with a powerful search engine and in-built operational and analytical capabilities. It brings the power of NoSQL to the edge and provides fast, efficient bidirectional synchronization ..."
Couchbase,Большие данные Couchbase,https://www.ionos.com/digitalguide/server/know-how/couchbase/,"<strong>Couchbase</strong> is a NoSQL database with in-memory cache. We explain the key features, advantages and disadvantages, as well as typical use cases."
Couchbase,Большие данные Couchbase,https://www.getapp.com/it-management-software/a/couchbase-server/,"Interested in <strong>Couchbase</strong> Server? Read GetApp&#x27;s full overview to help inform your software purchase, which includes pricing options, features, integrations, and recent user reviews in 2026."
Couchbase,Большие данные Couchbase,https://www.computerworld.ru/news/Dlya-dokumentnyh-baz-dannyh-sozdan-N1QL--yazyk-zaprosov-podobnyy-SQL,"DM2019 Цифровая ... <strong>Большие</strong> <strong>данные</strong> Облачные сервисы Все темы · ИТ-индустрия – новости, обзоры, аналитика, продукты и услуги ... Форум «Роботизация бизнес-процессов 2021» (RPA - 2021), 24 июня ... Как утверждают в <strong>Couchbase</strong>, в ..."
Couchbase,Большие данные Couchbase,https://russianblogs.com/article/538889156/,● Redis поддерживает операции с <strong>данными</strong> на стороне сервера По сравнению с <strong>Couchbase</strong> Redis имеет <strong>больше</strong> структур <strong>данных</strong> и поддерживает более богатые операции с <strong>данными</strong>.
Couchbase,Большие данные Couchbase,https://habr.com/ru/company/cit/blog/257393/,"Код консольного ... и в <strong>большей</strong> степени предназначен для демонстрации и тестирования взаимодействия. Это небольшое приложение на Java, работающее с локальной базой <strong>данных</strong> <strong>Couchbase</strong> Lite опять ..."
Couchbase,Большие данные Couchbase,https://www.couchbase.com/products/server/,"<strong>Couchbase</strong> Server combines NoSQL versatility with the ease of SQL++ to deliver performance at any enterprise scale, anywhere. Find key capabilities here!"
Couchbase,Большие данные Couchbase,https://webcatalog.io/en/apps/couchbase,"<strong>Couchbase</strong> is a comprehensive NoSQL database solution designed to support a wide range of applications, particularly those requiring mobile and IoT capabilities. It offers a flexible, schemaless JSON document database that allows for easy data modeling and scalability."
Couchbase,Большие данные Couchbase,https://coderlessons.com/articles/bazy-dannykh-articles/nachalo-raboty-s-couchbase-s-pomoshchiu-docker,"<strong>Couchbase</strong> Server 4.0 был недавно выпущен и может быть загружен и легко установлен. Начало работы с <strong>Couchbase</strong> объясняет в очень простых и простых шагах,"
Couchbase,Большие данные Couchbase,https://invest-idei.ru/idea/ipo-base-oblachnaya-baza-dannykh-nosql-3955,"Компания <strong>Couchbase</strong> Inc, на основе <strong>данных</strong> IDC, оценивает свой потенциальный рынок NoSQL в $42,9 млрд в 2020 году с прогнозируемым ростом до $62,2 млрд к 2024 году."
Couchbase,Большие данные Couchbase,https://russianblogs.com/article/7943118710/,"Распределенное хранилище в <strong>Couchbase</strong>, Русские Блоги, лучший сайт для обмена техническими статьями программиста."
Couchbase,Большие данные Couchbase,https://bindata.ru/article/1121,"Они позволяют ... <strong>большие</strong> объемы информации, а также обеспечивают высокую масштабируемость и гибкость. Среди наиболее популярных NoSQL баз <strong>данных</strong> можно выделить MongoDB, Cassandra, <strong>Couchbase</strong> и ..."
Couchbase,Большие данные Couchbase,https://www.dp.ru/a/2019/10/20/Dzharvis_na_pomoshh,Сегодня мы все без исключения окружены <strong>большими</strong> <strong>данными</strong> (big data). Их наступление на повседневную...
Couchbase,Большие данные Couchbase,https://stackoverflow.com/questions/20994381/why-couchbase-document-size-is-just-2-5kb,"The default documents size allowed is just 2.5KB what is the reason for that? I found answer how to increase it, are normally documents are less than 2.5KB?"
Couchbase,Большие данные Couchbase,https://javascopes.com/spring-data-couchbase-b7e8251c/,Быстрый и практичный переход к использованию Spring Data <strong>Couchbase</strong> для взаимодействия с сервером базы <strong>данных</strong> <strong>Couchbase</strong>.
Couchbase,Большие данные Couchbase,https://habr.com/ru/companies/oleg-bunin/articles/528346/,"Дмитрий Калугин-Балашов <strong>большую</strong> часть своей жизни писал поиск: с 2011 года в компании Mail.ru был поиск по почте, затем был небольшой перерыв из-за работы в США, а сейчас ..."
Couchbase,Большие данные Couchbase,https://progi.pro/couchbase-t8072,"Иногда мне прихо... даже <strong>больше</strong>, и я думаю, что является преимуществом/недостатком во всех отношениях? Я подумал о двух способах этого, и я с удоволь... ... Как установить срок действия для <strong>CouchBase</strong> с использованием couchnode · Я храню <strong>данные</strong> <strong>в</strong> <strong>CouchBase</strong> ..."
Couchbase,Большие данные Couchbase,https://habr.com/ru/post/436762/comments/,"Опять же <strong>большой</strong> риск получить перекос <strong>данных</strong>. Опять же от разработчика требуется усложнить приложения. Под каждую задачу надо рассматривать индивидуальное решение. Основной плюс использования In-Memory, это быстрый доступ к <strong>данным</strong>. <strong>В</strong> <strong>Couchbase</strong> ..."
Couchbase,Большие данные Couchbase,https://www.highload.ru/moscow/2019/abstracts/5808,Расскажу про внутреннее устройство полнотекстового поиска в <strong>Couchbase</strong> Server с точностью до байта.- Архитектура полнотекстового поиска и почему она именно такая?- Как ...
Couchbase,Большие данные Couchbase,https://www.slideshare.net/AlexeyRusnak/couchbase-17424819,"<strong>Couchbase</strong>, что за зверь и на что способен. - Download as a PDF or view online for free"
Couchbase,Big Data Couchbase,https://www.couchbase.com/blog/big-data-fast-data-gap/,"Couchbase Server is the <strong>enterprise NoSQL database</strong>. It is designed to derive value from a combination of volume and velocity (and variety). It is a box. At the end of the conveyor belt, items are added to boxes."
Couchbase,Big Data Couchbase,https://www.couchbase.com/press-releases/couchbase-delivers-real-time-big-data-solutions-to-the-enterprise/,"Couchbase Server 3.0.2 integration with Hortonworks Data Platform 2.2, via distributed messaging with Apache Kafka and stream processing via Apache Storm, provides a powerful new big data architecture that make it enables streaming real time data to be leveraged for new business and operational opportunities."
Couchbase,Big Data Couchbase,https://www.couchbase.com/blog/tag/big-data/,"Big Data Apache Hadoop the big data platform. It was designed to derive value from volume. It can store and process a lot of data at rest, big data. It was designed for analytics. It was not designed for velocity.... Shane Johnson, Director, Product Marketing, Couchbase"
Couchbase,Big Data Couchbase,https://www.couchbase.com/resources/concepts/what-is-big-data-analytics/,"Marriott chose Couchbase over MongoDB and Cassandra for their reliable personalized customer experience. Learn more ... Big data analytics uses advanced analytic techniques on massive volumes of complex data to gain actionable insights that can help reduce operating costs, increase revenue, and improve customer engagement within a company."
Couchbase,Big Data Couchbase,https://docs.couchbase.com/server/current/analytics/introduction.html,"Regardless of the technology used, analytic queries can be predetermined or ad hoc, and they can be cheap or expensive depending on how much data processing they involve. Performance challenges can arise when queries access large numbers of documents and when queries are not supported by a secondary index, as often happens with ad hoc analytics done using successive exploratory queries or an interactive visualization tool. Couchbase Analytics is designed to support truly ad hoc queries in a reasonable amount of time, even when full scans or large joins or sorts are required."
Couchbase,Big Data Couchbase,https://www.couchbase.com/press-releases/couchbase-named-a-leader-in-the-big-data-nosql-database-evaluation-by-independent-research-firm/,"Couchbase received the top scores possible in the ability to execute, open source, technical support, market awareness, and reach criteria in this Forrester Wave™ report. According to the report, “[NoSQL] has gone from supporting simple schemaless apps to becoming a mission-critical data platform for large Fortune 1000 companies."
Couchbase,Big Data Couchbase,https://resources.couchbase.com/sdr/big-data-couchbase,"MktoForms2.whenReady(function(f){f.onSuccess(function(values, followUpUrl) { var email = values.Email; window.parent.postMessage({ conversionUrl: document.location.href, referrer: document.referrer, email: email, lookbookExternalForm: true }, &quot;*&quot;); return false; }); });"
Couchbase,Big Data Couchbase,https://www.business-software.com/product/couchbase-big-data-analytics/,Couchbase uses NoSQL as an open-source database to keep up with the exponential growth of web applications in recent years. The Couchbase Server distributes data across servers or virtual machines.
Couchbase,Big Data Couchbase,https://bigid.com/data-coverage/couchbase/,"Couchbase’s schema is a logical construct, defined entirely in application code, with no need to maintain it explicitly. Full-stack data platform for mobile and IoT apps."
Couchbase,Big Data Couchbase,https://medium.com/@sitabjapal03/introduction-to-couchbase-2e359160e664,"In this article, we’ll explore ... applications. Couchbase’s strengths lie in its <strong>ability to handle big data, real-time applications, and highly interactive use cases</strong>...."
Couchbase,Big Data Couchbase,https://www.trueidc.com/en/service/59/Couchbase,"With our unmatched versatility and performance, Couchbase is <strong>the original multipurpose, multi-model NoSQL database designed for large enterprise use cases</strong> with the ability to scale linearly to hundreds of nodes and handle many data access patterns ..."
Couchbase,Big Data Couchbase,https://cpl.thalesgroup.com/resources/encryption/couchbase-big-data-without-big-headaches-whitepaper,Adoption of Big Data is not an easy task. Learn how Couchbase handles the growth of NoSQL database to handle Big Data specific problems.
Couchbase,Big Data Couchbase,https://www.theknowledgeacademy.com/blog/what-is-couchbase/,"Couchbase is <strong>a NoSQL database that delivers high performance, scalability and flexibility, helping manage large datasets and build modern, responsive applications</strong>."
Couchbase,Big Data Couchbase,https://docs.couchbase.com/home/integrations.html,Couchbase Connectors enable you to exchange data with a number of other platforms.
Couchbase,Big Data Couchbase,https://www.todaysoftmag.com/article/1506/introduction-to-couchbase-nosql-document-database,"However, many leading enterprises are already using alternative databases and are saving money, innovating faster, and completing projects they could not pursue before as a result. The purpose of this article is to provide an overview of one particular NoSQL technology - <strong>Couchbase</strong> Document Database."
Couchbase,Big Data Couchbase,https://www.devopsschool.com/blog/what-is-couchbase/,"<strong>Couchbase</strong> <strong>Data</strong> management database Devops DevOpsSchool Interview ... 📖 1. What is Cloud Storage? Cloud Storage refers to the service model where <strong>data</strong> is stored, managed, and accessed remotely over the internet instead of being… Read More → ... What are <strong>Big</strong> <strong>Data</strong> Processing Tools?"
Couchbase,Big Data Couchbase,https://www.crn.com/news/ai/2025/couchbase-launches-database-ai-services-that-unify-data-with-ai-models,"By bringing <strong>data</strong> and models together ... Pradhan, <strong>Couchbase</strong> vice president, product, in an interview with CRN. “We’re trying to bring to market is a major shift in the way developers and customers are building GenAI and agentic applications based on their operational <strong>data</strong>,” Pradhan said. [Related: Meeting The <strong>Data</strong> Needs Of The AI World: The 2025 CRN <strong>Big</strong> <strong>Data</strong> ..."
Couchbase,Big Data Couchbase,https://siliconangle.com/2025/12/10/couchbase-ai-data-services-single-platform-simplify-agent-development/,<strong>Couchbase</strong> puts AI <strong>data</strong> and services into a single platform to simplify agent development · <strong>BIG</strong> <strong>DATA</strong> - BY MIKE WHEATLEY .
Couchbase,Big Data Couchbase,https://medium.com/@rrbadam/a-beginners-guide-to-couchbase-understanding-the-power-behind-the-modern-database-ac08a162a040,"If you’re working in tech, you’ve probably heard the name <strong>Couchbase</strong> pop up in conversations about scalable databases. But what makes…"
Couchbase,Big Data Couchbase,https://www.datanami.com/vendor/couchbase/,"In this monthly feature, we’ll keep you up-to-date on the latest career developments for individuals in the <strong>big</strong> <strong>data</strong> community. Whether it’s a promotion, new company hire, or even an accolade, we’ve got the details Read more… · <strong>Couchbase</strong> says the new column store that it officially ..."
Couchbase,Big Data Couchbase,https://celerdata.com/glossary/couchbase,"<strong>Couchbase</strong> is ideal for high-performance cache use cases, real-time applications, and scenarios requiring rapid <strong>data</strong> access. The database&#x27;s flexibility and speed make it suitable for e-commerce, social media, and mobile applications. MongoDB is often used for content management systems, <strong>big</strong> <strong>data</strong> ..."
Couchbase,Big Data Couchbase,https://cse.ucsd.edu/about/news/cse-professor-collaborates-couchbase-next-generation-query-language-big-data,"In a major step toward broader ... (JSON) <strong>data</strong> format, University of California, San Diego computer science and engineering professor Yannis Papakonstantinou and <strong>Couchbase</strong> Inc., today announced their collaboration on a next-generation query language for <strong>big</strong> dat..."
Couchbase,Big Data Couchbase,https://www.couchbase.com/blog/couchbase-8-hyperscale-ai/,"Jeff Morris is VP of Product, Solutions and Customer Marketing at <strong>Couchbase</strong>. He&#x27;s spent over three decades marketing software development tools, databases, analytic tools and other open source products. Needless to say, he&#x27;s a <strong>big</strong> believer in <strong>Couchbase</strong> Capella because it is as easy as SQL, ..."
Couchbase,Big Data Couchbase,https://blog.stackademic.com/couchbase-101-introduction-ee9303ed5eec?gi=28ba9f163ee7,"<strong>Couchbase</strong> 101: Introduction <strong>Couchbase</strong> is the outcome of a remarkable fusion of two innovative technologies. On the one hand, there was Membase, a high-performance key-value storage engine created by …"
Couchbase,Big Data Couchbase,https://hackolade.com/help/Couchbase.html,"Why legacy and SaaS <strong>data</strong> modeling architectures fall short... ... SQL compilation error:Sequence used as a default value in table... was not found or could not be accessed ... <strong>Couchbase</strong> Server is an open-source, distributed multi-model NoSQL document-oriented database software package that ..."
Couchbase,Big Data Couchbase,https://www.eginnovations.com/glossary/couchbase,"Discover what <strong>Couchbase</strong> is, its features, and how to ensure performance of this NoSQL database to power scalable, high-performance applications."
Couchbase,Big Data Couchbase,https://db-engines.com/en/system/Couchbase,Detailed overview of the characteristics of <strong>Couchbase</strong>
Couchbase,Big Data Couchbase,https://www.couchbase.com/use-cases/,"Explore how <strong>Couchbase</strong> delivers real-world NoSQL use cases in retail, finance, healthcare, and more. Build fast, scalable apps with modern <strong>data</strong> flexibility."
Couchbase,Big Data Couchbase,https://www.vldb.org/pvldb/vol12/p2275-hubail.pdf,"They expect Apache-branded <strong>Big</strong> <strong>Data</strong> software to meet certain · quality requirements, particularly as it matures over time. The sec- ond is <strong>Couchbase</strong> and its paying customers, who rightfully have a"
Couchbase,Big Data Couchbase,https://documentation.commvault.com/2023e/essential/complete_big_data_guided_setup_for_couchbase.html,"The <strong>Big</strong> <strong>data</strong> app setup page appears. If you already completed the guided setup, the Apps page appears. If you already have a server plan that you can use, you can skip this step. To create a server plan, you must have the Plan Creator Role assigned to your user account. On the Create server backup plan page, click Create a new plan, and then specify the settings for a server plan that you can use for <strong>Couchbase</strong>..."
Couchbase,Big Data Couchbase,https://www.couchbase.com/blog/modern-big-data-hadoop/,"This overview explains <strong>big</strong> <strong>data</strong> analytics, reviews <strong>big</strong> <strong>data</strong> use cases, and lists <strong>big</strong> <strong>data</strong> analytics tools you can use to help make business decisions."
Couchbase,Big Data Couchbase,https://dzone.com/articles/dataframes-with-big-data-in-couchbase,"In this article, we&#x27;ll explore how users more comfortable with dataframes can work with their <strong>Big</strong> <strong>Data</strong> <strong>in</strong> <strong>Couchbase</strong>&#x27;s Analytics Service."
Couchbase,Big Data Couchbase,https://www.slideshare.net/slideshow/couchbase-tutorial-big-data-open-source-systems-vldb2018/111767667,<strong>Couchbase</strong> Tutorial: <strong>Big</strong> <strong>data</strong> Open Source Systems: VLDB2018 - Download as a PDF or view online for free
Couchbase,Big Data Couchbase,https://www.couchbase.com/press-releases/couchbase-named-a-big-data-nosql-leader-by-independent-research-firm/,"<strong>Couchbase</strong> today announced it was named a leader by an independent research firm in “The Forrester Wave™: <strong>Big</strong> <strong>Data</strong> NoSQL, Q3 2016.” We believe <strong>Couchbase</strong>’s standing in the report reflects its significant momentum in enabling leading organizations in verticals such […]"
Couchbase,Big Data Couchbase,https://www.cisco.com/c/en/us/products/collateral/servers-unified-computing/ucs-c-series-rack-servers/solution-overview-c22-739260.html,Power Your Digital Transformation with Cisco UCS Integrated Infrastructure for <strong>Big</strong> <strong>Data</strong> and Analytics with <strong>Couchbase</strong>
Couchbase,Big Data Couchbase,https://www.numberanalytics.com/blog/couchbase-big-data-best-practices,"Learn the best practices for implementing <strong>Couchbase</strong> <strong>in</strong> <strong>Big</strong> <strong>Data</strong> Analytics, including optimization techniques and performance tuning."
Couchbase,Big Data Couchbase,https://www.reddit.com/r/bigdata/comments/a0meyj/thoughts_on_couchbase/,"We use <strong>Couchbase</strong> extensively as our primary SoR in our Cloud applications. I&#x27;ll try to lay out a few points. The biggest hurdle is probably the mindset shift for developers, from thinking in terms of tables/relationships to storing Aggregates as documents."
Couchbase,Big Data Couchbase,https://docs.couchbase.com/cloud/clusters/analytics-service/analytics-service.html,"The Analytics Service provides a parallel <strong>data</strong>-management capability, allowing the running of complex analytical queries."
Couchbase,Big Data Couchbase,https://www.couchbase.com/blog/low-tco-with-couchbase/,"<strong>Couchbase</strong> 7.1 can tackle those ... where <strong>data</strong> is growing rapidly. Download <strong>Couchbase</strong> today and give these new innovations a try. ... Shivani Gupta is Director of Product Management at <strong>Couchbase</strong> for the Core Server. Shivani has over 20 years of varied experience in <strong>Big</strong> <strong>Data</strong>, Distributed ..."
Couchbase,Big Data Couchbase,https://www.couchbase.com/wp-content/uploads/sites/3/2022/11/real-time-big-data-architecture-hortonworks-data-platform.pdf,Optimize your infrastructure spending with a unified database that significantly reduces your TCO. ... We help the world’s biggest and most trusted brands to ensure <strong>data</strong> platforms make AI a practical part of mission-critical applications.
Couchbase,Big Data Couchbase,https://www.spiceworks.com/marketing/ecommerce/interviews/couchbase-cto-on-nosql-becoming-core-database-technology/,"Learn more: The Next Frontier for <strong>Big</strong> <strong>Data</strong>: <strong>Why</strong> <strong>Data</strong> Analytics is Moving Away from Centralized Systems · <strong>Couchbase</strong> is the only database that combines the best of NoSQL with the ease and power of SQL, all in one platform. With key value store and document database capabilities, <strong>Couchbase</strong> is ..."
Couchbase,Big Data Couchbase,https://www.bigdatawire.com/2024/09/03/couchbase-launches-column-store-to-activate-dormant-json-data/,"And, for the same reason, most high-performance transactional databases store detailed <strong>data</strong> in rows. <strong>Couchbase</strong> discussed the difference in a blog post earlier this year. Row stores vs column stores (Image courtesy <strong>Couchbase</strong>) The columnar gains are even bigger when dealing with JSON <strong>data</strong>, which ..."
Couchbase,Big Data Couchbase,https://sdtimes.com/big-data/couchbase-delivers-real-time-big-data-solutions-enterprise/,"NoSQL leader delivers Apache Storm, Kafka and Sqoop product integration with Hortonworks"
Couchbase,Big Data Couchbase,https://www.facebook.com/Couchbase/posts/big-data-news-zettaset-pentaho-couchbase-data-center-knowledge-httpowlytky5p/1423894304520885/,We cannot provide a description for this page right now
Couchbase,Big Data Couchbase,https://daily.dev/blog/couchbase-essentials-for-developers,"When diving into <strong>Couchbase</strong>, you&#x27;ll come across some terms: ... Think of these as <strong>big</strong> containers where you keep related <strong>data</strong>, kind of like tables in a traditional database."
Couchbase,Big Data Couchbase,https://www.infoq.com/articles/couchbase-mobile-for-iot-big-data/,"Our physical world is about to become digitally enabled and according to various predictions for example by Gartner or Cisco, there will be many billions of IoT devices going online and constantly gathering <strong>data</strong> in the coming years. We got in touch with Wayne Carter and Ali LeClerc of <strong>Couchbase</strong> ..."
Couchbase,Big Data Couchbase,https://stackoverflow.com/questions/37687081/storing-large-objects-in-couchbase-best-practice,"I can&#x27;t speak for what <strong>couchbase</strong> engineers recommend but they&#x27;ve posted this blog entry detailing how to do it. For large files, you&#x27;ll certainly want to split into chunks. Do not attempt to store a <strong>big</strong> file all in one document. The approach I&#x27;m looking at is to chunk the <strong>data</strong>, and insert it ..."
Couchbase,Big Data Couchbase,https://www.gartner.com/reviews/product/couchbase-server,"The cross-datacenter replication (XDCR) feature is also a <strong>big</strong> plus, enabling seamless <strong>data</strong> synchronization across multiple geographic locations, which is essential for global applications.Read Full Review · N1QL vert easy to use if have knowledge of SQL for RDBMS.Read Full Review · <strong>Couchbase</strong> ..."
Couchbase,Big Data Couchbase,https://docs.couchbase.com/go-sdk/2.5/concept-docs/data-services.html,"If you know the path to the piece of information that you need within a JSON document, then Sub-Document operations will not only retrieve the information more quickly, but will reduce the amount of <strong>data</strong> that needs to be sent over the network. <strong>Couchbase</strong> Analytics Service (CBAS) performs well ..."
Couchbase,"""Big Data"" Couchbase",https://www.vldb.org/pvldb/vol15/p3496-lakshman.pdf,"Srinath Duvuru, and Ravi Mayuram. Magma: A High <strong>Data</strong> Density Storage · Engine Used in <strong>Couchbase</strong>."
Couchbase,"""Big Data"" Couchbase",https://www.ai-expo.net/europe/partners/couchbase/,<strong>Data</strong> Centre · World Series · AI &amp; <strong>Big</strong> <strong>Data</strong> Expo North America ·
Couchbase,"""Big Data"" Couchbase",https://matrixbcg.com/blogs/brief-history/couchbase,"<strong>Couchbase</strong>, a leader in NoSQL databases, began in 2011 through a significant merger. Its goal was to meet the growing need for fast, scalable <strong>data</strong> management in today&#x27;s digital world. Formed with the aim of creating a flexible, high-performance document database, the company tapped into the growing NoSQL trend. Its platform is crucial for <strong>big</strong> ..."
Couchbase,"""Big Data"" Couchbase",https://investors.couchbase.com/news-releases/news-release-details/couchbase-announces-first-quarter-fiscal-2026-financial-results/,"<strong>Couchbase</strong> <strong>data</strong>, simplifying the development of complex GenAI applications. This open-source protocol standard enhances the ability for AI agents to securely and efficiently interact with enterprise <strong>data</strong>, supporting scalability, reliability and compliance. Continued to garner prominent industry recognition with placements on CRN&#x27;s 15 Hottest AI <strong>Data</strong> and Analytics Companies of 2025 and The Coolest Database System Companies Of The 2025 <strong>Big</strong> ..."
Couchbase,"""Big Data"" Couchbase",https://aprenderbigdata.com/couchbase/,→ Descubre cómo <strong>Couchbase</strong> revoluciona el almacenamiento de datos. ¡Optimiza tu rendimiento con la mejor solución!
MongoDB,Большие данные MongoDB,https://cloud.ru/blog/mongodb,"СУБД поддерживает горизонтальное масштабирование, поэтому можно распределять данные между несколькими серверами и работать с большими объемами информации. ... 4 000 бонусов — физическим лицам, 20 000 бонусов — юридическимПолучить · Выбор между MongoDB и реляционной базой будет зависеть от ваших задач."
MongoDB,Большие данные MongoDB,https://formatkoda.ru/tekhnologii/bolshie-dannye/,"MongoDB идеально подходит для реализации проектов, подразумевающих работу с очень большими объемами данных и/или высокие требования к масштабируемости, высокую производительность даже в тех случаях, когда информация слишком сложна и разнородна для моделирования с использованием реляционной схемы, или существует необходимость выполнения анализа в реальном времени."
MongoDB,Большие данные MongoDB,https://habr.com/ru/companies/otus/articles/768342/,С момента своего появления MongoDB успела завоевать огромную популярность благодаря своей способности обрабатывать большие объемы данных. Ее принятие только ...
MongoDB,Большие данные MongoDB,https://ru.stackoverflow.com/questions/1488360/%D0%9A%D0%B0%D0%BA-%D0%BC%D0%BD%D0%B5-%D0%B7%D0%B0%D0%B3%D1%80%D1%83%D0%B7%D0%B8%D1%82%D1%8C-%D0%B1%D0%BE%D0%BB%D1%8C%D1%88%D0%B5-24000-%D0%B4%D0%BE%D0%BA%D1%83%D0%BC%D0%B5%D0%BD%D1%82%D0%BE%D0%B2,"<strong>Параметр --maxBSONSize можно использовать при запуске демона MongoDB (mongod), чтобы увеличить максимальный размер BSON</strong>."
MongoDB,Большие данные MongoDB,https://cio-navigator.ru/mongodb/,"MongoDB — это <strong>документоориентированная СУБД класса NoSQL, созданная для хранения и обработки больших объёмов слабо структурированных данных</strong>..."
MongoDB,Большие данные MongoDB,https://habr.com/ru/companies/stc_spb/articles/735512/,"Введение При работе с большими коллекциями в MongoDB, размер которых превышал десятки миллионов записей, возникла необходимость формировать случайные выборки уникальных значений полей, принадлежащих..."
MongoDB,Большие данные MongoDB,https://medium.com/nuances-of-programming/%D1%80%D1%83%D0%BA%D0%BE%D0%B2%D0%BE%D0%B4%D1%81%D1%82%D0%B2%D0%BE-%D0%BF%D0%BE-mongodb-6e844437b0de,Большие данные. Управление и доставка контента. Мобильная и социальная инфраструктуры. Управление пользовательскими данными. Центр управления и обработки данных (Data Hub). Загружаем последнюю версию MongoDB ...
MongoDB,Большие данные MongoDB,https://cloud.servermall.ru/mongodb/,"Высокопроизводительная NoSQL база данных, подходящая для гибкого и эффективного управления большими объёмами данных."
MongoDB,Большие данные MongoDB,https://hostkey.ru/documentation/marketplace/database/mongodb/,"MongoDB - <strong>гибкая база данных, позволяющая обрабатывать большие объемы структурированных и неструктурированных данных</strong>. Она использует гибкую модель документов, ..."
MongoDB,Большие данные MongoDB,https://apni.ru/article/10791-optimizaciya-raboty-s-bolshimi-dannymi-v-mongodb-strategii-shardirovaniya-i-indeksirovaniya,"Это приводит к необходимости внедрения эффективных решений для управления и анализа больших данных, которые могут включать миллионы записей и занимать терабайты или даже петабайты места на диске. MongoDB, как одна из наиболее популярных NoSQL баз данных, широко используется для хранения и обработки данных за счет своей гибкости и масштабируемости."
MongoDB,Большие данные MongoDB,https://stackoverrun.com/ru/q/5465199,"Generally speaking which one you choose depends on access patterns, atomicity considerations, expected document size growth and so on. There is no such thing like MongoDB equivalent of n-th normal form."
MongoDB,Большие данные MongoDB,https://cloud.vk.com/blog/osobennosti-mongodb-kogda-baza-dannyh-vam-podhodit/,"Документоориентированная база — сохранение данных в формате документов вместо формата реляционного типа, это делает MongoDB очень гибкой и адаптируемой к бизнес-требованиям. Возможность хранения разных типов данных особенно важна при работе с большими данными, которые собираются из разных источников и не ложатся в одну структуру."
MongoDB,Большие данные MongoDB,https://sky.pro/wiki/sql/programmy-dlya-raboty-s-bazami-dannyh-sravnenie-mongodb-i-mysql/,"MongoDB — это <strong>документно-ориентированная база данных NoSQL, которая хранит данные в формате BSON (бинарный JSON).</strong>"
MongoDB,Большие данные MongoDB,https://skillbox.ru/media/code/mongodb-chto-eto-za-subd-plyusy-minusy-podvodnye-kamni/,"Если нужно хранить больший объём информации, применяется <strong>технология GridFS</strong>. Система делится на две коллекции: в первой хранятся имена файлов и метаданные, а во второй ..."
MongoDB,Большие данные MongoDB,https://russianblogs.com/article/66241209930/,"Глядя на MongoDB, мы видим, что размер вновь созданных данных составляет 0,69 ГБ, что на самом деле очень мало, но использование метода find () для обхода вызовет ошибку."
MongoDB,Большие данные MongoDB,https://cloud.yandex.ru/blog/posts/2020/12/managed-mongodb-overview,База данных MongoDB подходит для большого объёма полуструктурированных и неструктурированных данных.
MongoDB,Большие данные MongoDB,https://learn.microsoft.com/ru-ru/documentdb/query/operators/data-size/,Операторы размера данных используются для определения размера структур и значений данных.
MongoDB,Большие данные MongoDB,https://eax.me/mongodb/,"В связи с этим MongoDB ... другие СУБД. Также, <strong>если вы хотите работать с объемами данных, превышающими 4 Гб, вам понадобятся 64-х битные сервера</strong>...."
MongoDB,Большие данные MongoDB,https://bigdataschool.ru/blog/mongodb-crud/,"В следующей статье ... в MongoDB. Стоит также отметить, что CRUD-операции также являются базовыми для таких NoSQL СУБД, как: Apache Impala (SQL-операции CEATE, READ, UPDATE, DELETE) ... Больше подробностей про применение CRUD-операций в проектах анализа больших данных вы ..."
MongoDB,Большие данные MongoDB,https://gb.ru/blog/mongodb/,"<strong>MongoDB</strong> можно скачать абсолютно бесплатно. Работа с различными типами <strong>данных</strong>. Это особенно важно, если компании необходимо обрабатывать <strong>большие</strong> <strong>данные</strong>, не встраи..."
MongoDB,Большие данные MongoDB,https://goit.global/ua-ru/articles/mongodb-chto-eto-takoe-y-kak-rabotaet/,"Система управления базами <strong>данных</strong> <strong>MongoDB</strong>: что это такое, особенности, преимущества, недостатки и нюансы работы. Погрузись в мир NoSQL c GoIT!"
MongoDB,Большие данные MongoDB,https://vkcloud.kz/blog/osobennosti-mongodb-kogda-baza-dannyh-vam-podhodit/,"Документоориент... <strong>MongoDB</strong> очень гибкой и адаптируемой к бизнес-требованиям. Возможность хранения разных типов <strong>данных</strong> особенно важна при работе с <strong>большими</strong> <strong>данными</strong>, ..."
MongoDB,Большие данные MongoDB,https://ru.stackoverflow.com/questions/1353770/%D0%9A%D0%B0%D0%BA%D0%B8%D0%BC-%D0%BE%D0%B1%D1%80%D0%B0%D0%B7%D0%BE%D0%BC-%D1%80%D0%B0%D0%B1%D0%BE%D1%82%D0%B0%D0%B5%D1%82-mongodb-%D0%BF%D1%80%D0%B8-%D0%BE%D0%B1%D1%8A%D0%B5%D0%BC%D0%B5-%D0%B1%D0%B0%D0%B7%D1%8B-%D0%BF%D1%80%D0%B5%D0%B2%D1%8B%D1%88%D0%B0%D1%8E%D1%89%D0%B5%D0%BC-%D0%BE%D0%B1%D1%8A%D0%B5%D0%BC-%D0%BE%D0%BF%D0%B5%D1%80%D0%B0%D1%82%D0%B8%D0%B2%D0%BD%D0%BE%D0%B9-%D0%BF%D0%B0%D0%BC,"Боюсь, <strong>MongoDB</strong> не предназначена для этого. Её можно настроить на хранение <strong>данных</strong> в памяти, но, по мне, это <strong>больше</strong> сделано для ускорения работы интеграционных тестов."
MongoDB,Большие данные MongoDB,https://itglobal.com/ru-ru/company/glossary/mongodb/,"Для сохранения <strong>данных</strong> <strong>большого</strong> размера <strong>MongoDB</strong> использует собственную технологию GridFS, состоящую из двух коллекций. В первой (files) содержатся имена файлов и метаданные ..."
MongoDB,Большие данные MongoDB,https://yandex.cloud/en/feed.atom,https://yandex.cloud/<strong>en</strong>/blog · Yandex Cloud Blog · 2025-08-01T00:00:00.000Z · Yandex Cloud RSS · Yandex Cloud · support@cloud.yandex.ru · https://yandex.cloud/<strong>en</strong> · Create and improve your digital services using reliable cloud and unique Yandex technologies · https://storage.yandexc...
MongoDB,Большие данные MongoDB,https://cloud.vk.com/databases/mongodb/,"БД <strong>MongoDB</strong> подходит для ... <strong>данные</strong> датчиков, каталоги товаров · Из-за гибкой системы хранения база <strong>MongoDB</strong> подходит для любых задач, связанных с ML, хранением и обработкой <strong>больших</strong> ..."
MongoDB,Большие данные MongoDB,https://elbrusboot.camp/blog/big-data-osnovnyie-poniatiia/,"Что такое Big Data, какие существуют основные свойства и проблемы в <strong>больших</strong> <strong>данных</strong>, как их хранят, собирают, обрабатывают и анализируют."
MongoDB,Большие данные MongoDB,https://www.reddit.com/r/devops/comments/p1tzbo/mongodb_scaling_and_speed/,"Hello there, Context: I work in <strong>a</strong> <strong>small</strong> company where I am the only Ops/devops/make-some-magic-so-everything-is-running-smoothly. I use a bit…"
MongoDB,Большие данные MongoDB,https://www.astera.com/type/blog/mongodb-vs-sql-server,"Data Virtualization &amp; Object Storage: Improved PolyBase support allows data virtualization across sources like Oracle and <strong>MongoDB</strong>, and S3-compatible storage integration facilitates cost-effective cloud storage."
MongoDB,Большие данные MongoDB,https://qna.habr.com/q/475876,"Безусловно, не редко ... базы <strong>больше</strong> производительности, не найдя других методов оптимизации 3. <strong>Данных</strong> настолько много, что БД/ключи - начинают &quot;сыпаться&quot;, не редко это связано с п.1 Так же, последние тесты показывают, что PostgreSQL почти не уступает <strong>MongoDB</strong> даже в ..."
MongoDB,Большие данные MongoDB,https://qna.habr.com/q/343,у монго есть другое более интересное ограничение www.<strong>mongodb</strong>.org/display/DOCS/Using+a+Large+Number+of+Collections оно меня <strong>больше</strong> беспокоит чем 4мб на запись ... 1) Для текстовых <strong>данных</strong> — 4MB — ...
MongoDB,Большие данные MongoDB,https://jsehelper.blogspot.com/2016/05/mongodb.html,"Для хранения <strong>данных</strong> ... <strong>MongoDB</strong> использует &quot;Коллекции&quot; (collections). ... Документо-ориентированное хранилище (простая и мощная JSON-подобная схема <strong>данных</strong>) Достаточно гибкий язык для формирования запросов ... Эффективное хранение двоичных <strong>данных</strong> <strong>больших</strong> объёмов, ..."
MongoDB,Большие данные MongoDB,https://www.reddit.com/r/mongodb/comments/ys4u4l/how_can_mongodb_store_trillions_of_records_while/,"29K subscribers in the <strong>mongodb</strong> community. News, articles, and interesting stuff in general about <strong>MongoDB</strong> (unofficial)."
MongoDB,Большие данные MongoDB,https://www.astera.com/ru/knowledge-center/mongodb-vs-postgresql/,Автоматический ... <strong>MongoDB</strong> позволяет горизонтально масштабировать <strong>данные</strong> на нескольких серверах. Это обеспечивает эффективную обработку <strong>больших</strong> наборов ...
MongoDB,Большие данные MongoDB,https://www.reddit.com/r/mongodb/comments/h0o06x/two_questions_regarding_mongodb_limits_16mb/,Hello fellow people! I am working on a project with <strong>MongoDB</strong> and I need some more information on these two points. <strong>MongoDB</strong> limits each document to…
MongoDB,Большие данные MongoDB,https://bigdataschool.ru/wiki/mongodb-wiki/,Для чего нужна <strong>MongoDB</strong>: краткий обзор особенностей и структуры элементов СУБД для успешной работы с <strong>большими</strong> массивами <strong>данными</strong>
MongoDB,Большие данные MongoDB,https://metanit.com/nosql/mongodb/1.1.php,"Кроме того, можно ... в <strong>MongoDB</strong>, а другой тип <strong>данных</strong> - в традиционных БД. Одной из проблем при работе с любыми системами баз <strong>данных</strong> является сохранение <strong>данных</strong> <strong>большого</strong> ..."
MongoDB,Большие данные MongoDB,https://en.wikipedia.org/wiki/MongoDB,"<strong>MongoDB</strong> is a source-available, cross-platform, document-oriented database program. Classified as a NoSQL database product, <strong>MongoDB</strong> uses JSON-like documents (called BSON) with optional schemas. Released in February 2009 by 10gen (now <strong>MongoDB</strong> Inc.), it supports features like sharding, replication, ..."
MongoDB,Большие данные MongoDB,https://qna.habr.com/q/297487,"Добрый день. Обдумываю структура проекта. На входе имеем базу <strong>mongodb</strong> (рассмотрел бы и другие бд, но монга очень понравилась). Вообщем в коллекции есть документы, ..."
MongoDB,Большие данные MongoDB,https://arenda-server.cloud/blog/massovaja-vstavka-dannyh-v-mongodb-s-pomoshhju-insertmany/,"Если ты когда-нибудь сталкивался с задачей массовой загрузки <strong>данных</strong> <strong>в</strong> <strong>MongoDB</strong> — будь то миграция, импорт логов, парсинг, или просто хочешь быстро закинуть кучу ..."
MongoDB,Большие данные MongoDB,https://dokumen.pub/nosql-j-1927165.html,"<strong>En</strong> este manual lleva a cabo una ... <strong>de</strong> <strong>MongoDB</strong>, una base <strong>de</strong> datos NoS ... There has been extreme hype about Cloud Computing from years and this word is in headlines of IT world news. Why not? Cl ... In the rapidly evolving world of data management, NoSQL databases have emerged as a pivotal technology for managing larg ... Мамедли Р. Э. Казиахмедов Т. Б. Р. Э. МАМЕДЛИ, Т. Б. КАЗИАХМЕДОВ <strong>БОЛЬШИЕ</strong> <strong>ДАННЫЕ</strong> И NoSQL БАЗЫ ..."
MongoDB,Большие данные MongoDB,https://www.zmax.work/mongodb-trends/,"С ростом аналитики ... <strong>больших</strong> <strong>данных</strong> неудивительно, что размеры баз <strong>данных</strong> растут быстрее, чем когда-либо. Всего за два года мы видели все меньше и меньше пользователей <strong>MongoDB</strong> с ..."
MongoDB,Большие данные MongoDB,https://tproger.ru/articles/mongodb--chem-eta-baza-otlichaetsya-ot-drugih-,"Если конкретнее, то <strong>MongoDB</strong> — это нереляционная база <strong>данных</strong>, разработанная для работы с <strong>большими</strong> объемами <strong>данных</strong> и обеспечивающая высокую гибкость в управлении ими."
MongoDB,Большие данные MongoDB,https://hostkey.ru/apps/databases/mongodb/,"<strong>MongoDB</strong> — это документоориентированная база <strong>данных</strong> с открытым исходным кодом, которая используется для хранения <strong>больших</strong> объемов неструктурированных ли полустр..."
MongoDB,Большие данные MongoDB,https://spirzen.ru/encyclopedia/%D0%94%D0%B0%D0%BD%D0%BD%D1%8B%D0%B5%20%D0%B8%20%D1%80%D0%B0%D0%B7%D0%BC%D0%B5%D1%82%D0%BA%D0%B0/3.06.%20NoSQL/4,Однако с поддержкой ... для большинства прикладных сценариев. Масштабируемость «по горизонтали»: <strong>MongoDB</strong> изначально проектировалась для шардирования. Добавление новых узлов и перераспределение <strong>данных</strong> — штатная ...
MongoDB,Большие данные MongoDB,https://www.8host.com/blog/nastrojka-masshtabiruemoj-bazy-dannyx-mongodb/,"<strong>MongoDB</strong> - это система управления базами <strong>данных</strong> (СУБД) NoSQL с <strong>большим</strong> количеством встроенных функций, среди которых репликация и сегментирование. Благодаря этим ..."
MongoDB,Большие данные MongoDB,https://merrick-krg.medium.com/%D0%B1%D0%BE%D0%BB%D1%8C%D1%88%D0%BE%D0%B9-%D1%82%D1%83%D1%82%D0%BE%D1%80%D0%B8%D0%B0%D0%BB-%D0%BF%D0%BE-mongodb-7e2f9e17f0c7,"Большой туториал по <strong>MongoDB</strong> Моделирование данных Теперь мы уже знаем, что такое документ, коллекция и основные …"
MongoDB,Большие данные MongoDB,https://vovkvant.medium.com/mongodb-%D0%B1%D0%B0%D0%B7%D0%B0-%D0%B4%D0%B0%D0%BD%D0%BD%D1%8B%D1%85-%D0%B4%D0%BB%D1%8F-%D0%B4%D0%BE%D0%BC%D0%B0%D1%88%D0%BD%D0%B8%D1%85-%D0%BF%D1%80%D0%BE%D0%B5%D0%BA%D1%82%D0%BE%D0%B2-%D0%B8%D0%BB%D0%B8-%D0%BF%D1%80%D0%BE%D1%82%D0%BE%D1%82%D0%B8%D0%BF%D0%BE%D0%B2-33818736263a,<strong>MongoDB</strong> — база данных для домашних проектов или прототипов В своем текущем проекте я столкнулся с забавным …
MongoDB,Большие данные MongoDB,https://coderlessons.com/tutorials/bazy-dannykh/uchitsia-mongodb/mongodb-kratkoe-rukovodstvo,Память не может быть ... <strong>данных</strong> <strong>большой</strong> · Локальный диск недостаточно <strong>большой</strong> · Вертикальное масштабирование слишком дорого · На следующей диаграмме показано сегментирование в <strong>MongoDB</strong> с ...
MongoDB,Большие данные MongoDB,https://dokumen.pub/mongodb-i-3487890.html,Практико-ориентированное учебное пособие по постреляционным СУБД написано в соответствии с разделом действующих программ...
MongoDB,Большие данные MongoDB,https://habr.com/ru/company/otus/blog/520412,"Перевод статьи ... базы <strong>данных</strong>». ... Крайне важно разработать схему несмотря на то, что в <strong>MongoDB</strong> она необязательна. Аналогично, индексы должны соответствовать вашей схеме и шаблонами доступа. Избегайте использования <strong>больших</strong> объектов ..."
MongoDB,Большие данные MongoDB,https://habr.com/ru/companies/otus/articles/565700/,"Хорошая новость заключается в том, что в большинстве случаев вам не придется использовать JOIN. Помните, что <strong>MongoDB</strong> — это база <strong>данных</strong> без схемы, не требующая нормал..."
MongoDB,Большие данные MongoDB,https://www.finam.ru/analysis/newsitem/pochemu-puzyr-bolshix-dannyx-ne-lopnet-20200808-14000/,"Про <strong>большие</strong> <strong>данные</strong> знают все. Правда, понимаем этот термин мы по-разному. Иногда говорят о &quot;<strong>больших</strong> <strong>данных</strong>&quot;, а имеют в виду Data Science (это такой ..."
MongoDB,Большие данные MongoDB,https://qna.habr.com/q/65152,"Ситуация Имеется необходимость записать в коллекцию <strong>mongodb</strong> более 4 миллионов документов. Размер документа не велик, 20 полей, самое длинное поле не более 255 символов."
MongoDB,Большие данные MongoDB,https://gist.github.com/dmitry-osin/2ba280c50919eb58b08a9b792e90c735,"Шпаргалка по <strong>MongoDB</strong>. GitHub Gist: instantly share code, notes, and snippets."
MongoDB,Большие данные MongoDB,https://merrick-krg.medium.com/%D0%B1%D0%BE%D0%BB%D1%8C%D1%88%D0%BE%D0%B9-%D1%82%D1%83%D1%82%D0%BE%D1%80%D0%B8%D0%B0%D0%BB-%D0%BF%D0%BE-mongodb-ae82654387d9,"Большой туториал по <strong>MongoDB</strong> Обзор <strong>MongoDB</strong> — это мощная, гибкая и масштабируемая база данных общего назначения. Mongo …"
MongoDB,Большие данные MongoDB,https://www.astera.com/type/blog/mongodb-vs-mysql/,"Investing in the right database system makes it easier for businesses to tackle exponential data growth, with upwards of 400 million terabytes of data being created every day. Several database providers claim to meet modern data challenges, but the question is: Do they fulfill your specific ..."
MongoDB,Большие данные MongoDB,https://www.it-swarm.com.ru/ru/mongodb/razmer-bazy-dannyh-v-mongodb/972859356/,"Команда dbStats возвращает различную статистику хранения для <strong>данной</strong> базы <strong>данных</strong>. Как объясняется в этом посте о различных метриках производительности <strong>MongoDB</strong>, которые ..."
MongoDB,Большие данные MongoDB,https://coderoad.ru/43116002/MongoDB-%D0%B8-%D0%B1%D0%BE%D0%BB%D1%8C%D1%88%D0%B8%D0%B5-%D0%B4%D0%B0%D0%BD%D0%BD%D1%8B%D0%B5,"Посмотрите на explain() ... Используйте двигатель <strong>mongodb</strong> 3.4, wiredTiger с быстрым сжатием · Поделиться felix 30 марта 2017 в 11:19 · Что такое <strong>большие</strong> <strong>данные</strong> и что классифицируется ..."
MongoDB,"""Большие данные"" MongoDB",https://russianblogs.com/article/9665634272/,"Цена мэйнфрейма часто очень высока, и такое обновление может не найти машину с более мощной вычислительной мощностью, когда данные достигнут предела. MongoDB выбирает более экономичное горизонтальное расширение, он может легко разбивать данные на разные серверы."
MongoDB,Big Data MongoDB,https://www.mongodb.com/resources/basics/big-data-explained,"... Big data refers to <strong>incredibly large amounts of data (including both structured and unstructured data) that exceeds what traditional data processing software had historically been able to manage through the 1990s and early 2000s</strong> (e.g., terabytes ..."
MongoDB,Big Data MongoDB,https://www.mongodb.com/resources/basics/big-data-explained/big-data-analytics,"... Big data is <strong>data that is huge in volume, velocity, variety, and value</strong>. The process of collection, processing, cleaning, and analysis of big data to get business insights, hidden patterns, and trends is big data analytics."
MongoDB,Big Data MongoDB,https://www.geeksforgeeks.org/mongodb/mongodb-analytics-for-big-data/,"<strong>Its ability to store data in flexible, JSON-like documents allows for dynamic changes in data structure over time, which can easily handle the problems of Big Data</strong>. MongoDB&#x27;s document model supports complex hierarchies and arrays, making it ..."
MongoDB,Big Data MongoDB,https://www.mongodb.com/resources/compare/hadoop-vs-mongodb,"Its flexible schema enables it to accept any form or volume of data. In many cases, MongoDB can replace Hadoop for storage of big data and data processing. However, there are use cases where you might still need Hadoop."
MongoDB,Big Data MongoDB,https://medium.com/architectural-ai/mongodb-an-overview-for-big-data-storage-and-analytics-9142045a62d2,"MongoDB is <strong>an open-source, document-oriented NoSQL database management system that provides flexible and scalable solutions for data storage and analytics</strong>. Its document-oriented data model and support for complex data relationships, indexing, ..."
MongoDB,Big Data MongoDB,https://www.devoteam.com/expert-view/mongodb-for-data-management-handle-big-data-easily/,"MongoDB is <strong>a document database known for its scalability and flexibility</strong>. Key features include its open-source, cross-platform nature, high availability, and rapid data processing."
MongoDB,Big Data MongoDB,https://www.mongodb.com/resources/basics/big-data-explained/examples,Get started in seconds. Our free clusters come with 512 MB of storage so you can play around with sample data and get oriented with our platform.
MongoDB,Big Data MongoDB,https://www.mongodb.com/resources/basics/big-data-explained/big-data-challenges,"Big data is the future, but it comes with its challenges. Let&#x27;s look at the top challenges of big data, and how to potentially solve them."
MongoDB,Big Data MongoDB,https://www.reddit.com/r/MachineLearning/comments/2aukmr/databases_for_big_data_nlp_how_is_mongodb/,"What database features are you looking for? If you don&#x27;t need features like querying and indexing, I&#x27;ve run NLP projects with data in S3. Otherwise, I&#x27;ve used Cassandra, but I hate it. MongoDB is great for prototyping, but not great in production. At the end of the day, you will have to define a schema somewhere, MongoDB just lets you delegate that to the front end."
MongoDB,Big Data MongoDB,https://www.mongodb.com/,"Combine operational data, vectors, and streaming data in a unified platform. ... Access the tools, guides, and training you need to build faster and smarter with MongoDB.Product documentation"
MongoDB,Big Data MongoDB,https://www.mongodb.com/resources/basics/big-data-explained/online-vs-offline-big-data,Hadoop is an example of an <strong>Offline Big Data technology</strong>. But online vs offline Big Data isn’t about figuring out which one you need over the other. You most likely need both. MongoDB is an online Big Data technology that serves as an operational ...
MongoDB,Big Data MongoDB,https://seekingalpha.com/article/4875342-mongodb-a-quality-infrastructure-business-at-an-overpriced-multiple,"MongoDB, Inc. (MDB) is <strong>a scaling database infrastructure platform</strong> that has tens of thousands of customers and is on its way to recording solid operating income."
MongoDB,Big Data MongoDB,https://www.sprinkledata.ai/blogs/hadoop-vs-mongodb-a-comprehensive-comparison-for-big-data-and-nosql/,"MongoDB: <strong>MongoDB&#x27;s schema-less data model provides more flexibility, allowing developers to adapt to changing data requirements without significant modifications</strong>. Hadoop: Hadoop is primarily focused on big data processing, batch data processing, ..."
MongoDB,Big Data MongoDB,https://severalnines.com/blog/factors-consider-when-choosing-mongodb-big-data-applications/,"<strong>MongoDB is best suited for Big Data where resulting data need further manipulations for the desired output</strong>. Some of the powerful resources are CRUD operations, aggregation framework, text search, and the Map-Reduce feature."
MongoDB,Big Data MongoDB,https://www.oracle.com/database/mongodb/,"MongoDB was created in 2007 by a couple of developers who wanted to track humongous—hence the name—numbers of small transactions in the ad-serving business. The new database, which was initially dubbed 10gen, held data in a simple, document “bucket” of JSON-type files, and it was able to scale up very quickly."
MongoDB,Big Data MongoDB,https://www.geeksforgeeks.org/mongodb/what-is-mongodb-working-and-features/,MongoDB&#x27;s flexibility and scalability make it an excellent choice for building social networks and community platforms. <strong>MongoDB is used in big data applications for its ability to store and process large volumes of diverse data types</strong>.
MongoDB,Big Data MongoDB,https://www.mongodb.com/community/forums/t/mongodb-in-big-data-search/219364,"I encountered a problem when I ... of them is used as Replica Set backup, which cannot be extended horizontally <strong>The maximum data capacity is 144TB</strong>, and the maximum wi......"
MongoDB,Big Data MongoDB,https://www.reddit.com/r/node/comments/1e1r5tu/people_who_work_on_large_scale_applications_what/,"I think MongoDB&#x27;s API is much simpler and easier to use. They also have Atlas Search which can index the data optimized for searching - full text search, autocomplete, facets, geo query. I also think noSQL DBs are easier to scale horizontally, which is important for big data."
MongoDB,Big Data MongoDB,https://bigdata.2minutestreaming.com/p/mongobleed-explained-simply,"Because fields are strings, and strings are null-terminated CStrings, the deserializing logic in the MongoDB server parses the field until the first null terminator found. An attacker can send a compressed, invalid BSON object that does NOT contain a null terminator. This forces the server to continue scanning through foreign data in the wrongly-allocated memory buffer until it finds the first null terminator (\0)"
MongoDB,Big Data MongoDB,https://www.researchgate.net/publication/325531189_Big_Data_Analysis_with_MongoDB_for_Decision_Support_System,"This experiment established with the big data storage that is database, this research use NoSQL database technology that can map the needs of both structured and unstructured. And this research will be carried out migration of Relational Database (RDBMS) into the database MongoDB."
MongoDB,Big Data MongoDB,https://www.simplilearn.com/hadoop-vs-mongodb-article,"Both Hadoop and <strong>MongoDB</strong> offer more advantages compared to the traditional relational database management systems. So which one is better? Well, Read to know more."
MongoDB,Big Data MongoDB,https://www.mongodb.com/resources/basics/big-data-explained/operational-vs-analytical-big-data,Download our white paper on <strong>Big</strong> <strong>Data</strong> to learn more about the differences between operational vs analytical <strong>Big</strong> <strong>Data</strong> and much more.
MongoDB,Big Data MongoDB,https://www.sciencedirect.com/science/article/pii/S1877050916318907,<strong>Big</strong> <strong>Data</strong> are collections of <strong>data</strong> sets so large and complex to process using classical database management tools. Their main characteristics are volume…
MongoDB,Big Data MongoDB,https://stackoverflow.com/questions/50910875/what-is-the-big-data-in-mongodb,Can anyone please explain me in simple words what is <strong>big</strong> <strong>data</strong> and how it can be used for the <strong>data</strong> that is too diverse and fast changing in <strong>mongodb</strong>... I read the docs but didn&#x27;t get anything. Well ...
MongoDB,Big Data MongoDB,https://www.mongodb.com/resources/basics/big-data-explained/architecture,<strong>Big</strong> <strong>data</strong> architecture is designed to manage the processing and analysis of complex <strong>data</strong> sets that are too large for traditional database systems.
MongoDB,Big Data MongoDB,https://www.mdpi.com/2504-2289/6/2/49,"In the context of the heavy demands of <strong>Big</strong> <strong>Data</strong>, software developers have also begun to consider NoSQL <strong>data</strong> storage solutions. One of the important criteria when choosing a NoSQL database for an application is its performance in terms of speed of <strong>data</strong> accessing and processing, including response times to the most important CRUD operations (CREATE, READ, UPDATE, DELETE). In this paper, the behavior of two of the major document-based NoSQL databases, <strong>MongoDB</strong> ..."
MongoDB,Big Data MongoDB,https://curatepartners.com/tech-skills-tools-platforms/unlocking-the-potential-of-mongodb-a-flexible-scalable-and-high-performance-nosql-database/,"<strong>MongoDB</strong> is a document-oriented NoSQL database that stores <strong>data</strong> in flexible, JSON-like documents. This schema-less approach makes it incredibly adaptable to changing <strong>data</strong> structures and rapid application development. Its distributed architecture ensures high performance and horizontal scalability, handling vast amounts of <strong>data</strong> and high user concurrency with ease. Whether you’re a business leader looking to build agile applications, manage <strong>big</strong> ..."
MongoDB,Big Data MongoDB,https://www.researchgate.net/publication/307911831_Big_Data_Integration_A_MongoDB_Database_and_Modular_Ontologies_based_Approach,"PDF | <strong>Big</strong> <strong>Data</strong> are collections of <strong>data</strong> sets so large and complex to process using classical database management tools. Their main characteristics are... | Find, read and cite all the research you need on ResearchGate"
MongoDB,Big Data MongoDB,https://www.knowi.com/blog/is-mongodb-good-for-analytics/,Speed – indexing on this document structure generally provides much quicker <strong>data</strong> access than is typical of relational databases. Scalability – <strong>MongoDB</strong> is built to handle <strong>big</strong> <strong>data</strong> efficiently by partitioning the database into shards.
MongoDB,Big Data MongoDB,https://www.mongodb.com/resources/basics/big-data-explained/big-data-examples-and-guidelines-enterprise-decision-maker,"This whitepaper examines real <strong>big</strong> <strong>data</strong> examples in business, and what to consider when selecting a <strong>big</strong> <strong>data</strong> tool for your business."
MongoDB,Big Data MongoDB,https://www.smartsight.in/technology/mongodb-for-big-data-analytics-the-ideal-connection/,"There was once a time when <strong>data</strong> was highly localized. There did exist many organizations that would deal with large quantities of <strong>data</strong> like telecom organizations, ticket reservation systems, etc. However, the number of such"
MongoDB,Big Data MongoDB,https://www.pluralsight.com/courses/mongodb-big-data-reporting,"This course covers aggregation, reporting, and <strong>big</strong>-<strong>data</strong> issues with <strong>MongoDB</strong>."
MongoDB,Big Data MongoDB,https://www.mongodb.com/resources/products/fundamentals/why-use-mongodb,<strong>MongoDB</strong> is a document-oriented NoSQL database that is used to store large amounts of <strong>data</strong>. Find out other reasons to use <strong>MongoDB</strong> and its use cases.
MongoDB,Big Data MongoDB,https://www.w3schools.com/mongodb/,"W3Schools offers free online tutorials, references and exercises in all the major languages of the web. Covering popular subjects like HTML, CSS, JavaScript, Python, SQL, Java, and many, many more."
MongoDB,Big Data MongoDB,https://www.projectpro.io/article/mongodb-and-hadoop/81,Read this guide on Hadoop vs. <strong>MongoDB</strong> to understand the comparison between Hadoop and <strong>MongoDB</strong> <strong>for</strong> <strong>big</strong> <strong>data</strong> management | ProjectPro
MongoDB,Big Data MongoDB,https://www.reddit.com/r/dataengineering/comments/1dybnt9/is_there_any_future_for_mongodb/,"There’s a lot of serverless Postgres options. Amazon Aurora is a <strong>big</strong> one ... True, though <strong>data</strong> warehousing is a process, not a place. So, one could absolutely use <strong>mongodb</strong> as a <strong>data</strong> warehouse."
MongoDB,Big Data MongoDB,https://stackoverflow.com/questions/73987388/mongodb-big-data-processing-takes-huge-amount-of-time,"I had ran into a pretty <strong>big</strong> issue in my project where I use <strong>MongoDB</strong> as the database. I have a growing collection, with 6 million documents on which I would like to find duplicates in the past 90 da..."
MongoDB,Big Data MongoDB,https://www.techtarget.com/searchdatamanagement/definition/MongoDB,"Scalability. A core function of <strong>MongoDB</strong> is its horizontal scalability, which makes it a useful database for companies running <strong>big</strong> <strong>data</strong> applications. In addition, sharding lets the database distribute <strong>data</strong> across a cluster of machines."
MongoDB,Big Data MongoDB,https://www.edureka.co/blog/mongodb-the-database-for-big-data-processing/,"<strong>MongoDB</strong> was recently named &quot;Database Management System of the Year&quot; As NoSQL database, it makes <strong>MongoDB</strong> the database for <strong>Big</strong> <strong>Data</strong> processing"
MongoDB,Big Data MongoDB,https://www.mongodb.com/products/platform/atlas-database,"Find out how the document model eliminates operational complexity while ensuring unmatched resilience, scalability, and enterprise-grade security through the Atlas cloud database."
MongoDB,Big Data MongoDB,https://medium.com/@hazzlenut/mongodb-an-overview-for-big-data-storage-and-analytics-9142045a62d2,"<strong>MongoDB</strong>: An Overview for <strong>Big</strong> <strong>Data</strong> Storage and Analytics <strong>MongoDB</strong> is an open-source, document-oriented NoSQL database management system that provides flexible and scalable solutions for <strong>data</strong> storage …"
MongoDB,Big Data MongoDB,https://www.mongodb.com/blog/tags/big-data,"Instead, we live in a new machine age, with a vast proliferation of machines emitting <strong>data</strong> in volumes and variety the world has never seen. As such, no single company will be <strong>big</strong> enough to tackle <strong>Big</strong> <strong>Data</strong> alone, declared Cloudera co-founder and chief strategy officer Mike Olson in his <strong>MongoDB</strong> World ..."
MongoDB,Big Data MongoDB,https://empiricaledge.com/blog/mongodb-for-big-data-and-analytics/,"Discover how <strong>MongoDB</strong> enables <strong>big</strong> <strong>data</strong> analytics with scalable, flexible, high-performance solutions, use cases, and best practices."
MongoDB,Big Data MongoDB,https://www.mongodb.com/basics/big-data-analytics,"This article explains what <strong>big</strong> <strong>data</strong> analytics is and provides information on how <strong>MongoDB</strong> can help in effective <strong>big</strong> <strong>data</strong> analytics. It also discusses <strong>big</strong> <strong>data</strong> analytics examples, applications, and challenges."
MongoDB,Big Data MongoDB,https://www.mongodb.com/basics/big-data-explained,"Learn more about <strong>Big</strong> <strong>Data</strong>: what it is, the databases that support it, <strong>Big</strong> <strong>Data</strong> architecture, the applications and challenges of <strong>Big</strong> <strong>Data</strong>, along with examples of <strong>Big</strong> <strong>Data</strong> in use today."
MongoDB,Big Data MongoDB,https://www.mongodb.com/company/newsroom/press-releases/mongodb-fastest-growing-community-big-data,"The <strong>data</strong>, compiled from third-party sources, reflect <strong>MongoDB</strong>’s large community and adoption, excitement around the technology and the company’s trajectory, demonstrating its place as critical <strong>Big</strong> <strong>Data</strong> infrastructure technology."
MongoDB,Big Data MongoDB,https://www.geeksforgeeks.org/mongodb-analytics-for-big-data/,"Your All-in-One Learning Portal: GeeksforGeeks is a comprehensive educational platform that empowers learners across domains-spanning computer science and programming, school education, upskilling, commerce, software tools, competitive exams, and more."
MongoDB,Big Data MongoDB,https://www.mongodb.com/big-data-explained/architecture,<strong>Big</strong> <strong>data</strong> architecture is designed to manage the processing and analysis of complex <strong>data</strong> sets that are too large for traditional database systems.
MongoDB,Big Data MongoDB,https://www.numberanalytics.com/blog/ultimate-guide-mongodb-big-data-analytics,"Discover the power of <strong>MongoDB</strong> <strong>in</strong> <strong>Big</strong> <strong>Data</strong> Analytics, its benefits, and how it revolutionizes <strong>data</strong> processing and management."
MongoDB,Big Data MongoDB,https://www.geeksforgeeks.org/what-is-mongodb-working-and-features/,"<strong>MongoDB</strong> is designed for horizontal scaling, meaning it can: Distribute <strong>data</strong> across multiple servers using sharding. Support automatic load balancing and replication for high availability. Handle <strong>big</strong> <strong>data</strong> and distributed workloads efficiently."
MongoDB,Big Data MongoDB,https://www.openlogic.com/blog/big-data-demand-mongodb,Discover how setting up a <strong>MongoDB</strong> sharded cluster is simple with Vagrant.
MongoDB,Big Data MongoDB,https://cloudactivelabs.com/en/blog/the-role-of-mongodb-in-big-data-analytics,"In the era of <strong>data</strong>-driven decision-making, the ability to analyze vast amounts of information is a key competitive advantage. <strong>MongoDB</strong>, a versatile NoSQL database, plays a pivotal role in enabling organizations to harness the power of <strong>big</strong> <strong>data</strong> analytics. In this blog post, we&#x27;ll explore how ..."
MongoDB,Big Data MongoDB,https://www.mongodb.com/collateral/big-data-examples-and-guidelines-enterprise-decision-maker,"This whitepaper examines real <strong>big</strong> <strong>data</strong> examples in business, and what to consider when selecting a <strong>big</strong> <strong>data</strong> tool for your business."
MongoDB,Big Data MongoDB,https://www.amazon.com/Big-Data-NoSQL-Architecting-MongoDB/dp/1500110434,"<strong>Big</strong> <strong>Data</strong> Nosql Architecting <strong>Mongodb</strong> [Sabharwal, Navin, Edward, Shakuntala Gupta] on Amazon.com. *FREE* shipping on qualifying offers. <strong>Big</strong> <strong>Data</strong> Nosql Architecting <strong>Mongodb</strong>"
MongoDB,Big Data MongoDB,https://community.educationnest.com/knowledge-base/mongodb-the-database-for-big-data-processing/,"In today&#x27;s world, <strong>data</strong> is everywhere. It is generated by users on social media, devices on the Internet of Things (IoT), and many other sources. As <strong>data</strong> grows and complexity, traditional relational databases struggle to keep up. That&#x27;s where <strong>MongoDB</strong> comes in."
MongoDB,Big Data MongoDB,https://www.mongodb.com/resources/products/compatibilities/hadoop-and-mongodb,"With growing adoption across industry and government, Hadoop has rapidly evolved to become an adjunct to – and in some cases a replacement of – the traditional Enterprise <strong>Data</strong> Warehouse. Many organizations are harnessing the power of Hadoop and <strong>MongoDB</strong> together to create complete <strong>big</strong> <strong>data</strong> ..."
MongoDB,Big Data MongoDB,https://www.researchgate.net/publication/389682323_Scaling_with_MongoDB_Solutions_for_Handling_Big_Data_in_Real-Time,"PDF | The technical challenges and practical solutions for scaling <strong>big</strong> <strong>data</strong> applications in <strong>MongoDB</strong> with a real-time environment are examined in this... | Find, read and cite all the research you need on ResearchGate"
MongoDB,Big Data MongoDB,https://www.mongodb.com/scale/online-vs-offline-big-data,Download our white paper on <strong>Big</strong> <strong>Data</strong> to learn more about the differences between Online Vs Offline <strong>Big</strong> <strong>Data</strong> and much more.
MongoDB,Big Data MongoDB,https://stackoverflow.com/questions/43724724/advice-for-big-data-architecture-mongodb-spark,"I need to implement a <strong>big</strong> <strong>data</strong> storage + processing system. The <strong>data</strong> increases in a daily basis ( about max 50 million rows / day) , <strong>data</strong> complies of a very simple JSON document of about 10 field..."
eXist,Большие данные eXist,https://vtgstudy.com/ru/news/ru-big-data-bolshie-dannye-bolshie-vozmozhnosti/,"Термин «<strong>Big Data</strong>» – большие данны, существует уже некоторое время, однако, вокруг него все еще много путаницы относительно его значения и толкования."
eXist,Большие данные eXist,https://wiki.loginom.ru/articles/big-data.html,"<strong>Массивы данных, объемы которых настолько велики, что их обработка традиционными средствами становится неэффективной или невозможной</strong>. А также комплекс средств ..."
eXist,Большие данные eXist,https://courses.sberuniversity.ru/beginner-ai-literacy/2/1,"Большие данные (Big Data) — <strong>технология, которая позволяет организациям хранить невероятно огромные объемы данных, управлять ими и обрабатывать так, чтобы своевременно получать информацию, необходимую для принятия решений</strong>..."
eXist,Большие данные eXist,https://www.function-x.ru/sql_exists.html,"Предикат SQL EXISTS и возможности создавать с его помощью дополнительные условия выборки данных, правила использования и примеры"
eXist,Большие данные eXist,https://trends.rbc.ru/trends/industry/5ea9bfdf9a7947678acbf8b1,"Большие данные — они же биг дата (англ. Big Data) или метаданные — это <strong>массив данных, которые поступают регулярно и в большом объеме</strong>."
eXist,Большие данные eXist,https://articles.moluch.ru/archive/500/109817,"В современном мире, где каждый клик, каждый пост в социальной сети и каждая транзакция генерируют данные, большие данные стали неотъемлемой частью бизнес-стратегий."
eXist,Большие данные eXist,https://xmldatafeed.com/statistika-bolshih-dannyh-2022-skolko-sushhestvuet-bolshih-dannyh/,"Термин &quot;Большие данные&quot; существует с 1990-х годов, но не был широко услышан и использован до 2005 года, когда Роджер Мугалус из O&#x27;Reilly Media придумал"
eXist,Большие данные eXist,https://docs.exponenta.ru/simulink/slref/working-with-big-data.html,"Большие данные <strong>относятся к данным, которые являются слишком большими, чтобы загрузить в системную память целиком</strong>."
eXist,Большие данные eXist,https://xmldatafeed.com/bolshie-dannye-podrobnyj-razbor/,"Каждое нажатие, пролистывание, &quot;нравится&quot; и &quot;поделиться&quot; вносит свой вклад в <strong>Большие</strong> <strong>Данные</strong>"
eXist,Большие данные eXist,https://journals.rcsi.science/0869-0499/article/view/259151,Social Sciences and Contemporary World No 1 (2024)
eXist,Большие данные eXist,https://sky.pro/wiki/sql/rabota-operatora-exists-s-podzaprosami-v-sql-printsipy-i-primery/,"Оператор EXISTS можно сравнить с индикатором наличия <strong>данных</strong>, не учитывающим их количество. Большинство видов использования EXISTS подразумевают применение подход..."
eXist,Большие данные eXist,https://qna.habr.com/q/559282,"Ответили на вопрос 3 человека. Оцените лучшие ответы! И подпишитесь на вопрос, чтобы узнавать о появлении новых ответов."
eXist,Большие данные eXist,https://www.exist.ru/Help/?Id=114,Как поменять офис регистрации · Как удалить мою учетную запись
eXist,Большие данные eXist,https://sky.pro/wiki/sql/exists-vs-in-v-sql-razlichiya-i-primery-ispolzovaniya/,EXISTS: возвращает TRUE сразу после обнаружения первого подходящего результата в подзапросе. Это оптимально при работе с <strong>большими</strong> наборами <strong>данных</strong>.
eXist,Большие данные eXist,https://sql-tutorial.ru/ru/book/sql_dml/select_statement/set_theoretic_operations_and_select_statement/exists_predicate/,"Предикат EXISTS принимает значение TRUE, если подзапрос содержит любое количество строк, иначе его значение равно FALSE. Для NOT EXISTS все наоборот. Этот предикат никогда ..."
eXist,Большие данные eXist,https://russianblogs.com/article/940223514/,"После этого ... B <strong>большие</strong>, потому что они будут проходить все <strong>данные</strong> таблицы B один раз. Количество обходов - это количество данных в таблице A * количество данных в таблице B. <strong>exist</strong> () ..."
eXist,Большие данные eXist,https://learn.microsoft.com/ru-ru/sql/t-sql/language-elements/exists-transact-sql?view=sql-server-ver16,Этот браузер <strong>больше</strong> не поддерживается.
eXist,Большие данные eXist,http://www.codenet.ru/db/mssql/read11.php,"CodeNet - все для программиста. Начиная от программирования для Web, заканчивая системным программированием. <strong>Большое</strong> количество документации по программированию ..."
eXist,Большие данные eXist,https://metanit.com/sql/sqlserver/6.3.php,Оператор EXISTS и проверка на существование T-SQL в MS SQL Server 2016
eXist,Большие данные eXist,https://www.osp.ru/winitpro/2017/01/13051252,"Оптимизатор SQL Server, проверка на наличие и грамотное написание кода"
eXist,Большие данные eXist,https://ru.stackoverflow.com/questions/804976/%D0%9F%D1%80%D0%BE%D0%B2%D0%B5%D1%80%D0%BA%D0%B0-%D1%81%D1%83%D1%89%D0%B5%D1%81%D1%82%D0%B2%D0%BE%D0%B2%D0%B0%D0%BD%D0%B8%D1%8F-%D1%82%D0%B0%D0%B1%D0%BB%D0%B8%D1%86%D1%8B-%D0%BD%D0%B0-postgresql,"Добрый день, я новичок в разработке! Имя базы Shop, таблица users. Столкнулся со сложностью, в том, что не могу понять, какой нужен скрипт, чтоб проверить существует ли ..."
eXist,Большие данные eXist,https://yaa.ms/dictionary/bolshie-dannye,"Определение термина <strong>Большие</strong> <strong>данные</strong> (Big Data). Объёмные, разнородные массивы <strong>данных</strong>, которые характеризуются высокой скоростью генерации и требуют для обработки ..."
eXist,Большие данные eXist,https://www.yaklass.ru/p/informatics/7-klass/teoreticheskie-osnovy-informatiki-7279386/informatciia-i-deistviia-s-informatciei-6683201/re-071b2179-7349-4103-93a4-130d3307e645,"Урок по теме Определение <strong>данных</strong>. <strong>Большие</strong> <strong>данные</strong>. Теоретические материалы и задания Информатика, 7 класс. ЯКласс — онлайн-школа нового поколения."
eXist,Большие данные eXist,https://lifehacker.ru/bigdannost/,"За переводом денег, безопасной покупкой и удобным маршрутом стоят <strong>большие</strong> <strong>данные</strong>. Вот за что ещё они отвечают."
eXist,Большие данные eXist,https://fanruan.ru/blog/bolshie-dannye-eto-chto-takoe-i-pochemu-oni-vazhny-dlya-biznesa,"<strong>Большие</strong> <strong>данные</strong> это массивы информации, которые помогают бизнесу принимать решения, повышать эффективность и находить новые возможности для роста."
eXist,Большие данные eXist,https://online.hse.ru/blog/statyi/marketing/chto-takoe-bolshie-dannye-big-data-i-kak-oni-ustroeny,"Что такое <strong>большие</strong> <strong>данные</strong> простыми словами, их характеристики. Как работает технология, примеры и сферы использования. Основы работы с Big Data: как их собирают, хранят ..."
eXist,Большие данные eXist,https://www.vedomosti.ru/press_releases/2025/11/17/bolshie-dannie-kak-draiver-razvitiya-biznesa-i-sistem-bezopasnosti,"Согласно определению от аналитической компании Gartner «<strong>Большие</strong> <strong>данные</strong>» (Big Data) — это наборы <strong>данных</strong>, которые обладают совокупностью или сочетанием нижеперечисленных ..."
eXist,Большие данные eXist,https://intechnology.ru/media/articles/bolshie-dannye-big-data-i-kiberbezopasnost/,Комплекс IT продуктов «Диспетчер» . Полезные статьи. <strong>Большие</strong> <strong>данные</strong> (Big Data) и кибербезопасность
eXist,Большие данные eXist,https://habr.com/ru/hub/bigdata/top/alltime,"Меня спросили: «Сколько у вас опыта с <strong>большими</strong> <strong>данными</strong> и Hadoop?» Я ответил, что часто использую Hadoop, но редко — с объёмами <strong>данных</strong> <strong>больше</strong> нескольких ТБ."
eXist,Большие данные eXist,https://www.ibm.com/developerworks/ru/library/bd-bigdatacloud/,"Эта статья посвящена использованию языка R и аналогичных инструментов для анализа <strong>больших</strong> <strong>данных</strong>, а также методам масштабирования облачных сервисов для работы ..."
eXist,Большие данные eXist,https://shalaginov.com/2019/08/21/6285/,"Структурированные и неструктурированные <strong>данные</strong> На каждом предприятии существует множество различных баз данных, которые пополняются от источников структур..."
eXist,Большие данные eXist,https://rb.ru/howto/chto-takoe-big-data/,"Что такое <strong>большие</strong> <strong>данные</strong> и для чего они нужны, где хранят и как обрабатывают big data, какие методы анализа существуют и в чем преимущество <strong>данной</strong> технологии — читайте ..."
eXist,Большие данные eXist,https://www.itweek.ru/bigdata/article/detail.php?ID=211567,"Периферийные устройства будут собирать, анализировать и хранить информацию о пользователе, его окружении и их взаимодействии. В результате <strong>большая</strong> часть ..."
eXist,Большие данные eXist,https://biz.nv.ua/experts/bolshie-dannye-nuzhny-li-oni-vam-obmanchivoe-vospriyatiya-i-ogranicheniya-big-data-50089635.html,"Big data важна для бизнеса. Но это не «волшебная таблетка» — использовать ее следует осторожно, понимая все ограничения."
eXist,Большие данные eXist,https://habr.com/ru/post/702366/,"Автор Liwei Yin Опубликовано 01.11.2022 В статье SQL Server Cardinality Estimation: несколько статистик по одному столбцу рассказывалось о том, как SQL Server вычисляет статистику по..."
eXist,Большие данные eXist,https://timeweb.cloud/blog/chto-takoe-big-data-kak-iskat-hranit-i-ispolzovat,"Даем определение что такое Big Data, рассказываем, как собирать <strong>большие</strong> <strong>данные</strong>, как их хранить, как с ними работать (технологии, методы и средства)."
eXist,Большие данные eXist,https://moluch.ru/archive/500/109817/,Научная статья из журнала «Молодой ученый» (рубрика «Информационные технологии»).
eXist,Большие данные eXist,https://xmldatafeed.com/15-luchshih-instrumentov-dlya-raboty-s-bolshimi-dannymi-o-kotoryh-vam-nuzhno-znat-v-2021-godu/,"<strong>Большие</strong> <strong>данные</strong>, или «big data», считаются неотъемлемой частью отрасли, поскольку они стали насущной потребностью. Растет число проблем как в области"
eXist,Большие данные eXist,http://sql-tutorial.ru/ru/book_exists_predicate.html,"Предикат EXISTS принимает значение TRUE, если подзапрос содержит любое количество строк, иначе его значение равно FALSE. Для NOT EXISTS все наоборот. Этот предикат никогда ..."
eXist,"""Большие данные"" eXist",https://trends.rbc.ru/trends/amp/news/5dbaaacd9a7947428c6afc2e,"Видео 1 Как выглядят <strong>большие</strong> <strong>данные</strong> в реальности, вы увидите в репортаже РБК из Центра обработки <strong>данных</strong>, а визуализацию вирусов, ведущих атаки на сервера компаний ..."
eXist,"""Большие данные"" eXist",https://vietnamjournal.ru/0869-0499/article/view/676307,<strong>Большие</strong> <strong>данные</strong> как источник рыночной власти цифровых платформ
eXist,"""Большие данные"" eXist",https://learn.microsoft.com/ru-ru/archive/msdn-magazine/2015/january/big-data-protect-your-online-services-with-big-data-and-machine-learning,"Один из основных ресурсов онлайновых сервисов обычно не замечают: <strong>большие</strong> <strong>данные</strong> (Big Data), создаваемые журналами запросов и результатами мониторингом операционных ..."
eXist,Big Data eXist,https://en.wikipedia.org/wiki/Big_data,"Recent developments in BI domain, such as pro-active reporting especially target improvements in the usability of big data, through automated filtering of non-useful data and correlations. Big structures are full of spurious correlations either because of non-causal coincidences (law of truly large numbers), solely nature of big randomness (Ramsey theory), or existence of non-included factors so the hope, of early experimenters to make large databases of numbers &quot;speak for themselves&quot; and revolutionize scientific method, is questioned."
eXist,Big Data eXist,https://motherduck.com/blog/big-data-is-dead/,"The most surprising thing that I learned was that most of the people using “Big Query” don’t really have Big Data. Even the ones who do tend to use workloads that only use a small fraction of their dataset sizes. When BigQuery came out, it was like science fiction for many people-- you literally couldn’t process data that fast in any other way."
eXist,Big Data eXist,https://techcrunch.com/2015/09/10/big-data-doesnt-exist/,"Why do companies lie about the size of their data? Because they want to feel like one of the big dogs. They’ve heard about the enormous reserves of data collected by the likes of Amazon, Facebook and Google. And even though they don’t have the reach to collect that much data — or the money to buy it — they want to feel (and have outsiders think) they are in on the trend."
eXist,Big Data eXist,https://www.information-age.com/why-big-data-doesnt-exist-its-all-about-the-value-18258/,"Nick Felton, SVP at MHR Analytics, discusses why big data doesn&#x27;t exist, and it’s not about the size of your data, but the value it brings."
eXist,Big Data eXist,https://www.oracle.com/big-data/what-is-big-data/,"Big data is larger, more complex data sets, especially from new data sources. Learn about the definition and history as well as big data benefits, challenges, and best practices."
eXist,Big Data eXist,https://cloud.google.com/learn/what-is-big-data,"Read on to learn the definition of big data, some of the advantages of big data solutions, common big data challenges, and how Google Cloud is helping organizations build their data clouds to get more value from their data."
eXist,Big Data eXist,https://ischool.syracuse.edu/what-is-big-data/,"Learn what big data is, how it works, and why it matters in today’s digital world. Discover key benefits, tools, and industry use cases."
eXist,Big Data eXist,https://www.reddit.com/r/programming/comments/1d1qia0/big_data_is_dead/,"<strong>Big data still exists and means exactly what it always meant</strong>. It was never about size, it was always about surveillance."
eXist,Big Data eXist,https://www.sap.com/products/technology-platform/what-is-big-data.html,"Big Data is <strong>the ocean of information we swim in every day – vast zettabytes of data flowing from our computers, mobile devices, and machine sensors</strong>. This data is used by organizations to drive decisions, improve processes and policies, and ..."
eXist,Big Data eXist,https://www.sciencedirect.com/topics/engineering/big-data,"They can be extremely difficult to analyze and visualize with any personal computing devices and conventional computational methods [1]. In fact, enormous datasets of complex structures have been generated and used for a long time, for example, in satellite imagery (SI), raster data, geographical, biological, and ecological data; data used for scientific research can also be considered as “big data.” Nowadays, we see that many different kinds of big data exist in our lives, from social media data (SMD), to organization and enterprise data, to the sensor data on the Internet of Things (e.g., metrological data about our environment and healthcare data)."
eXist,Big Data eXist,https://www.investopedia.com/terms/b/big-data.asp,Big data is <strong>a large volume of information collected quickly with high velocity</strong>. It consists of a variety of reliable information with proven veracity and provides value to corporate entities.
eXist,Big Data eXist,https://venturebeat.com/business/big-data-is-dead-whats-next/,"<strong>Any established vendor offering a storage or analytics product for a tiny or a large amount of data</strong> is now branded as big data, even if their technology is exactly the same as it was 5 years ago (thank you, marketing departments!)."
eXist,Big Data eXist,https://www.techtarget.com/searchdatamanagement/definition/big-data,"In addition, a combination of data from electronic health records, social media sites, the web and other sources gives healthcare organizations and government agencies up-to-date information on infectious disease threats and outbreaks. There are multiple benefits organizations can get by using big data."
eXist,Big Data eXist,https://www.sas.com/en_us/insights/big-data/what-is-big-data.html,"Big data refers to data that is so large, fast or complex that it’s difficult or impossible to process using traditional methods. The act of accessing and storing large amounts of information for analytics has been around for a long time."
eXist,Big Data eXist,https://www.apu.apus.edu/area-of-study/business-and-management/resources/what-is-big-data/,"This type of data could include a gamut of things, such as text documents, social media posts, log files brimming with user activities, and data collected from various devices. This Big Data category typically includes a plethora of data types, such as videos, photos, audio files, web pages, social media posts, and other multimedia content."
eXist,Big Data eXist,https://www.ibm.com/think/topics/big-data,"Traditional data analytics typically ... small sizes. Big data, by contrast, <strong>encompasses massive datasets in various formats, including structured, semi-structured and unstructured data</strong>...."
eXist,Big Data eXist,https://codilime.com/blog/big-data/,"For example, in 2021, 79 zettabytes of data were generated. ... Big data analytics require different types of data. They can be divided into three categories: structured data, such as financial records or login times; unstructured data, which means text or multimedia files; and semistructured data, e.g."
eXist,Big Data eXist,https://www.cloudflare.com/learning/ai/big-data/,"Data from user Internet activity, web applications, and Internet of Things (IoT) devices can be logged and analyzed in order to make predictions or train advanced artificial intelligence (AI) models. Big data can come from publicly available sources, or it can be proprietary."
eXist,Big Data eXist,https://builtin.com/big-data,"Big data is generated, processed and analyzed at high speeds. Companies and organizations must have the capabilities to harness this data and generate insights from it in real-time, otherwise it’s not very useful."
eXist,Big Data eXist,https://www.oracle.com/asean/big-data/what-is-big-data/,"Organizations implementing <strong>big</strong> <strong>data</strong> solutions and strategies should assess their skill requirements early and often and should proactively identify any potential skill gaps. These can be addressed by training/cross-training <strong>existing</strong> resources, hiring new resources, and leveraging consulting firms."
eXist,Big Data eXist,https://hbr.org/2012/10/big-data-the-management-revolution,"<strong>Big</strong> <strong>data</strong>, the authors write, is far more powerful than the analytics of the past. Executives can measure and therefore manage more precisely than ever before. They can make better predictions and smarter decisions. They can target more-effective interventions in areas that so far have been ..."
eXist,Big Data eXist,https://bernardmarr.com/what-is-big-data/,"Or browse other articles related on <strong>Big</strong> <strong>Data</strong> and AI. By now, “smart” versions <strong>exist</strong> of just about every home appliance, gadget and gizmos we can think of."
eXist,Big Data eXist,https://www.geeksforgeeks.org/big-data/what-is-big-data/,"Your All-in-One Learning Portal. It contains well written, well thought and well explained computer science and programming articles, quizzes and practice/competitive programming/company interview Questions."
eXist,Big Data eXist,https://www.domo.com/learn/article/4-ways-to-tell-if-your-data-is-big-data,"<strong>Big</strong> <strong>data</strong> differs from regular <strong>data</strong> in its volume, its velocity, and its variety. <strong>Big</strong> datasets have more rows than regular datasets, update more frequently and are queried more often, and carry more types of <strong>data</strong> than just integers and text. If a business is struggling to handle their <strong>data</strong> with ..."
eXist,Big Data eXist,https://www.reddit.com/r/dataengineering/comments/pvnq06/what_is_big_data_and_where_is_it_actually_used/,"11 votes, 25 comments. So I&#x27;ve been listening about <strong>Big</strong> <strong>data</strong> everywhere , what is this field ? Is it related to <strong>data</strong> engg. ? And how can a beginner…"
eXist,Big Data eXist,https://www.intel.com/content/www/us/en/artificial-intelligence/analytics/what-is-big-data.html,"<strong>Big</strong> <strong>data</strong> is high-volume, unstructured <strong>data</strong> - the kind of <strong>data</strong> created by social media, global banking, and the internet itself. See why it matters."
eXist,Big Data eXist,https://www.betteroptima.com/nohypeanalyticsblog/bigdata,"What happened to the <strong>big</strong> <strong>data</strong> craze, does <strong>big</strong> <strong>data</strong> still <strong>exist</strong>, and what can we learn from the <strong>big</strong> <strong>data</strong> craze"
eXist,Big Data eXist,https://ischoolonline.berkeley.edu/blog/what-is-big-data/,"What is <strong>big</strong> <strong>data</strong>? To some it represents a cultural shift and for others it’s simply a concept. Here we deconstruct the term “<strong>big</strong> <strong>data</strong>,” and discuss how we should talk about it and what it sets us up to do for the future with AnnaLee Saxenian, dean of the UC Berkeley School of Information ..."
eXist,Big Data eXist,https://csweb.rice.edu/academics/graduate-programs/online-mds/blog/what-is-big-data,Extracting insights from <strong>data</strong> increasingly requires <strong>data</strong> scientists to process and analyze <strong>big</strong> <strong>data</strong>. Learn what <strong>big</strong> <strong>data</strong> is &amp; how it relates to <strong>data</strong> science.
eXist,Big Data eXist,https://www.netsuite.com/portal/resource/articles/data-warehouse/big-data.shtml,<strong>Big</strong> <strong>data</strong> can also be extensional when new fields can be readily added to the dataset or the <strong>existing</strong> fields can be easily modified.
eXist,Big Data eXist,https://www.snowflake.com/en/fundamentals/big-data/,"Gain insights on the intricacies of <strong>big</strong> <strong>data</strong>. Made up of large and continuously growing <strong>data</strong> sets, <strong>big</strong> <strong>data</strong> creates complexity and opportunity for organizations. While challenging to manage, optimizing <strong>big</strong> <strong>data</strong> is essential for organizations to make the most informed decisions, improve processes ..."
eXist,Big Data eXist,https://www.amazon.com/Big-Data-Revolution-Transform-Think/dp/0544002695,"The authors state, The correlations may not tell us precisely why something is happening, but they alert us that it is happening. For individuals, <strong>big</strong> <strong>data</strong> risks an invasion of privacy, as vast amounts of personal <strong>data</strong> are collected and the potential <strong>exists</strong> to accuse a person of some possible ..."
eXist,Big Data eXist,https://www.linkedin.com/pulse/big-data-new-mega-trend-lalit-kumar-dhingra,The companies that are on this ... is the biggest asset they have. Most of the online companies have ability to collect user information that can be effectively used by other companies and hence this collected <strong>data</strong> can be an asset that can be used by another line of business. Most of the companies have ventured into analyzing the <strong>data</strong> but still they are struggling to manage large sets of <strong>data</strong> that is coming in. There are many tools and technologies that <strong>exist</strong> today for ...
eXist,Big Data eXist,https://www.ncbi.nlm.nih.gov/pmc/articles/PMC7041862/,The aim of this study is to examine the understanding of the meaning of <strong>Big</strong> <strong>Data</strong> from the perspectives of researchers in the fields of psychology and sociology in order to examine whether researchers consider currently <strong>existing</strong> definitions to be adequate and investigate if a standard discipline ...
eXist,Big Data eXist,https://fastdatascience.com/big-data/,"Organizations often face difficulties ... <strong>existing</strong> operations. Managing <strong>Data</strong> Volume and Velocity The sheer volume and speed at which <strong>data</strong> is generated pose significant challenges in terms of storage, processing, and analysis. Managing these aspects requires sophisticated technologies and approaches, which can complicate the architecture of <strong>big</strong> <strong>data</strong> ..."
eXist,Big Data eXist,https://www.tableau.com/learn/articles/what-is-big-data,"We’ll address these questions ... your <strong>big</strong> <strong>data</strong>. In the 1960s, the United States created a large <strong>data</strong> center to store millions of tax records. This <strong>data</strong> center was the first real use case of digital <strong>data</strong> management. Through the 1990s and 2000s, leaders in the <strong>data</strong> space worried that <strong>existing</strong> technology ..."
eXist,Big Data eXist,https://www.informatica.com/resources/articles/what-is-big-data.html,Unsure what “<strong>big</strong> <strong>data</strong>” is? Learn about <strong>big</strong> <strong>data</strong> characteristics and how to use <strong>big</strong> <strong>data</strong> to make better decisions and improve productivity. Get started today.
eXist,Big Data eXist,https://www.teradata.com/insights/data-architecture/what-is-big-data-and-does-it-still-matter,"The definition of <strong>Big</strong> <strong>Data</strong> has changed throughout history. Today, it&#x27;s best understood in the context of how each enterprise intends to use it. Learn more."
eXist,Big Data eXist,https://www.business.com/articles/reinventing-business-intelligence-ways-big-data-is-changing-business/,"What is <strong>big</strong> <strong>data</strong>, and how can you use it to increase your business&#x27;s success?"
eXist,Big Data eXist,https://scienceexchange.caltech.edu/topics/artificial-intelligence-research/big-data-research-artificial-intelligence,<strong>Big</strong> <strong>data</strong> sets are too complex for humans or traditional software to analyze. Some form of machine learning is needed to analyze the huge amounts of <strong>data</strong> we generate today.
eXist,Big Data eXist,https://www.frontiersin.org/journals/big-data/articles/10.3389/fdata.2020.00031/full,"Researchers self-assessed a radically ... of the <strong>big</strong> <strong>data</strong> field, claiming a considerable autonomy for themselves, but without managing to justify this conceptual move and without establishing new epistemological standards. The scientific community is struggling to reach a shared definition that currently does not <strong>exist</strong>..."
eXist,Big Data eXist,https://pmc.ncbi.nlm.nih.gov/articles/PMC7931920/,"Researchers self-assessed a radically ... of the <strong>big</strong> <strong>data</strong> field, claiming a considerable autonomy for themselves, but without managing to justify this conceptual move and without establishing new epistemological standards. The scientific community is struggling to reach a shared definition that currently does not <strong>exist</strong>..."
eXist,Big Data eXist,https://www.britannica.com/technology/big-data,"<strong>Big</strong> <strong>data</strong>, in technology, a term for large datasets. The term originated in the mid-1990s and was likely coined by Doug Mashey, who was chief scientist at the American workstation manufacturer SGI (Silicon Graphics, Inc.). <strong>Big</strong> <strong>data</strong> is traditionally characterized by the “three V’s”: volume, ..."
eXist,Big Data eXist,https://gijn.org/stories/what-is-big-data/,"“<strong>Big</strong> <strong>Data</strong>.” It seems like the phrase is everywhere. The term was added to the Oxford English Dictionary in 2013, appeared in Merriam-Webster’s Collegiate Dictionary by 2014, and Gartner’s just-released 2014 Hype Cycle shows “<strong>Big</strong> <strong>Data</strong>” passing the “Peak of Inflated Expectations” ..."
eXist,Big Data eXist,https://quizlet.com/63212044/big-data-flash-cards/,"Study with Quizlet and memorize flashcards containing terms like What is <strong>Big</strong> <strong>Data</strong>?, T/F: <strong>Big</strong> <strong>Data</strong> is an objective term?, Describe at least three sources of <strong>Big</strong> <strong>Data</strong>. and more."
eXist,Big Data eXist,https://www.sciencedirect.com/topics/engineering/defined-big-data,"Several recent reviews of <strong>big</strong> <strong>data</strong>-based UESS research <strong>exist</strong>, but they focused only on a few types of <strong>big</strong> <strong>data</strong> or on certain aspects of urban sustainability. For example, Ilieva and McPhearson (2018) reviewed the applications of social media <strong>data</strong> (SMD) in urban sustainability research."
eXist,Big Data eXist,https://medium.com/centric-tech-views/big-data-gone-missing-what-the-heck-happened-to-this-viral-business-trend-f557671b881d,"For the sake of this discussion, “<strong>big</strong> <strong>data</strong>” refers to an era or a cultural flashpoint in the business and technology world: the explosion of consumer <strong>data</strong> that came into <strong>existence</strong> around the early 2010s, the way business and technology professionals thought about it at the time, and the ..."
eXist,Big Data eXist,https://www.frontiersin.org/journals/big-data/articles/10.3389/fdata.2024.1441869/full,"The <strong>Big</strong> <strong>Data</strong> ecosystem category represents a comprehensive structure of the different levels of technology solutions that <strong>exist</strong>. Various applications such as Hadoop, MapReduce, and NoSQL are commonly mentioned in this category. The authors of those studies show a strong familiarity with how ..."
eXist,Big Data eXist,https://www.coursera.org/articles/what-is-big-data-a-laypersons-guide,"<strong>Big</strong> <strong>data</strong> refers to large <strong>data</strong> sets that can be studied to reveal patterns, trends, and associations. The vast number of <strong>data</strong> collection avenues means that <strong>data</strong> can now come in larger quantities, be gathered much more quickly, and <strong>exist</strong> in a greater variety of formats than ever before."
eXist,Big Data eXist,https://www.oracle.com/anz/big-data/what-is-big-data/,"Organizations implementing <strong>big</strong> <strong>data</strong> solutions and strategies should assess their skill requirements early and often and should proactively identify any potential skill gaps. These can be addressed by training/cross-training <strong>existing</strong> resources, hiring new resources, and leveraging consulting firms."
eXist,Big Data eXist,https://www.igmguru.com/blog/what-is-big-data,"Structured <strong>data</strong> and its components can be easily organized, allowing professionals to interpret simple algorithms for analysis. It includes machine logs, financial info and demographic details. Structured info does not appear as <strong>big</strong> <strong>data</strong> even if it <strong>exists</strong> in expansive volumes because it does ..."
eXist,Big Data eXist,https://bau.edu/blog/characteristics-of-big-data/,"Our world has never been more technologically advanced. Technology is continuously bombarding us in all aspects of our lives. Mobile phones, social networks,"
eXist,Big Data eXist,https://www.geeksforgeeks.org/data-engineering/what-is-big-data/,"Your All-in-One Learning Portal. It contains well written, well thought and well explained computer science and programming articles, quizzes and practice/competitive programming/company interview Questions."
eXist,Big Data eXist,https://uwex.wisconsin.edu/stories-news/what-is-big-data/,What is <strong>big</strong> <strong>data</strong>? Find out. Then consider earning your master&#x27;s degree or graduate certificate in <strong>data</strong> science online from the University of Wisconsin.
eXist,Big Data eXist,https://www.atscale.com/glossary/big-data/,"<strong>Big</strong> <strong>data</strong> consists of large, complex <strong>data</strong> sets that can’t be processed using traditional methods. Learn the definition, challenges, use cases, and more."
eXist,Big Data eXist,https://digileaders.com/whats-difference-big-data-data/,"I will repeat that: I heard no ... of <strong>data</strong> (<strong>BIG</strong> or otherwise). <strong>Data</strong> and its analysis appeared to sit as an ‘appendix’ on the side of government. Being in an appendix means that it is not involved in the day to day workings and processes of government. This may have been the fault of the specific examples, but I would love to hear of some more in future conferences. Today, many more excellent tools, platforms and ideas <strong>exist</strong> in the field ..."
eXist,Big Data eXist,https://www.vaia.com/en-us/explanations/computer-science/big-data/,"A plethora of activities materialise ... of a <strong>Big</strong> <strong>Data</strong> engineer. Key tasks usually include: Designing, managing, and maintaining large scale <strong>data</strong> process flow, architecture and system. Building scalable, high-performance architectures for processing and analysing <strong>data</strong>. Developing and configuring network communication. Ensuring the systems meet business requirements and industry practices. Integrating new <strong>data</strong> management technologies and <strong>existing</strong> <strong>data</strong> ..."
eXist,Big Data eXist,https://www.integrate.io/glossary/what-is-big-data/,"<strong>Big</strong> <strong>data</strong> is a term used for large <strong>data</strong> sets that include structured, semi-structured, and unstructured <strong>data</strong>. | Glossary"
eXist,Big Data eXist,https://stats.stackexchange.com/questions/173060/what-exactly-is-big-data,"He denotes this as the &quot;<strong>Big</strong> <strong>Data</strong> Mirage&quot;. 90% Can be reduced to a small/ medium <strong>data</strong> problem with subsetting/sampling/summarising · 9% Can be reduced to a very large number of small <strong>data</strong> problems ... Slides can be found here. ... $\begingroup$ @GuðmundurEinarsson, I have just edited it in, thanks for the suggestion. $\endgroup$ ... $\begingroup$ While I do not think clear cut bounds <strong>exist</strong>..."
Berkeley DB XML,Большие данные Berkeley DB XML,https://github.com/berkeleydb/dbxml,Berkeley DB XML: XPath/XQuery Document Storage using Berkeley DB - berkeleydb/dbxml
Berkeley DB XML,Большие данные Berkeley DB XML,https://www.xml.com/pub/a/2003/05/07/bdb.html,"Anyone using XSLT or any DOM-aware application to process very large documents will run into this problem; a 100 megabyte file may require as much as 1.2 gigs of available memory. Berkeley DB XML can easily hold gigabytes of XML data, making it all easily addressable via XPath queries."
Berkeley DB XML,Большие данные Berkeley DB XML,https://docs.oracle.com/cd/E17276_01/html/programmer_reference_xml/intro.html,"Berkeley DB XML (BDB XML) is <strong>a programmatic toolkit specifically designed to store and manage XML data in its native format</strong>. BDB XML is built on top of the existing Berkeley DB database product, which provides fast, reliable, scalable, and mission-critical database support."
Berkeley DB XML,Большие данные Berkeley DB XML,https://link.springer.com/book/9781590596661,"Berkeley DB XML has the potential to dramatically simplify the development of your application&#x27;s data tier. With native XML storage, flexible indexing, and the powerful XQuery query language (think SQL for XML), BDB XML provides everything you need for efficient XML management."
Berkeley DB XML,Большие данные Berkeley DB XML,https://www.amazon.com/Definitive-Guide-Berkeley-DB-XML/dp/1590596668,"Berkeley DB XML has the potential to dramatically simplify the development of your application&#x27;s data tier. With native XML storage, flexible indexing, and the powerful XQuery query language (think SQL for XML), BDB XML provides everything you need for efficient XML management."
Berkeley DB XML,Большие данные Berkeley DB XML,https://pdf.directindustry.com/pdf/oracle/berkeley-db-xml/27142-280773.html,"Berkeley DB XML is equally at home managing validation • Runs in process with the application • Concurrent access by multiple content at nodes within a Service-Oriented Architecture (SOA), storing data for a PHP Web application, and managing massive volume of genomic or geographic data requiring complex query analysis."
Berkeley DB XML,Большие данные Berkeley DB XML,https://www.oracle.com/technetwork/products/berkeleydb/overview-of-berkeley-database-xml-129973.pdf,• designed and implemented DB XML on top of Berkeley · DB · • has now moved involvement outside of Sleepycat with · Parthenon Computing · • Gareth Reakes · • cofounder Parthenon · • VP Apache organization · • chair of Xerces project · DB XML Background ·
Berkeley DB XML,Большие данные Berkeley DB XML,https://download.cnet.com/oracle-berkeley-db-xml/3000-10254_4-75184077.html,"Store and index XML content for fast, scalable and predictable access. Oracle Berkeley DB XML is <strong>an XML database with support for XQuery designed to store and index XML content for fast, scalable and predictable access</strong>. It is a C, C++ library that links into your application."
Berkeley DB XML,Большие данные Berkeley DB XML,https://www.xml.com/pub/a/2008/05/07/under-the-hood-oracle-berkeley-db-xml.html,Oracle Berkeley DB XML database stores XML data in a container. A container is managed with a XmlManager object. XML documents may be stored in a Oracle Berkeley DB XML database as whole documents or a set of nodes. It&#x27;s recommended to store whole documents if the documents are relatively small and loading performance is more important than query performance.
Berkeley DB XML,Большие данные Berkeley DB XML,https://stackoverflow.com/questions/1493341/is-berkeley-db-xml-a-viable-database-backend,"Like Oracle Berkeley DB, it runs in process with the application with no need for human administration. Oracle Berkeley DB XML adds a document parser, XML indexer and XQuery engine on top of Oracle Berkeley DB to enable the fastest, most efficient retrieval of data."
Berkeley DB XML,Большие данные Berkeley DB XML,https://www.haskell.org/haskellwiki/BerkeleyDBXML,"All the important topics are covered in &quot;Getting Started with Berkeley DB XML&quot; guide that comes with the Berkeley DB XML distribution, so I will only cover more Haskell-specific things here. Berkeley DBXML returns its document contents as a strict ByteString containing XML text."
Berkeley DB XML,Большие данные Berkeley DB XML,https://www.oracle.com/downloads/licenses/berkeleydb-xmloslicense.html,"Berkeley DB XML makes use of Berkeley DB for storage of XML data, indexes, and other information.It also depends on two other 3 rd party software packages.These are all included as part of each Berkeley DB XML download package for convenience sake.The first 3 rd party package is XQilla ."
Berkeley DB XML,Большие данные Berkeley DB XML,https://coderoad.ru/1493341/Является-ли-Berkeley-DB-XML-жизнеспособным-бэкендом-базы-данных,"Наше приложение использует berkeley db для временного хранения данных, и persistance.A возникла новая проблема, когда огромные данные поступают из различных источников ввода. Теперь базовая файловая система не поддерживает такие большие размеры файлов."
Berkeley DB XML,Большие данные Berkeley DB XML,https://libdb.org/docs/dbxml/2.5.16/ref_xml/xml/intro.html,<strong>Berkeley</strong> <strong>DB</strong>: An embedded database programmatic toolkit.
Berkeley DB XML,Большие данные Berkeley DB XML,https://www.theregister.com/2007/07/18/berkeley_db_xml/,"Oracle database (since Oracle 9i database R2) provides the Oracle <strong>XML</strong> <strong>DB</strong> feature to store and query <strong>XML</strong> documents in an XMLType data type column, but you still need a DBA to manage the Oracle database. Oracle <strong>Berkeley</strong> <strong>DB</strong> <strong>XML</strong>, however, is an embeddable <strong>XML</strong> database specifically designed for ..."
Berkeley DB XML,Большие данные Berkeley DB XML,https://maxtoroq.github.io/2008/12/hello-berkeley-db-xml-on-net.html,"If you’re not familiar with <strong>Berkeley</strong> <strong>DB</strong> <strong>XML</strong> (BDB <strong>XML</strong>), it’s an open source embeddable <strong>XML</strong> database engine that provides support for XQuery access."
Berkeley DB XML,Большие данные Berkeley DB XML,https://topic.alibabacloud.com/zqpop/berkeley-db-xml_15816.html,"Alibabacloud.com offers a wide variety of articles about <strong>berkeley</strong> <strong>db</strong> <strong>xml</strong>, easily find your <strong>berkeley</strong> <strong>db</strong> <strong>xml</strong> information here online."
Berkeley DB XML,Большие данные Berkeley DB XML,https://drake.ecampus.com/definitive-guide-berkeley-db-xml-brian/bk/9781590596661,"Buy The Definitive Guide to <strong>Berkeley</strong> <strong>Db</strong> <strong>Xml</strong> - 9781590596661 by Brian, Danny for as low as $47.99"
Berkeley DB XML,Большие данные Berkeley DB XML,https://hackage.haskell.org/package/BerkeleyDBXML,"To install, use the standard Cabal install procedure: If <strong>Berkeley</strong> <strong>DB</strong> <strong>or</strong> <strong>DB</strong> <strong>XML</strong> is not installed in the default location of /usr or /usr/local, you will need to specify the paths in this way: cabal install BerkeleyDBXML \ --extra-include-dirs=/usr/local/dbxml-2.5.16/include/ \ --extra-inclu..."
Berkeley DB XML,Большие данные Berkeley DB XML,https://docs.oracle.com/cd/E17276_01/html/intro_xml/index.html,"This documentation is distributed under an open source license. You may review the terms of this license at: http://www.oracle.com/technetwork/database/berkeleydb/downloads/xmloslicense-086890.html · Oracle, <strong>Berkeley</strong> <strong>DB</strong>, <strong>Berkeley</strong> <strong>DB</strong> <strong>XML</strong> and Sleepycat are trademarks or registered trademarks ..."
Berkeley DB XML,Большие данные Berkeley DB XML,https://www.oracle.com/database/technologies/berkeleydb-xml-faq.html,When using threads and any API other than Java be sure to specify the <strong>DB</strong>_THREAD flag when opening your <strong>Berkeley</strong> <strong>DB</strong> environment object. Threading is on by default in Java. The advantages of using an <strong>XML</strong> repository over an RDBMS come from the reduced mismatch between the application-programming ...
Berkeley DB XML,Большие данные Berkeley DB XML,http://www.stylusstudio.com/dbxml.html,"Develop <strong>XML</strong> applications for <strong>Berkeley</strong> DBXML with Stylus Studio integrated tools support for SleepyCat Software&#x27;s DBXML. Open, Query and Save <strong>XML</strong> to and from <strong>Berkeley</strong> <strong>DB</strong> <strong>XML</strong> directly from within the Stylus Studio <strong>XML</strong> IDE."
Berkeley DB XML,Большие данные Berkeley DB XML,https://www.barnesandnoble.com/w/the-definitive-guide-to-berkeley-db-xml-daniel-brian/1100908244,"The Definitive Guide to <strong>Berkeley</strong> <strong>DB</strong> <strong>XML</strong> covers Sleepycat&#x27;s <strong>Berkeley</strong> <strong>DB</strong> <strong>XML</strong>, an open source embedded <strong>XML</strong> database. <strong>Berkeley</strong> <strong>DB</strong> <strong>XML</strong> runs on all major operating systems and has support for the most popular programming languages. The book includes tutorials and complete language references for..."
Berkeley DB XML,Большие данные Berkeley DB XML,https://stackoverflow.com/questions/tagged/berkeley-db-xml,Stack Overflow | The World’s Largest Online Community for Developers
Berkeley DB XML,Большие данные Berkeley DB XML,https://github.com/Apress/def-guide-to-berkeley-db-xml,Source code for &#x27;The Definitive Guide to <strong>Berkeley</strong> <strong>DB</strong> <strong>XML</strong>&#x27; by Daniel Brian - Apress/def-guide-to-<strong>berkeley</strong>-<strong>db</strong>-<strong>xml</strong>
Berkeley DB XML,Большие данные Berkeley DB XML,https://libdb.org/docs/dbxml/2.5.16/ref_xml/xml_win/intro.html,<strong>Berkeley</strong> <strong>DB</strong>: An embedded database programmatic toolkit.
Berkeley DB XML,Большие данные Berkeley DB XML,https://libdb.org/docs/dbxml/2.5.16/,"Introductory Guide If you are new to <strong>Berkeley</strong> <strong>DB</strong> <strong>XML</strong>, would like a guided tour to help during evaluation, or simply want to investigate the basics of our product, this is the right place to start."
Berkeley DB XML,Большие данные Berkeley DB XML,https://www.infoworld.com/article/2208768/berkeley-db-adds-xml-smarts.html,Sleepycat’s <strong>Berkeley</strong> <strong>DB</strong> <strong>XML</strong> database library combines sturdy Berkley <strong>DB</strong> engine with <strong>XML</strong> doc management
Berkeley DB XML,Большие данные Berkeley DB XML,https://libdb.org/docs/dbxml/2.5.16/ref_xml/xml_unix/intro.html,<strong>Berkeley</strong> <strong>DB</strong>: An embedded database programmatic toolkit.
Berkeley DB XML,Большие данные Berkeley DB XML,https://www.oracle.com/technetwork/database/database-technologies/berkeleydb/berkeley-db-xml-datasheet-130133.pdf,"The Oracle <strong>Berkeley</strong> <strong>DB</strong> family of open source, embeddable databases provides developers with fast, reliable, local persistence with zero administration. Often deployed as an &#x27;edge&#x27; database, Oracle <strong>Berkeley</strong> <strong>DB</strong> provides very high performance, reliability, scalability, and availability for application ..."
Berkeley DB XML,Большие данные Berkeley DB XML,https://docs.oracle.com/cd/E17276_01/html/intro_xml/xquery.html,Library Version 12.1.6.0 · This section steps through some of the XQuery functionality provided by BDB <strong>XML</strong> and then introduces a few of the facilities BDB <strong>XML</strong> provides that make working with <strong>XML</strong> highly efficient. Those unfamiliar with XQuery should first review one of the many excellent XQuery ...
Berkeley DB XML,Большие данные Berkeley DB XML,https://github.com/berkeleydb,/usr/src/<strong>db</strong> - an archive of the source code to <strong>Berkeley</strong> <strong>DB</strong> has 4 repositories available. Follow their code on GitHub.
Berkeley DB XML,Большие данные Berkeley DB XML,https://www.dbta.com/Editorial/News-Flashes/Oracle-Enhances-Berkeley-DB-Embeddable-Databases-56162.aspx,"Oracle has introduced new releases of Oracle <strong>Berkeley</strong> <strong>DB</strong> and Oracle <strong>Berkeley</strong> <strong>DB</strong> <strong>XML</strong>, two members of the Oracle <strong>Berkeley</strong> <strong>DB</strong> family of open source, embeddable databases."
Berkeley DB XML,Большие данные Berkeley DB XML,https://www.theregister.com/Print/2007/07/18/berkeley_db_xml/,"Oracle database (since Oracle 9i database R2) provides the Oracle <strong>XML</strong> <strong>DB</strong> feature to store and query <strong>XML</strong> documents in an XMLType data type column, but you still need a DBA to manage the Oracle database. Oracle <strong>Berkeley</strong> <strong>DB</strong> <strong>XML</strong>, however, is an embeddable <strong>XML</strong> database specifically designed for ..."
Berkeley DB XML,Большие данные Berkeley DB XML,https://docs.oracle.com/cd/E17276_01/html/gsg_xml/cxx/index.html,"This documentation is distributed under an open source license. You may review the terms of this license at: http://www.oracle.com/technetwork/database/berkeleydb/downloads/xmloslicense-086890.html · Oracle, <strong>Berkeley</strong> <strong>DB</strong>, <strong>Berkeley</strong> <strong>DB</strong> <strong>XML</strong> and Sleepycat are trademarks or registered trademarks ..."
Berkeley DB XML,Большие данные Berkeley DB XML,https://www.fors.ru/upload/magazine/07/http_text/catalog_Oracle%20Database_12C.pdf,<strong>Berkeley</strong> <strong>DB</strong>................................................................................................................................................................................80
Berkeley DB XML,Большие данные Berkeley DB XML,https://community.oracle.com/community/groundbreakers/database/berkeley_db_family/berkeley_db_xml,"Big Data Appliance · Data Science · Databases · General Database · Java and JavaScript in the Database · Multilingual Engine · MySQL Community Space · NoSQL Database · ORDS, SODA, &amp; JSON in the Database · Oracle Database Express Edition (XE)"
Berkeley DB XML,Большие данные Berkeley DB XML,https://download.oracle.com/otndocs/products/berkeleydb/html/xml/relnotes.html,"2.3.10, Last Updated Jan 30, 2007 · These release notes contain:"
Berkeley DB XML,Большие данные Berkeley DB XML,https://www.oxygenxml.com/berkeley.html,This page describes the steps necessary to configure the <strong>Berkeley</strong> <strong>DB</strong> <strong>XML</strong> database support in Oxygen <strong>XML</strong> Editor.
Berkeley DB XML,Большие данные Berkeley DB XML,https://www.developerfusion.com/book/44258/the-definitive-guide-to-berkeley-db-xml/,"The Definitive Guide to <strong>Berkeley</strong> <strong>DB</strong> <strong>XML</strong> covers Sleepycat&#x27;s <strong>Berkeley</strong> <strong>DB</strong> <strong>XML</strong>, an open source embedded <strong>XML</strong> database. <strong>Berkeley</strong> <strong>DB</strong> <strong>XML</strong> runs on all major operating systems and has support for the most popular programming languages. The book includes tutorials and complete language references for ..."
Berkeley DB XML,Большие данные Berkeley DB XML,https://docs.huihoo.com/berkeley/dbxml-1.2.1/docs/ref_xml/xml_unix/intro.html,<strong>Berkeley</strong> <strong>DB</strong>: An embedded database programmatic toolkit.
Berkeley DB XML,Большие данные Berkeley DB XML,https://post.bytes.com/forum/topic/net/142912-where-can-i-find-a-berkeleydb-xml-for-net-has-anybody-found-anything-about-net-and-berkeleydb,"Re: Where can I find a BerkeleyDB <strong>XML</strong> for .Net || Has anybody found anything about .Net and BerkeleyDB oooh, yuck look at that cross posting. what do you want? a free database ? What do you mean by &quot;alternativ e to <strong>Berkeley</strong> <strong>DB</strong>&quot; ? If you are running .NET on Windows then there are several options."
Berkeley DB XML,Большие данные Berkeley DB XML,https://oracle.com/technetwork/database/berkeleydb/xml-faq-088319.html,When using threads and any API other than Java be sure to specify the <strong>DB</strong>_THREAD flag when opening your <strong>Berkeley</strong> <strong>DB</strong> environment object. Threading is on by default in Java. The advantages of using an <strong>XML</strong> repository over an RDBMS come from the reduced mismatch between the application-programming ...
Berkeley DB XML,Большие данные Berkeley DB XML,https://libdb.org/docs/dbxml/2.5.16/ref_xml/xml_unix/notes.html,<strong>Berkeley</strong> <strong>DB</strong>: An embedded database programmatic toolkit.
Berkeley DB XML,Большие данные Berkeley DB XML,https://stackoverflow.com/questions/9717647/berkely-xml-db-as-embedded-db-from-java/9717931,"I am looking around for some nice <strong>xml</strong> <strong>db</strong> , which would be embedded in my application. I want to use berkley <strong>db</strong> as embedded from my java application. That is i don&#x27;t want to run berkley <strong>db</strong> as a serv..."
Berkeley DB XML,Большие данные Berkeley DB XML,https://www.amazon.com/Definitive-Guide-Berkeley-DB-XML/dp/1430211822,"The Definitive Guide to <strong>Berkeley</strong> <strong>DB</strong> <strong>XML</strong> [Brian, Daniel] on Amazon.com. *FREE* shipping on qualifying offers. The Definitive Guide to <strong>Berkeley</strong> <strong>DB</strong> <strong>XML</strong>"
Berkeley DB XML,Большие данные Berkeley DB XML,https://github.com/apress/def-guide-to-berkeley-db-xml,Source code for &#x27;The Definitive Guide to <strong>Berkeley</strong> <strong>DB</strong> <strong>XML</strong>&#x27; by Daniel Brian - Apress/def-guide-to-<strong>berkeley</strong>-<strong>db</strong>-<strong>xml</strong>
Berkeley DB XML,Большие данные Berkeley DB XML,https://people.freebsd.org/~gahr/xml_unix/freebsd.html,<strong>Berkeley</strong> <strong>DB</strong>: An embedded database programmatic toolkit.
Berkeley DB XML,Big Data Berkeley DB XML,https://www.marketfairshoppes.com/buy/product/the-definitive-guide-to-berkeley-db-xml-barnesnoble-1fc36a,"Berkeley DB XML has the potential to <strong>dramatically simplify the development of your application&#x27;s data tier</strong>. With native XML storage, flexible indexing, and the powerful XQuery query language (think SQL for XML), BDB XML provides everything you ..."
Berkeley DB XML,Big Data Berkeley DB XML,https://opensource-it.com/berkeley-db-xml/,"<strong>Berkeley</strong> <strong>DB</strong> <strong>XML</strong> is an embedded <strong>XML</strong> database with XQuery-based access to documents stored in containers and indexed based on their content. <strong>Berkeley</strong> <strong>DB</strong> <strong>XML</strong> is built on top of <strong>Berkeley</strong> <strong>DB</strong> and inherits its rich features and attributes. Like <strong>Berkeley</strong> <strong>DB</strong>, <strong>Berkeley</strong> <strong>DB</strong> <strong>XML</strong> is a library, not a server, ..."
Berkeley DB XML,Big Data Berkeley DB XML,https://www.oracle.com/technetwork/products/berkeleydb/berkeley-db-xml-datasheet-130133.pdf,"A common requirement of these systems is a fast, local, persistent store for <strong>XML</strong> <strong>data</strong>. Low latency and high throughput are crucial. Oracle <strong>Berkeley</strong> <strong>DB</strong> <strong>XML</strong> eliminates"
Berkeley DB XML,Big Data Berkeley DB XML,https://demo.oberontech.com/oxygen18.1/58123c90b3fbe80001821122/userguide-tekom2016/DITA/UserManual.ditamap/$/how-to-berkeley,"Configure a <strong>Berkeley</strong> <strong>DB</strong> <strong>XML</strong> Connection. To view your connection, go to the <strong>Data</strong> Source Explorer view (if the view is not displayed, it can be opened from the Window ⇒ Show View menu) or switch to the Database Perspective (available from Window ⇒ Open Perspective ⇒ Database)."
Berkeley DB XML,Big Data Berkeley DB XML,https://endpointsystems.com/products/,"Figaro is a .NET library that creates a high-performance integration layer to the Oracle <strong>Berkeley</strong> <strong>DB</strong> <strong>XML</strong> database engine, one of the highest ranked native <strong>XML</strong> <strong>data</strong> storage engines according to DBEngines."
Berkeley DB XML,Big Data Berkeley DB XML,https://github.com/pebbe/dbxml,A basic Go interface to Oracle <strong>Berkeley</strong> <strong>DB</strong> <strong>XML</strong>. Contribute to pebbe/dbxml development by creating an account on GitHub.
Berkeley DB XML,Big Data Berkeley DB XML,https://www.codeproject.com/articles/An-Introduction-to-Oracle-s-Berkeley-XML-Database,An article introducing Oracle&#x27;s <strong>Berkeley</strong> <strong>XML</strong> Database and the command shell
Berkeley DB XML,Big Data Berkeley DB XML,https://stackoverflow.com/questions/74579981/is-there-a-python-binding-to-the-berkeley-db-xml-database,"I&#x27;m trying to migrate some perl code to python and it uses Sleeypcat::DbXml &#x27;simple&#x27; to get read access to a .dbxml file, creates a XmlManager, calls createQueryContext, openContainer and query to ..."
Berkeley DB XML,Big Data Berkeley DB XML,https://www.reddit.com/r/Database/comments/cmr9b/oracle_berkeley_db_580000_per_processor/,"Sleepycat writes proprietarylike ... officials said. <strong>Berkeley</strong> <strong>DB</strong> <strong>XML</strong> will be priced at $15,000 per server, with the same free-or-fee terms.&quot; I&#x27;m just playing Devil&#x27;s advocate. I have no love for Oracle. ... A place for the professional Database Adminstrator to share news, ..."
Berkeley DB XML,Big Data Berkeley DB XML,https://www.theregister.com/2007/07/18/berkeley_db_xml/print.html,Original URL: https://www.theregister.com/2007/07/18/<strong>berkeley</strong>_<strong>db</strong>_<strong>xml</strong>/ ... Tutorial Storing an <strong>XML</strong> document in a relational database has its limitations. <strong>XML</strong>’s hierarchical structures do not map well to relational database structures.
Berkeley DB XML,Big Data Berkeley DB XML,https://docs.oracle.com/cd/E17276_01/html/programmer_reference_xml/changelog_2.1.8.html,"The database format has changed in order to fix a platform portability problem. To upgrade your <strong>DB</strong> <strong>XML</strong> containers to 2.1.8, please follow the steps described in Upgrading <strong>Berkeley</strong> <strong>DB</strong> <strong>XML</strong> Applications to 2.1 ."
Berkeley DB XML,Big Data Berkeley DB XML,https://www.oracle.com/technical-resources/articles/database/berkeleydb-xml-xquery.html,"At the same time you might be building ... <strong>data</strong> you plan to mine over and over using complex queries. Information is only as useful as it is accessible, reliable, and manageable. Storing <strong>XML</strong> content as files on simple file-systems limits its value. Oracle <strong>Berkeley</strong> <strong>DB</strong> is designed ..."
Berkeley DB XML,Big Data Berkeley DB XML,https://en-academic.com/dic.nsf/enwiki/2526,"<strong>Berkeley</strong> <strong>DB</strong> is not a relational ... databases as large as 256 terabytes, on a wide variety of operating systems including most Unix-like and Windows systems, and real-time operating systems. <strong>Berkeley</strong> <strong>DB</strong> is also used as the common name for three distinct products; Oracle <strong>Berkeley</strong> <strong>DB</strong>, <strong>Berkeley</strong> <strong>DB</strong> Java Edition, and <strong>Berkeley</strong> <strong>DB</strong> <strong>XML</strong>..."
Berkeley DB XML,Big Data Berkeley DB XML,https://xml.coverpages.org/OracleOpenSource-BerkeleyDB.html,"Redwood Shores, California, USA. June 30, 2008 · Today Oracle announced new releases of Oracle <strong>Berkeley</strong> <strong>DB</strong>, Oracle <strong>Berkeley</strong> <strong>DB</strong> <strong>XML</strong>, and Oracle <strong>Berkeley</strong> <strong>DB</strong> Java Edition"
Berkeley DB XML,Big Data Berkeley DB XML,https://www.codeproject.com/Articles/18082/An-Introduction-to-Oracle-s-Berkeley-XML-Database?msg=3065038&PageFlow=Fluid,"DBAADO.NETIntermediateDevVisual StudioWindows.NETC# ... This article is intended as part of series of articles which focus on using Oracle&#x27;s <strong>Berkeley</strong> <strong>XML</strong> Database BDB <strong>XML</strong> for short. BDB <strong>XML</strong> is available for download under an Open Source license, for internal and personal development."
Berkeley DB XML,Big Data Berkeley DB XML,https://community.oracle.com/tech/developers/discussion/594832/berkeley-db-and-berkeley-db-xml,Hello! I&#x27;m curious whether I could integrate <strong>Berkeley</strong> <strong>DB</strong> and BDB <strong>XML</strong> with each other.
Berkeley DB XML,Big Data Berkeley DB XML,https://people.freebsd.org/~gahr/xml_unix/intro.html,"To build <strong>Berkeley</strong> <strong>DB</strong> <strong>XML</strong>, you will need the following third-party libraries: <strong>Berkeley</strong> <strong>DB</strong> · <strong>Berkeley</strong> <strong>DB</strong> is a general purpose database toolkit. This release of <strong>Berkeley</strong> <strong>DB</strong> <strong>XML</strong> includes <strong>Berkeley</strong> <strong>DB</strong> 4.8.x release, and requires the <strong>Berkeley</strong> <strong>DB</strong> 4.3.28 release or later."
Berkeley DB XML,Big Data Berkeley DB XML,https://ptolemy.berkeley.edu/ptolemyII/ptII11.0/ptII/ptdb/doc/OracleBerkeleyXMLDBMacOSXBuildInstructions.htm,Below are the steps necessary to install the Oracle <strong>Berkeley</strong> <strong>XML</strong> <strong>DB</strong> on Mac.
Berkeley DB XML,"""Big Data"" Berkeley DB XML",https://openhealthinformatics.com/wp-content/uploads/2017/05/2016-06-Big-Data-Using-an-Open-Source-XML-Database.pdf,"Open Health Informatics · Open Health Informatics brings together Open Standards, Open Source Software, Open Systems Interfaces and Open Development Practices with the aim of delivering better healthcare outcomes"
Berkeley DB XML,"""Big Data"" Berkeley DB XML",https://www.forbes.com/sites/metabrown/2018/03/31/get-the-basics-on-nosql-databases-xml-databases/,"Most active XML database brands (as reported by DB Engines rankings): MarkLogic, Oracle Berkeley DB, Virtuoso · Get To Know Relational and NoSQL Databases That Power Big Data Analytics"
Berkeley DB XML,"""Big Data"" Berkeley DB XML",https://www.linuxlinks.com/nativexmldatabases/,"An <strong>XML</strong> database allows <strong>data</strong> to be stored in the Extensible Markup Language (<strong>XML</strong>) format, a markup language."
Neo4j,Большие данные Neo4j,https://www.reddit.com/r/dataengineering/comments/1cd1ce6/neo4j_as_a_nosql_database_for_large_data_and/,"I&#x27;ve been exploring various NoSQL databases that effectively handle large datasets (1 entry per second) and provide robust support for location data and big data sets. Recently, I&#x27;ve been delving into Neo4j, and I got inspired by its graph-based model, which seems to offer significant advantages for complex queries that involve relationships and spatial data."
Neo4j,Большие данные Neo4j,https://appmaster.io/ru/blog/baza-dannykh-neo4j,"Графовая база данных, такая как Neo4j, <strong>является лучшим решением для обработки больших объемов соединённых данных</strong>."
Neo4j,Большие данные Neo4j,https://bigdataschool.ru/blog/intro-to-neo4j-and-cypher-example/,"Примечательно, что Cypher можно использовать и в Apache Spark, чтобы отобрать нужные наборы данных графа из всего объема и сохранить их как новый граф в Neo4j в реальном времени или записать в Hadoop HDFS для пакетной обработки."
Neo4j,Большие данные Neo4j,https://en.wikipedia.org/wiki/Neo4j,"Neo4j released version 1.0 of its graph database in 2010, version 2.0 in 2013, version 3.0 in 2016, version 3.5 in 2018, aimed at AI and machine learning, and version 4.0 in 2020 with unlimited scaling, partitioning, also known as ‘sharding,’ and role-based access."
Neo4j,Большие данные Neo4j,https://bigdataschool.ru/blog/neo4j-transactions-isolation-and-composite-databases/,"Уровни изоляции в Neo4j, домен транзакции и контекст выполнения, федерация и шардирование в составных базах данных для нескольких графов"
Neo4j,Большие данные Neo4j,https://newtechaudit.ru/neo4j-grafovye-bazy-dannyh/,"Многие разработчики при выборе подходящей базы данных для своего проекта отдают предпочтение реляционным. В этой статье рассмотрим нереляционную графическую базу данных Neo4j, которая более эффективна для обработки растущего объёма подключенных данных, оптимизированную для управления отношениями."
Neo4j,Большие данные Neo4j,https://neo4j.com/news/%D0%B3%D1%80%D0%B0%D1%84%D0%BE%D0%B2%D0%B0%D1%8F-%D0%B1%D0%B0%D0%B7%D0%B0-%D0%B4%D0%B0%D0%BD%D0%BD%D1%8B%D1%85-neo4j-%D0%B2-php/,Find out what&#x27;s going on in the world of graph technology. Check out the recent graph data science and graph database news coverage from Neo4j.
Neo4j,Большие данные Neo4j,https://bigdataschool.ru/blog/what-is-neo4j-data-importer/,"Графовая СУБД Neo4j имеет множество вариантов загрузки данных, начиная от универсальной Cypher-команды LOAD CSV до онлайн-импорта с neo4j-admin для быстрой загрузки полной базы данных."
Neo4j,Большие данные Neo4j,https://www.itrn.ru/news/detail.php?id=133274,"Компания Neo Technology, разработчик графовых баз данных, недавно выпустила Neo4j 3.0 — новый релиз своей графовой БД, который имеет улучшенную масштабируемость и удобные ..."
Neo4j,Большие данные Neo4j,https://habr.com/ru/post/219441/,"relation identirfier, тип связи — в Neo4j у связей. Максимальное количество типов связей 32767 · properties, свойства ноды — набор данных, которые можно назначить ноде."
Neo4j,Большие данные Neo4j,https://bigdataschool.ru/blog/bookmarks-and-drivers-in-neo4j/,"В рамках продвижения нашего нового курса по графовой аналитике больших данных в бизнес-приложениях, сегодня рассмотрим проблемы неконстистентности чтения из графовой СУБД Neo4j и способы их решения."
Neo4j,Большие данные Neo4j,https://habr.com/ru/articles/896626/,"В Neo4j нет соединений в общем смысле этого слова. Составные индексы есть - их можно создать для ноды, но вот если хочется выбирать и ноду с фильтром по свойству и связи по ней, то это может вызвать проблемы на больших объёмах данных..."
Neo4j,Большие данные Neo4j,https://bigdataschool.ru/blog/new-algorithms-in-neo4j-graph-data-science-in-2023/,"Как включить отрицательные веса в поиск пути, выявлять центральные и периферийные кластеры на основе заданной плотности, а также делать выборки из больших графов для масштабирования машинного обучения. Знакомимся с графовыми алгоритмами, недавно добавленными в библиотеку Neo4j Graph Data Science 2.4: декомпозиция K-ядра, алгоритм кратчайшего пути Беллмана-Форда и случайное блуждание с учетом общего соседства (CNARW)."
Neo4j,Большие данные Neo4j,https://gitverse.ru/blog/articles/data/113-neo4j-grafovye-bazy-dannyh,"NEO4J – графовые базы данных: характеристики, использование, преимущества | Блог GitVerse"
Neo4j,Большие данные Neo4j,https://dblib.rsreu.ru/data/publications/8460_text.pdf,ния графовых баз данных. Достаточно подробно излагаются основы графо- вой СУБД Neo4j вплоть до программирования на языке запросов.
Neo4j,Большие данные Neo4j,https://medium.com/@bigdataschool/%D0%B2%D0%B8%D0%B7%D1%83%D0%B0%D0%BB%D0%B8%D0%B7%D0%B0%D1%86%D0%B8%D1%8F-%D0%B3%D1%80%D0%B0%D1%84%D0%BE%D0%B2-%D0%B2-neo4j-%D0%B8-%D0%B8%D1%81%D1%81%D0%BB%D0%B5%D0%B4%D0%BE%D0%B2%D0%B0%D0%BD%D0%B8%D0%B5-%D0%BA%D0%B8%D0%B1%D0%B5%D1%80%D0%B1%D0%B5%D0%B7%D0%BE%D0%BF%D0%B0%D1%81%D0%BD%D0%BE%D1%81%D1%82%D0%B8-%D1%81-graphker-11bddc88c533,"Если Browser больше подходит для разработчиков, то Bloom — отличный инструмент для дата-аналитиков, которым нужно динамически визуализировать большие графы. Bloom поддерживает текстовый поиск, позволяя людям с небольшим знанием Cypher исслеовать графы Neo4j."
Neo4j,Большие данные Neo4j,https://konstantinklepikov.github.io/myknowlegebase/notes/neo4j.html,"сложности с шардитрованием очень больших графов (большие расходы на переходы из одного сегмента графа в другой по сети) ... [neosematics] (n10s) is a plugin that enables the use of RDF and its associated vocabularies like (OWL,RDFS,SKOS and others) in Neo4 ... graph-data-science-client A Python client for the Neo4j Graph Data Science (GDS) library (sorce is hosted on Amazon)"
Neo4j,Большие данные Neo4j,https://www.bigdataschool.ru/blog/graph-visualization-in-neo4j-and-graphker.html,Визуализация графов в Neo4j и пример отслеживания уязвимостей с GraphKer: аналитика больших данных на графах – обучение на примерах
Neo4j,Большие данные Neo4j,https://bigdataschool.ru/blog/python-plugin-neo4j-arrow-for-data-science/,Как Apache Arrow повышает производительность извлечения данных из Neo4j: плагин для быстрой аналитики больших данных из графовой СУБД
Neo4j,Большие данные Neo4j,https://bigdataschool.ru/blog/social-relationship-graph-analysis-in-neo4j-examples.html,"В рамках продвижения нашего нового курса по графовой аналитики больших данных, сегодня рассмотрим, как создать граф социальных связей в веб-консоли Neo4j и сделать запросы к нему на Cypher — внутреннем SQL-подобном языке этой NoSQL-СУБД."
Neo4j,Большие данные Neo4j,https://habr.com/ru/articles/650623/,Все необходимые <strong>данные</strong> находятся тут. ... Скачиваем среду разработки <strong>Neo4j</strong> Desktop с официального сайта. <strong>Больше</strong> информации можно прочесть в гайде для разработчиков
Neo4j,Большие данные Neo4j,https://bigdataschool.ru/blog/fraud-detection-with-neo4j-use-case.html,"Как быстро выявить преступников-рецидивистов, незаконно ввозящих контрафактные товары: кейс <strong>Neo4j</strong> по графовой аналитике <strong>больших</strong> <strong>данных</strong>"
Neo4j,Большие данные Neo4j,https://www.itweek.ru/idea/article/detail.php?ID=185517,"Компания Neo Technology, разработчик графовых баз <strong>данных</strong>, недавно выпустила <strong>Neo4j</strong> 3.0 — новый релиз своей графовой БД, который имеет улучшенную масштабируемость и удобные ..."
Neo4j,Большие данные Neo4j,https://sofakingcode.medium.com/%D1%8D%D0%BA%D1%81%D0%BA%D1%83%D1%80%D1%81-%D0%B2-%D0%B3%D1%80%D0%B0%D1%84%D0%BE%D0%B2%D0%B0%D1%8F-%D0%B1%D0%B0%D0%B7%D1%83-%D0%B4%D0%B0%D0%BD%D0%BD%D1%8B%D1%85-neo4j-9d5c515186e8,Знакомство с графовой базой данных <strong>Neo4j</strong> ＼（＾○＾）人（＾○＾）／ Содержание История происхождения графов Что …
Neo4j,Большие данные Neo4j,https://habr.com/ru/articles/711646/,ищет вводный ... Data <strong>Neo4J</strong>. Долгое время стандартом хранения <strong>данных</strong> были реляционные базы <strong>данных</strong>. Со временем разнообразных по структуре <strong>данных</strong> становилось все <strong>больше</strong> и ...
Neo4j,Большие данные Neo4j,https://bigdataschool.ru/blog/how-to-try-neo4j-environments-benchmarking.html,"Например, облачный ... памяти, 2 ЦП и 16 ГБ для хранения <strong>данных</strong>, будет стоить $1 в час. Вычисление стоимости использования <strong>Neo4j</strong> в сервисе AuraDS..."
Neo4j,Большие данные Neo4j,https://bigdataschool.ru/blog/degree-centrality-algorithm-in-graph-data-science-library-with-neo4j-and-cypher/,А еще <strong>больше</strong> практических подробностей про использование <strong>Neo4j</strong> и Cypher для графовой аналитики <strong>больших</strong> <strong>данных</strong> в бизнес-приложениях вы узнаете на специализированных ...
Neo4j,Большие данные Neo4j,https://habr.com/ru/articles/677296/,"В базовом виде, ... БД в <strong>Neo4j</strong> закончено. Это <strong>больше</strong> теоретическая статья. В следующих публикациях я постараюсь рассказать о практике с конкретными примерами запросов. Также мы разберем как тестировать модель <strong>данных</strong>, ..."
Neo4j,Большие данные Neo4j,https://www.wildberries.ru/catalog/43481135/detail.aspx,"Максимальный размер: 8 МБ · Поддерживаемые форматы: JPG, JPEG, PNG, BMP, GIF"
Neo4j,Большие данные Neo4j,https://bigdataschool.ru/blog/news/neo4j/neodash-bank-transactions-example-graphs-on-dashboard/,Создаем визуализации ... базе <strong>данных</strong> <strong>Neo4j</strong> с помощью дэшборда NeoDash на примере анализа финансовых транзакций в банке. Поскольку NoSQL-СУБД <strong>Neo4j</strong> отлично подходит для задач графовой аналитики <strong>больших</strong> <strong>данных</strong> ...
Neo4j,Большие данные Neo4j,https://bigdataschool.ru/blog/neo4j-vs-tigergraph-what-to-choose/,"Сходства и различия <strong>Neo4j</strong> с TigerGraph: что и когда выбрать для аналитики <strong>больших</strong> <strong>данных</strong>, сравниваем по 20 критериям для объективного выбора"
Neo4j,Большие данные Neo4j,https://bigdataschool.ru/blog/neo4j-etl-and-migrations/,Как организовать миграцию схемы <strong>Neo4j</strong> и импортировать в графовую базу <strong>данные</strong> из реляционных систем: инструменты ETL и Migrations
Neo4j,Большие данные Neo4j,https://bigdataschool.ru/blog/news/neo4j/,"В большинстве случаев среды выполнения по умолчанию... ... Почему тормозит Cypher-запрос к <strong>Neo4j</strong>, как его отладить и чем оператор PROFILE отличается от EXPLAIN. Краткий ликбез с примерами выполнения запросов к графовой базе <strong>данных</strong> ..."
Neo4j,Большие данные Neo4j,https://coderlessons.com/tutorials/bazy-dannykh/uznaite-neo4j/neo4j-kratkoe-rukovodstvo,"<strong>Neo4j</strong> — это популярная графическая база <strong>данных</strong>. Другими базами <strong>данных</strong> Graph являются Oracle NoSQL Database, OrientDB, HypherGraphDB, GraphBase, InfiniteGraph и AllegroGraph. В настоящее время <strong>большая</strong> часть ..."
Neo4j,Большие данные Neo4j,https://mkdev.me/ru/posts/vvedenie-v-grafy-i-neo4j-obrabotka-grafov-v-spark,"Начав с автоматизации подсчета денег, где табличные записи естественны, программисты стали заталкивать в таблички всё, до чего их допустили. И это работало."
Neo4j,Большие данные Neo4j,https://habr.com/ru/articles/994950/,"Последние полтора года я почти каждый будний день работаю с графовой СУБД <strong>Neo4j</strong>. В эту статью я поместил основы, которые в худшем случае сильно расширят ваш ..."
Neo4j,Большие данные Neo4j,https://bigdataschool.ru/blog/analysis-of-digital-nomads-travels-on-cypher-and-neo4j/,Где взять <strong>данные</strong> о путешествиях цифровых кочевников и какое направление самое популярное: графовая аналитика <strong>больших</strong> <strong>данных</strong> <strong>с</strong> <strong>Neo4j</strong> и Cypher
Neo4j,Большие данные Neo4j,https://bigdataschool.ru/blog/dijkstra-algorithm-in-neo4j-with-graph-data-science-library/,"Пример реализации ... в <strong>Neo4j</strong>-библиотеке Graph Data Science · Вопрос перестройки логистических цепочек сегодня стал очень остро перед множеством предприятий, от малого до очень крупного бизнеса. Рассмотрим, как методы Data Science и аналитики <strong>больших</strong> <strong>данных</strong> помогают ..."
Neo4j,Большие данные Neo4j,https://neo4j.com/,"Connect data as it&#x27;s stored with <strong>Neo4j</strong>. Perform powerful, complex queries at scale and speed with our graph data platform."
Neo4j,Большие данные Neo4j,https://ru.wikipedia.org/wiki/%D0%93%D1%80%D0%B0%D1%84%D0%BE%D0%B2%D0%B0%D1%8F_%D0%B1%D0%B0%D0%B7%D0%B0_%D0%B4%D0%B0%D0%BD%D0%BD%D1%8B%D1%85,Модель хранения ... графов в виде модели представления <strong>данных</strong> сложилось ещё с 1980-х годов. Первая графовая СУБД <strong>Neo4j</strong> создана в 2007 году....
Neo4j,Большие данные Neo4j,https://vc.ru/newtechaudit/365706-neo4j-grafovye-bazy-dannyh,Всем привет! Предлагаю рассмотреть интересную тему - графовая система управления базами данных в <strong>Neo4j</strong>:
Neo4j,Большие данные Neo4j,https://habr.com/ru/articles/219441/,В нашей тестовой ... Возможности создать независимые наборы <strong>данных</strong> (аналог базы <strong>данных</strong> в MySQL) в <strong>Neo4j</strong> я не нашел....
Neo4j,Большие данные Neo4j,https://ainewsfeed.ru/ustanovka-i-nastrojka-bazy-dannyh-neo4j-vash-pervyj-shag-v-mir-grafovyh-dannyh/,"<strong>Neo4j</strong> — это мощная графовая база <strong>данных</strong>, ориентированная на работу с связанными <strong>данными</strong>. В отличие от традиционных баз <strong>данных</strong>, использующих таблицы, <strong>Neo4j</strong> построена ..."
Neo4j,Большие данные Neo4j,https://habr.com/ru/post/650623/,Все необходимые <strong>данные</strong> находятся тут. ... Скачиваем среду разработки <strong>Neo4j</strong> Desktop с официального сайта. <strong>Больше</strong> информации можно прочесть в гайде для разработчиков
Neo4j,Большие данные Neo4j,https://www.bigdataschool.ru/blog/what-is-neo4j-data-importer.html,"Сегодня в рамках продвижения нашего курса по графовой аналитике <strong>больших</strong> <strong>данных</strong> в бизнес-приложениях, рассмотрим новый инструмент популярной графовой СУБД <strong>Neo4j</strong> для ..."
Neo4j,Большие данные Neo4j,https://www.tumblr.com/bigdataschool-moscow/671150877836460032/d0b8d0bdd182d0b5d0b3d180d0b0d186d0b8d,"💬 0 🔁 0 ❤️ 0 · Интеграция <strong>Neo4j</strong> с Apache Spark: обзор коннектора 4.1 · Продвигая наш новый курс по графовой аналитике больших данных в бизнес-приложениях, сегодня заглянем ..."
Neo4j,Большие данные Neo4j,https://bigdataschool.ru/blog/how-to-try-neo4j-environments-benchmarking/,"Например, облачный ... памяти, 2 ЦП и 16 ГБ для хранения <strong>данных</strong>, будет стоить $1 в час. Вычисление стоимости использования <strong>Neo4j</strong> в сервисе AuraDS..."
Neo4j,Большие данные Neo4j,https://babok-school.ru/blog/neo4j-vs-posgresql-for-social-graph-analysis-example/,Как графовые базы ... в реляционных базах <strong>данных</strong>. Смотрим на примере NoSQL-СУБД <strong>Neo4j</strong> и ее SQL-подобного языка запросов Cypher. Большинство системных и бизнес-ан...
Neo4j,Большие данные Neo4j,https://ua-blog.com/%D0%B3%D1%80%D0%B0%D1%84%D0%BE%D0%B2%D0%B0%D1%8F-%D0%B1%D0%B0%D0%B7%D0%B0-%D0%B4%D0%B0%D0%BD%D0%BD%D1%8B%D1%85-neo4j/,"Хранение <strong>данных</strong> в реляционных СУБД имеет свои преимущества, но для определенных типов задач не подходит, особенно когда необходимо хранить много связей между ..."
Neo4j,Большие данные Neo4j,https://bigdataschool.ru/blog/block-data-storage-format-and-parallel-runtime-in-neo4j.html,"Поскольку паралл... их <strong>больше</strong>, тем быстрее завершится запрос. Однако, недостаточно иметь на сервере много процессоров. Они также должны быть доступны для использования параллельными потоками выполнения. Это означает, что если Cypher-запросы выполняются в базе <strong>данных</strong> <strong>Neo4j</strong> с высоким ..."
Neo4j,Большие данные Neo4j,http://qaru.site/questions/50321/what-are-the-use-cases-of-graph-based-databases-httpneo4jorg,"Хорошая работа ... и <strong>больше</strong> <strong>данных</strong> в основном программном обеспечении и веб-сайтах, а также реляционные базы <strong>данных</strong> просто не будет масштабироваться для этих потребностей. ... может быть немного поздно, но растет число проектов с использованием <strong>Neo4j</strong>, более ..."
Neo4j,Большие данные Neo4j,https://www.bigdataschool.ru/blog/analysis-of-digital-nomads-travels-on-cypher-and-neo4j.html,Где взять <strong>данные</strong> о путешествиях цифровых кочевников и какое направление самое популярное: графовая аналитика <strong>больших</strong> <strong>данных</strong> <strong>с</strong> <strong>Neo4j</strong> и Cypher
Neo4j,Большие данные Neo4j,https://bigdataschool.ru/blog/news/neo4j/cict-and-concurrent-transactions-in-neo4j/,"Популярная графовая база <strong>данных</strong> <strong>Neo4j</strong> тоже с конца 2023 года поддерживает параллельную среду выполнения, о чем мы рассказывали здесь. Чтобы еще <strong>больше</strong> повысить ..."
Neo4j,Большие данные Neo4j,https://mosregdata.ru/article/sravnenie-grafovyh-baz-dannyh,"Минусы: Привязка ... <strong>данных</strong> (одна метка на узел). Почасовая оплата, может быть дороже для <strong>больших</strong> нагрузок. - Использование: Облачные приложения, например, рекомендательные системы, обнаружение мошенничества. <strong>Neo4j</strong> — лучший ..."
Neo4j,Большие данные Neo4j,https://bigdataschool.ru/blog/union-find-in-neo4j-recsys-meredith-case.html,"Развивая наш новый ... <strong>больших</strong> <strong>данных</strong> в бизнес-приложениях, сегодня рассмотрим американского медиаконгломерат Meredith Corporation по персонализации пользовательских профилей с помощью графовой СУБД <strong>Neo4j</strong> и ..."
Neo4j,Большие данные Neo4j,https://bigdataschool.ru/blog/graph-refactoring-in-neo4j-with-apoc-and-liquibase/,"В рамках продвижения ... аналитике <strong>больших</strong> <strong>данных</strong> в бизнес-приложениях, сегодня разберем сложности рефакторинга графовых моделей в <strong>Neo4j</strong> и способы их обхода ..."
Neo4j,Большие данные Neo4j,https://www.linux.org.ru/news/opensource/11449298,Вопрос чайника: В чем популярность графовой базы <strong>данных</strong> <strong>Neo4j</strong> ? Графовая модель дает скорость ? Но тогда должна быть реализация на C - скорость будет <strong>больше</strong>.
Neo4j,Большие данные Neo4j,https://tproger.ru/articles/razrabotka-sistemy-zametok-s-nulja-chast-3-znakomstvo-s-neo4j-rabota-nad-mikroservisami-categoryservice-i-apiservice,"Основы работы с графовой базой <strong>данных</strong> <strong>Neo4j</strong> на примере системы заметок, а также продолжение разработки проекта с микросервисной архитектурой."
Neo4j,Большие данные Neo4j,https://bigdataschool.ru/blog/social-relationship-graph-analysis-in-neo4j-examples/,"В рамках продвижения нашего нового курса по графовой аналитики <strong>больших</strong> <strong>данных</strong>, сегодня рассмотрим, как создать граф социальных связей в веб-консоли <strong>Neo4j</strong> и сделать ..."
Neo4j,Большие данные Neo4j,https://www.zmax.work/an-introduction-to-neo4j/,"Если вы выберете ... для <strong>Neo4j</strong>, курс также отлично подойдет для понимания мышления баз <strong>данных</strong> Graph; по крайней мере, я сделал. Или это может даже подогреть ваш аппетит к <strong>большему</strong>..."
Neo4j,Big Data Neo4j,https://programminghistorian.org/en/lessons/dealing-with-big-data-and-network-analysis-using-neo4j,"Cypher is the query language for the Neo4j database that is designed to insert and select information from the database. By the end of this lesson you will be able to construct, analyze and visualize networks based on big — or just inconveniently large — data."
Neo4j,Big Data Neo4j,https://neo4j.com/news/neo4j-solutions-for-managing-business-information/,"Tom’s IT Pro in looking at ‘Small to Big Data Solutions’ notes that graph databases such as Neo4j would be better than Hadoop for some big data problems, particularly those described with networks and its relationships between objects. Not all big… Read more →"
Neo4j,Big Data Neo4j,https://stackoverflow.com/questions/51630618/can-neo4j-store-big-data,<strong>Neo4j has theoretically no limits for data storage</strong>. But you have to configure your hardware to get the best from the database. You can have a look at this page for more information.
Neo4j,Big Data Neo4j,https://opencredo.com/blogs/ingesting-big-data-into-neo4j-part-3,"Check out the last part of Ebru Cucen and Fahran Wallace&#x27;s blog series, in which they discuss their experience ingesting 400 million nodes and a billion relationships into Neo4j and what they discovered along the way."
Neo4j,Big Data Neo4j,https://www.infoworld.com/article/3256278/big-data-analytics-with-neo4j-and-java-part-1.html,"While NoSQL data stores aren&#x27;t ... for big data: ... This tutorial introduces Neo4j, which is <strong>a graph database used for interacting with highly related data</strong>...."
Neo4j,Big Data Neo4j,https://opencredo.com/blogs/ingesting-big-data-into-neo4j-part-1,Fahran Wallace and Ebru Cucen&#x27;s most recent blog post is part 1 of a three-part series. They investigate how <strong>OpenCredo ingested 400 million nodes with a billion relationships into Neo4j</strong>.
Neo4j,Big Data Neo4j,https://www.opencredo.com/blogs/ingesting-big-data-into-neo4j-part-2,"Check out Part 2 of Ebru Cucen and Fahran Wallace&#x27;s blog series, in which they discuss their experience ingesting 400 million nodes and a billion relationships into Neo4j and what they discovered along the way. Following our previous blog post on modelling and extracting data ready for loading into a graph database, this post will cover transforming a 350 GB compressed JSONL file to CSV."
Neo4j,Big Data Neo4j,https://www.infoworld.com/article/2264030/big-data-analytics-with-neo4j-and-java-part-1.html,Graph databases like <strong>Neo4j</strong> are ideal for modeling complex relationships--and they move through <strong>big</strong> <strong>data</strong> at lightspeed
Neo4j,Big Data Neo4j,https://neo4j.com/news/new-technologies-needed-dealing-big-data/,"Join the 100K+ <strong>Neo4j</strong> experts. ... The biggest graph community gathering dedicated to graph-powered apps, knowledge, and AI! ... The growing demand to store and analyse very large bodies of information, and information that is not readily suited to storing in tables (unstructured <strong>data</strong>), has led ..."
Neo4j,Big Data Neo4j,https://github.com/subhanjandas/RDBMS-to-GraphDB---Big-Data-Analytics-using-Neo4j,"This project involves migration from a traditional RDBMS to <strong>Neo4j</strong> <strong>for</strong> <strong>big</strong> <strong>data</strong> analytics. Using graph database technology, various business-critical questions are addressed, including identifying the employees who sold Tofu, the products sold with Tofu, the total number of products, top 5 products ..."
Neo4j,Big Data Neo4j,https://uniathena.com/exploring-graph-databases-applications-neo4j-data-science,"Graph databases are becoming increasingly important in the era of <strong>big</strong> <strong>data</strong>, where the complexity and volume of interconnected information are growing rapidly. Understanding how graph databases, like <strong>Neo4j</strong>, structure and handle <strong>data</strong> helps unlock new possibilities for advanced analytics, ..."
Neo4j,Big Data Neo4j,https://www.quora.com/Are-graph-databases-like-Neo4j-currently-able-to-process-big-data-including-the-volume-dimension,"Answer: Thanks for inviting. In my personal opinion, Giraph and GraphX provides good programming interface. That is to say, programmer can easily express graph <strong>data</strong> processing algorithms in their model. Concretely, Giraph implements Pregel, and Giraph uses Hadoop engine under the hood. GraphX use..."
Neo4j,Big Data Neo4j,https://www.linkedin.com/pulse/bridging-graph-big-data-neo4j-databricks-siddharth-patro-dvpac,We cannot provide a description for this page right now
Neo4j,Big Data Neo4j,https://www.bigdatahush.com/neo4j,"<strong>Neo4j</strong> is a highly scalable native graph database that leverages <strong>data</strong> relationships as first-class entities, helping enterprises build intelligent applications to meet today’s evolving <strong>data</strong> challenges. ... Today&#x27;s world is no longer driven by <strong>data</strong> – it&#x27;s driven by the connections between them. <strong>Big</strong> ..."
Neo4j,Big Data Neo4j,https://medium.com/quick-mobile/neo4j-uma-solu%C3%A7%C3%A3o-para-big-data-28794f2485dc,<strong>Neo4j</strong>: Uma solução para <strong>Big</strong> <strong>Data</strong> Click here for English version Um dos maiores desafios do <strong>Big</strong> <strong>Data</strong> está em relacionar grandes volumes de dados de forma consistente e eficiente. O que se torna …
Neo4j,Big Data Neo4j,https://github.com/gopala-kr/10-weeks/blob/master/Projects-Blogs/07-bigdata-databases/neo4j-architecture.md,10-weeks of technology exploration. Contribute to gopala-kr/10-weeks development by creating an account on GitHub.
Neo4j,Big Data Neo4j,https://www.sciencedirect.com/science/article/pii/S187705091731685X,"To address this shortcoming, the <strong>Big</strong> <strong>Data</strong> implementations are leveraging new technologies such as NoSQL <strong>data</strong> stores. This research paper aims and tries to improve this process by modeling and processing those <strong>data</strong> using <strong>Neo4j</strong> database, and presents modeling and processing the <strong>data</strong> of power ..."
Neo4j,Big Data Neo4j,https://www.geeksforgeeks.org/dbms/neo4j-introduction/,"Your All-in-One Learning Portal. It contains well written, well thought and well explained computer science and programming articles, quizzes and practice/competitive programming/company interview Questions."
Neo4j,Big Data Neo4j,https://www.reddit.com/r/Neo4j/comments/18ygbwd/no_one_uses_neo4j_for_actual_large_scale_live/,If you perform more than one join ... a graph database. ... This is very insightful. Do you have anymore info to expand on this? ... graph DBs are purpose built to do path traversal queries well (i.e. a lot of joins which in sql are slow if not optimized) The problem is that many <strong>big</strong> applications require both graph traversal but the same fast/easy CRUDL/search that relational db can have. ... We use <strong>neo4j</strong> in production ...
Neo4j,Big Data Neo4j,https://medium.com/data-science-collective/6-minute-guide-to-knowledge-graphs-and-neo4j-c9f95d379f0c,"There are several representations of graph databases, and knowledge graph (or the underlying property graph model) is one of the most popular types, with several variations e.g. objected path property graph, hyper-vertex property graph. A knowledge graph has three fundamental elements — node, edge and property, and we will discuss them in more details along with the implementation in <strong>Neo4j</strong>. Knowledge graphs are efficient for handling <strong>big</strong> ..."
Neo4j,Big Data Neo4j,https://siliconangle.com/2025/09/04/neo4j-unifies-real-time-transactions-graph-analytics-scale/,"“We solved it by maintaining ... actual <strong>data</strong> across machines for horizontal scalability. Even distributed transactions remain consistent and reliable.” · <strong>Neo4j</strong> quoted early-access customers Intuit Inc. and Dun &amp; Bradstreet Corp. expressing their enthusiasm for the new features. “Running real-time queries while also analyzing broader patterns is critical,” said Moheesh Raj, D&amp;B’s director of engineering. “That requires a graph to scale both.” · “Some of the biggest banks are ..."
Neo4j,Big Data Neo4j,https://www.dbta.com/Editorial/News-Flashes/Neo4J-Creates-Platform-for-Graph-Data-Science-140202.aspx,"For more inormtion about this release, visit https://<strong>neo4j</strong>.com/. Subscribe to Database Trends and Applications Magazine ... 2023 Quest Oracle Community Database Priorities Survey: Database Management Continues to Move to the Cloud · SQL Server Everywhere: Platform Choices Enrich <strong>Data</strong>-Driven Business ... Database Trends and Applications delivers news and analysis on <strong>big</strong> ..."
Neo4j,Big Data Neo4j,https://neo4j.com/blog/graph-visualization/5-ways-to-tackle-big-graph-data-keylines-neo4j/,"Uncover the challenges of large graph visualization and how to create effective, interactive tools for exploring and making sense of complex datasets."
Neo4j,Big Data Neo4j,https://neo4j.com/event/an-insiders-guide-graph-data-science-for-really-big-data/,Do you want to use graphs in your machine learning pipelines or analytics dashboards but wonder about feasibility for larger volumes of <strong>data</strong>? <strong>Neo4j</strong> built Graph <strong>Data</strong> Science from the ground up to handle the biggest datasets you can come… Read more →
Neo4j,Big Data Neo4j,https://stackoverflow.com/questions/26762505/graph-database-and-big-data,"I&#x27;ve been working on a project that involves graph database and I used <strong>Neo4j</strong> as a tool. Since, I am on the verge of completing the project, I was thinking of integrating it with <strong>big</strong> <strong>data</strong>. Is there..."
Neo4j,Big Data Neo4j,https://go.neo4j.com/neo4j-an-insider%E2%80%99s-guide-graph-data-science-for-really-big-data-lp.html,<strong>Neo4j</strong> built graph <strong>data</strong> science from the ground up to handle the biggest datasets you can come up with.
Neo4j,Big Data Neo4j,https://medium.com/@samridhisaini02002/neo4j-project-a-graph-database-fa921d93af23,"In the current <strong>data</strong>-driven landscape, the management and analysis of massive datasets have become increasingly crucial. Graph databases have emerged as a favored solution due to their ability to…"
Neo4j,Big Data Neo4j,https://medium.com/quick-mobile/neo4j-a-big-data-solution-81d654b045d5,"One of the biggest challenges of <strong>Big</strong> <strong>Data</strong> is to relate large volumes of <strong>data</strong> in a consistently and efficiently way. When you don’t know what kind of <strong>data</strong> will be added over time, it becomes more…"
Neo4j,Big Data Neo4j,https://www.dummies.com/article/technology/information-technology/data-science/big-data/graph-databases-in-a-big-data-environment-167409/,"Query language: <strong>Neo4J</strong> supports a declarative language called Cypher, designed specifically to query graphs and their components. Cypher commands are loosely based on SQL syntax and are targeted at ad hoc queries of the graph <strong>data</strong>. ... Judith Hurwitz is an expert in cloud computing, information management, and business strategy. Alan Nugent has extensive experience in cloud-based <strong>big</strong> ..."
Neo4j,Big Data Neo4j,https://community.neo4j.com/t/load-large-volume-of-data-in-neo4j/14571,"Hi Graphis, I have some doubts regarding importing <strong>data</strong> <strong>into</strong> <strong>Neo4j</strong>. I have a large volume of <strong>data</strong> (i have 100k JSON files and each JSON contains 200k records). what is the best way to import this <strong>data</strong>? I am using Pyspark and <strong>neo4j</strong>-admin import currently. is there any alternative method for ..."
Neo4j,Big Data Neo4j,https://siliconangle.com/2022/04/12/neo4j-introduces-managed-graph-service-data-scientists/,"The new offering complements an existing managed version of its core graph database the company rolled out early last year. Coincident with the announcement, <strong>Neo4j</strong> also announced version 2.0 of its Graph <strong>Data</strong> Science software, containing 65 new graph algorithms, better <strong>data</strong> import capabilities ..."
Neo4j,Big Data Neo4j,https://www.g2.com/products/neo4j-graph-database/reviews,"The flexibility and performance ... <strong>data</strong>, like historical and cultural information. Review collected by and hosted on G2.com. ... While the <strong>Neo4j</strong> offers more positive advantages than disadvantages, but for our case specifically about our history app, there are a few challenges or limitations that might be points of concern, which can be improved: - First <strong>big</strong> issue was ..."
Neo4j,Big Data Neo4j,https://stackoverflow.com/questions/33074323/anyone-using-bigdata-technology-for-customer-facing-web-applications,"I want to use bigdata technology for my application which has around 1 million users. My <strong>data</strong> model has connected <strong>data</strong> (Likes, Dislike, Friends) and it has lot of operation for example- Mutual friends, likes, education etc. Currently I am using Mysql for it which can not be scaled beyond a capacity. I am thinking of using graph databases like (Titan, <strong>Neo4j</strong>..."
Neo4j,Big Data Neo4j,https://subscription.packtpub.com/book/big-data-and-business-intelligence/9781783555154/1/ch01lvl1sec10/the-neo4j-graph-database,1. Getting Started with <strong>Neo4j</strong>. A chapter from <strong>Neo4j</strong> High Performance by Sonal Raj
Neo4j,Big Data Neo4j,https://www.modern-datatools.com/tools/neo4j,"<strong>Neo4j</strong>: Connect <strong>data</strong> as it&#x27;s stored with <strong>Neo4j</strong>. Perform powerful, complex queries at scale and speed with our. Hands-on review — pricing, features, pros &amp; cons (2026)."
Neo4j,Big Data Neo4j,https://siliconangle.com/2025/05/07/neo4j-goes-serverless-bringing-graph-analytics-data-source/,"Graph databases such as <strong>Neo4j</strong> are very different from traditional Structured Query Language-based <strong>data</strong> platforms such as Oracle and Microsoft SQL. Instead of storing <strong>data</strong> in tables consisting of rows and columns, it utilizes a graph structure made up of nodes, edges and properties, to represent and store information. It’s a more versatile format that makes <strong>data</strong> easier to retrieve within a single operation in most cases. Perhaps the biggest ..."
Neo4j,Big Data Neo4j,https://www.infoworld.com/article/3256278/big-data-analytics-with-neo4j-and-java-part-1.html?page=2,Graph databases like <strong>Neo4j</strong> are ideal for modeling complex relationships--and they move through <strong>big</strong> <strong>data</strong> at lightspeed
Neo4j,"""Big Data"" Neo4j",https://www.bbva.com/en/neo4j-what-a-graph-database-is-and-what-it-is-used-for/,"One of the best known is <strong>Neo4j</strong>, which is a service implemented in Java. ... No matter who you talk to about <strong>data</strong> and where and why you do it, surely they will tell you that the most important thing about <strong>Big</strong> <strong>Data</strong> is extracting value from the information (it is the perfect concept in which the ..."
Neo4j,"""Big Data"" Neo4j",https://www.bmc.com/blogs/neo4j-graph-database/,"<strong>Neo4j</strong> is a graph database. A graph database, instead of having rows and columns has nodes edges and properties. It is more suitable for certain <strong>big</strong> <strong>data</strong> and analytics applications than row and column databases or free-form JSON document databases for many use cases."
Neo4j,"""Big Data"" Neo4j",https://www.quora.com/Is-Neo4j-a-good-database-for-small-apps-where-one-may-never-have-big-data,Answer (1 of 4): Yes <strong>Neo4j</strong> is good for small (100k) and large datasets (billions). Often even in small datasets there is a lot of insight to be found by analysis of structure. Like shown here with Brexit Voting Analysis. You can get started by downloading <strong>Neo4j</strong> Desktop which provides a lot of b...
Neo4j,"""Big Data"" Neo4j",https://liora.io/neo4j-tout-savoir,"Cette technologie permet de convertir le <strong>Big</strong> <strong>Data</strong> en précieuses informations. Parmi les bases de données orientées graph les plus populaires, on compte <strong>Neo4j</strong>. Les développeurs et <strong>Data</strong> Scientists l’utilisent pour profiter de nombreux outils permettant de créer des applications ou d’analyser ..."
Neo4j,"""Big Data"" Neo4j",https://www.amazon.com/Graph-Science-Python-Neo4j-Hands/dp/8197081964,"Graph <strong>Data</strong> Science with Python and <strong>Neo4j</strong>: Hands-on Projects on Python and <strong>Neo4j</strong> Integration for <strong>Data</strong> Visualization and Analysis Using Graph <strong>Data</strong> ... (Graph &amp; <strong>Big</strong> <strong>Data</strong> Analytics — Applied Path) [Eastridge, Timothy, AVA, Orange] on Amazon.com. *FREE* shipping on qualifying offers."
Neo4j,"""Big Data"" Neo4j",https://cprosenjit.medium.com/neo4j-with-apache-spark-542da437d38,"When we work on highly connected ... <strong>data</strong>. On the other hand we need a <strong>big</strong> <strong>data</strong> processing tool to handle large datasets. In this blog, we’ll show how to store a highly connected <strong>data</strong> set into the very well known graph database - <strong>Neo4J</strong> along with processing the <strong>data</strong> using ..."
Neo4j,"""Big Data"" Neo4j",https://neo4j.com/docs/getting-started/graph-visualization/graph-visualization-tools/,"Graphistry brings a human interface to the age of <strong>big</strong> and complex <strong>data</strong>. It automatically transforms your <strong>data</strong> into interactive, visual investigation maps built for the needs of analysts. Quickly surface relationships between events and entities without writing queries or wrangling <strong>data</strong>."
Neo4j,"""Big Data"" Neo4j",https://dev.to/sukhbirsekhon/what-is-neo4j-8jc,"<strong>Neo4J</strong> has many advantages, but one is its responsiveness in managing <strong>data</strong>. If we wanted to push the boundaries of its abilities, we would have to exceed a total volume of 34 billion nodes (<strong>data</strong>), 34 billion relationships between these pieces of <strong>data</strong>, 68 billion of properties, and 32,000 types of relationships. When developers of a company work with <strong>big</strong> ..."
Neo4j,"""Big Data"" Neo4j",https://medium.com/bigdatarepublic/tagged/neo4j,Read writing about <strong>Neo4j</strong> in bigdatarepublic. <strong>DATA</strong> SCIENCE | <strong>BIG</strong> <strong>DATA</strong> ENGINEERING | <strong>BIG</strong> <strong>DATA</strong> ARCHITECTURES.
OrientDB,Большие данные OrientDB,https://qna.habr.com/q/150143,<strong>Database has more than 300 millions edges and around 70 million vertices</strong>. Each client performs insert/read/delete at around 10k qps(all combined). I have multiple such clients connecting to the server.
OrientDB,Большие данные OrientDB,https://otus.ru/journal/orientdb-zaprashivaem-dannye-iz-grafov/,На этом открытом уроке рассмотрели базовые возможности OrientDB и способы манипуляции данными в графовых базах данных на примере OrientDB. Разобрали два варианта запросов данных: sql-like и cypher-like.
OrientDB,Большие данные OrientDB,https://en.wikipedia.org/wiki/OrientDB,"OrientDB is an open source NoSQL database management system written in Java. It is a Multi-model database, supporting graph, document and object models, the relationships are managed as in graph databases with direct connections between records. It supports schema-less, schema-full and schema-mixed ..."
OrientDB,Большие данные OrientDB,https://coderlessons.com/tutorials/bazy-dannykh/uchitsia-orientdb/orientdb-kratkoe-rukovodstvo,"Базы данных NoSQL все ... в больших данных и веб-приложениях реального времени. Системы NoSQL также иногда называют «не только SQL», чтобы подчеркнуть, что они могут поддерживать языки запросов, подобные SQL. OrientDB также ..."
OrientDB,Большие данные OrientDB,https://amp.ww.ru.freejournal.org/4169866/1/orientdb.html,"Можно вставлять документы, как и любой другой базе данных, основанной на документах, но также поддерживает отношения. Он не использует дорогостоящее JOIN. Вместо этого, OrientDB использует супер-быстрые, постоянные указатели между записями, взятые из мира графовых баз данных."
OrientDB,Большие данные OrientDB,https://habr.com/ru/articles/214837/,"Я тоже задался этим вопросом и автор OrientDB мне ответил так: плюс в том, что OrientDB лучше партицируется используя графы, и конечно это влияет на скорость выборки данных. Напомню, что партиционирование (partitioning) — это разбиение больших таблиц на логические части по выбранным критериям."
OrientDB,Большие данные OrientDB,https://yapro.ru/article/6337,orientdb {cities}&gt; select from E ----+------+--------+----+---- # |@RID |distance|out |in ----+------+--------+----+---- 0 |#10:0 |1106 |#9:0|#9:4 1 |#10:1 |1106 |#9:4|#9:0 2 |#10:2 |1054 |#9:4|#9:3 3 |#10:3 |1054 |#9:3|#9:4 4 |#10:4 |1267 |#9:3|#9:1 5 |#10:5 |1267 |#9:1|#9:3 6 |#10:6 |930 |#9:1|#9:2 7 |#10:7 |930 |#9:2|#9:1 8 |#10:8 |1183 |#9:2|#9:0 9 |#10:9 |1183 |#9:0|#9:2 ----+------+--------+----+----
OrientDB,Большие данные OrientDB,https://doc.ru.universe-data.ru/2.7.0-EE/content/guides/system_admin/jobs/joblist.html,"затем, если остаются неиндексированные данные, то запустить операцию повторно, выключив Писать лог ошибок и включив Обработать лог ошибок. Также при больших данных можно отключать параметры Очищать индексы и Обновить маппинги."
OrientDB,Большие данные OrientDB,https://datareview.info/article/orientdb-vs-mongodb/,"Это приводит к проблемам производительности, когда активно обрабатываемые данные занимает больше памяти, чем физически доступно на сервере. Начиная с версии 1.4 OrientDB использует новый движок «PLOCAL», который не использует отображение файлов в память, и самостоятельно управляет вводом-выводом на диск."
OrientDB,Большие данные OrientDB,https://orientdb.dev/,"OrientDB is the first Multi-Model Open Source NoSQL DBMS that combines the power of graphs and the flexibility of documents into one scalable, high-performance operational database · Gone are the days where your database only supports a single data model. As a direct response to polyglot ..."
OrientDB,Большие данные OrientDB,https://bigdataschool.ru/blog/multimodel-databases-overview.html,"Разработчики OrientDB подчеркивают, что она является по-настоящему мультимодельной, поскольку объединяет все функции четырех моделей данных в одно ядро."
OrientDB,Большие данные OrientDB,https://www.8host.com/blog/ustanovka-i-ispolzovanie-orientdb-na-servere-ubuntu-12-04/,"Существует ещё много способов запроса данных, большинство из которых соответствует синтаксису SQL. Для взаимодействия с данными графы используются гораздо реже, однако они способны повысить гибкость и производительность OrientDB."
OrientDB,Большие данные OrientDB,http://blog.sfinxsoft.com/orientdb/,"Другая фишка OrientDB, которая прямо вытекает из вышеприведенной — это непосредственное управление (произвольный CRUD для произвольной записи) данными типа «associative array» или «map» внутри любой записи."
OrientDB,Большие данные OrientDB,https://opennet.ru/41504-orientdb,"Представлен релиз системы управления базами данных OrientDB 2.0, которая объединяет в себе возможности документо-ориентированной и графо-ориентированной БД."
OrientDB,Большие данные OrientDB,https://mivocloud.com/ru/blog/OrientDB-Graficheskaya-baza-dannykh-dlya-sovremennykh-prilozheniy,"Гибкость моделирования: OrientDB позволяет создавать сложные связи между данными, что полезно для проектов с разнообразными требованиями. Высокая производительность: Быстрые запросы и возможность работать с большими объемами данных делают OrientDB привлекательным для бизнеса."
OrientDB,Большие данные OrientDB,https://ru.bmstu.wiki/OrientDB,"pokrovkino.com is your first and best source for all of the information you’re looking for. From general topics to more of what you would expect to find here, pokrovkino.com has it all. We hope you find what you are searching for!"
OrientDB,Большие данные OrientDB,https://progi.pro/orientdb22-t15685,"У меня есть база данных OrientDB с около 300 миллионами записей класса &quot;A extends V&quot;. Каждая запись имеет свойство &quot;x&quot; (LONG), в котором я построил индекс для (NOTUNIQUE)."
OrientDB,Большие данные OrientDB,https://www.8host.com/blog/nastrojka-klastera-orientdb-v-ubuntu-16-04/,OrientDB - это многомодельная база данных NoSQL с поддержкой графиков и документных баз данных. Это приложение Java может работать в любой операционной системе.
OrientDB,Большие данные OrientDB,https://coderlessons.com/tutorials/bazy-dannykh/uchitsia-orientdb/orientdb-rezervnaia-kopiia-bazy-dannykh,"Как и RDBMS, OrientDB также поддерживает операции резервного копирования и восстановления. При выполнении операции резервного копирования все файлы текущей базы данных будут преобразованы в сжатый zip-формат с использованием алгоритма ZIP."
OrientDB,Большие данные OrientDB,https://habr.com/ru/post/214837/,"Я тоже задался этим ... что <strong>OrientDB</strong> лучше партицируется используя графы, и конечно это влияет на скорость выборки <strong>данных</strong>. Напомню, что партиционирование (partitioning) — это разбиение <strong>больших</strong> таблиц ..."
OrientDB,Большие данные OrientDB,https://yapro.ru/article/6327,"Разберем пример запроса, т.е. что сделает <strong>OrientDB</strong> если мы скажем ей: ... ClusterLocal — может хранится в файлах или в памяти (без файлов). Файлы — для хранения сегмента <strong>данных</strong>, ..."
OrientDB,Большие данные OrientDB,https://tabota.ru/2024/01/try-orientdb/,"Сегодня хотел бы с вами присмотреться к графововым базам <strong>данных</strong>. Я уже посмотрел несколько, и <strong>OrientDB</strong> показалась самой простой для старта. Для начала зайдем на ..."
OrientDB,Большие данные OrientDB,https://github.com/orientechnologies/orientdb,"<strong>OrientDB</strong> is the most versatile DBMS supporting Graph, Document, Reactive, Full-Text and Geospatial models in one Multi-Model product. <strong>OrientDB</strong> can run distributed (Multi-Master), supports SQL, ACID Transactions, Full-Text indexing and Reactive Queries. - orientechnologies/<strong>orientdb</strong>"
OrientDB,Большие данные OrientDB,https://timeweb.com/ru/community/articles/kak-ustanovit-i-nastroit-orientdb-na-ubuntu-16-04-1,База знаний о хостинге и серверных технологиях Timeweb Community: Как установить и настроить <strong>OrientDB</strong> на Ubuntu 16.04. Опыт наших пользователей поможет разобраться с любым вопросом ...
OrientDB,Большие данные OrientDB,https://dbdb.io/db/orientdb,"<strong>OrientDB</strong> is a multi-model NoSQL DBMS that supports of graph, documents, key-value, and object-oriented storage. Instead of just implementing another layer with an API, <strong>OrientDB</strong> integrates those models. It also supports both disk-oriented and in-memory storages."
OrientDB,Большие данные OrientDB,https://opennet.ru/33847-orientdb,"Вышел первый релиз <strong>OrientDB</strong>, системы управления базами <strong>данных</strong>, которая объединяет в себе возможности документо-ориентированной и графо-ориентированной БД."
OrientDB,Большие данные OrientDB,https://www.youtube.com/watch?v=VA0CdJhTzTE,Рассмотрим базовые возможности <strong>OrientDB</strong>. И способами манипуляции данными в графовых базах данных на примере <strong>OrientDB</strong>. На ОУ будут рассмотрены два варианта за...
OrientDB,Большие данные OrientDB,https://dic.academic.ru/dic.nsf/ruwiki/1705011,"У этой статьи нет иллюстраций. Вы можете помочь проекту, добавив их (с соблюдением правил использования изображений). Для поиска иллюстраций можно: попробовать ..."
OrientDB,Большие данные OrientDB,https://www.linux.org.ru/news/java/7755708,"14 мая 2012 года объявлено о выходе первой стабильной версии <strong>OrientDB</strong>. <strong>OrientDB</strong> — это NoSQL-система управления базами <strong>данных</strong> с открытым исходным кодом, написанная на Java."
OrientDB,Большие данные OrientDB,https://habr.com/ru/companies/orienteer/articles/324758/,"После нашей первой статьи о том, как из Orienteer и docker сделать BaaS , мы обещали рассказать, что такое Orienteer, кому и как он может быть полезен. А тут еще и повод есть хороший: ..."
OrientDB,Большие данные OrientDB,https://1cloud.ru/help/linux/ustanovka-orientdb-na-ubuntu-16-04,Инструкция по установке документо- и графо-ориентированной СУБД <strong>OrientDB</strong>
OrientDB,Большие данные OrientDB,http://sql.fliplinux.com/orientdb-x43.html,"Условие в столбце ... <strong>данных</strong> за год · SQL: ограничивать строки, связанные с каждой объединенной строкой · передача параметра списка значений и таблиц в хранимую процедуру · Как преобразовать строку в DateTime в C #? SQL получает строки как столбцы · Решила! В <strong>OrientDB</strong> 2.1 (я ..."
OrientDB,Большие данные OrientDB,https://www.linux.org.ru/news/java/7755708/page1,We cannot provide a description for this page right now
OrientDB,Большие данные OrientDB,https://qna.habr.com/q/1005783,"Получайте ответы на вопросы по любой теме из области IT от специалистов в этой теме. Узнать <strong>больше</strong> ... Ну собственно если <strong>данные</strong> <strong>в</strong> <strong>OrientDB</strong>, то как их можно получить из ..."
OrientDB,Большие данные OrientDB,https://timeweb.com/ru/community/articles/zashchita-orientdb-na-servere-s-ubuntu-16-04-1,База знаний о хостинге и серверных технологиях Timeweb Community: Защита <strong>OrientDB</strong> на сервере с Ubuntu 16.04. Опыт наших пользователей поможет разобраться с любым вопросом из IT-сферы.
OrientDB,Большие данные OrientDB,https://db-engines.com/en/system/OrientDB,Detailed overview of the characteristics of <strong>OrientDB</strong>
OrientDB,Большие данные OrientDB,https://www.8host.com/blog/import-i-eksport-bazy-dannyx-orientdb/,"<strong>OrientDB</strong> – это многомодельная база <strong>данных</strong> NoSQL, поддерживающая графики и документальные БД. Это приложение Java можно использовать в любой системе."
OrientDB,Большие данные OrientDB,https://alphapedia.ru/w/OrientDB,Альфапедия · Войти · <strong>OrientDB</strong> · редактировать · Последняя правка сделана 2021-06-01 14:41:18 · Содержание доступно по лицензии CC BY-SA 3.0 (если не указано иное) · Соглашение · О ...
OrientDB,Большие данные OrientDB,https://dbpedia.org/page/OrientDB,"<strong>OrientDB</strong> is an open source NoSQL database management system written in Java. It is a Multi-model database, supporting graph, document, key/value, and object models, but the relationships are managed as in graph databases with direct connections between records."
OrientDB,Большие данные OrientDB,https://ru.unionpedia.org/OrientDB,"Apache Cassandra — ... хранилищ огромных массивов <strong>данных</strong>, представленных в виде хэша. Новый!!: <strong>OrientDB</strong> и Apache Cassandra · Узнать <strong>больше</strong> »..."
OrientDB,Большие данные OrientDB,https://toster.ru/q/150143,"Наткнулся на БД, которая обещает золотые горы: www.orientechnologies.com/why-<strong>orientdb</strong> Если кто-то уже успел с ней поработать, расскажите пожалуйста свои впечатления."
OrientDB,Большие данные OrientDB,https://docplayer.ru/65173131-Obzor-vozmozhnostey-subd-orientdb.html,"# 01, январь 2017 УДК Обзор возможностей СУБД <strong>OrientDB</strong> Матвеева П.Р., бакалавр Россия , г. Москва, МГТУ им. Н.Э. Баумана, кафедра «Автоматизированные системы обработки ..."
OrientDB,Большие данные OrientDB,https://habr.com/post/214837/,"<strong>OrientDB</strong> — взгляд человека, который привык работать с реляционными базами данных. Напомню, что <strong>OrientDB</strong> — графовая, документно-ориентированная база данных, реализованная ..."
OrientDB,Большие данные OrientDB,https://stackoverflow.com/questions/12205471/orientdb-slow-write,"<strong>OrientDB</strong> official site says: On common hardware stores up to 150.000 documents per second, 10 billions of documents per day. Big Graphs are loaded in few milliseconds without executing costly..."
OrientDB,Большие данные OrientDB,https://habr.com/ru/articles/267079/,"Давайте сравним ... (от <strong>большего</strong> к меньшему). Популярность: Oracle, MongoDB, Redis, HBase, <strong>OrientDB</strong>. Функциональность: <strong>OrientDB</strong>, Oracle, MongoDB, HBase, Redis. Скорость: очень сильно зависит от задачи, <strong>данных</strong> и ..."
OrientDB,Большие данные OrientDB,https://blog.sedicomm.com/2018/04/11/nosql-kak-ustanovit-orientdb-na-ubuntu-16-04/,"Введение -- NoSQL и <strong>OrientDB</strong> Итак, сегодня поговорим про то, как установить <strong>OrientDB</strong> на Ubuntu. Когда речь идет о базах <strong>данных</strong>, в общих чертах, их можно"
OrientDB,Большие данные OrientDB,https://habr.com/ru/hubs/bigdata/articles/page8/,Базы <strong>данных</strong> * Big Data * Исследования и прогнозы в IT * Анализ и проектирование систем * ... После моей статьи про АИС «Налог-3» (как одну из самых мощных государственных IT-систем России) в комментариях <strong>больше</strong> ...
OrientDB,Большие данные OrientDB,https://stackoverrun.com/ru/q/10394835,"Я хочу преобразовать базу <strong>данных</strong> MySQL&gt; 1mn в базу <strong>данных</strong> графа, потому что это сильно привязанные <strong>данные</strong> сетевого типа. У бесплатной версии Neo4J были некоторые ..."
OrientDB,Большие данные OrientDB,https://www.softportal.com/software-50012-dbeaver.html,"Что касается поддержки, то инструмент работает с подавляющим большинством баз <strong>данных</strong>, включая базы <strong>данных</strong> Apache, Firebird, MariaDB, DB2, <strong>OrientDB</strong>, Postgres, SQL и его разновидности, Teradata, ..."
OrientDB,Большие данные OrientDB,https://coderlessons.com/tutorials/bazy-dannykh/uchitsia-orientdb/orientdb-interfeis-java,"Как и в RDBMS, <strong>OrientDB</strong> поддерживает JDBC. Для этого сначала нам нужно настроить среду для программирования JDBC. Ниже описана процедура создания"
OrientDB,Большие данные OrientDB,https://x.com/orientdb?lang=es,"The #1 Multi-Model Open Source NoSQL DBMS that combines the power of graphs with documents, geospatial, reactive and much more. <strong>OrientDB</strong> is an SAP company."
OrientDB,Большие данные OrientDB,https://coderlessons.com/tutorials/bazy-dannykh/osnovy-subd/21-luchshii-spisok-bazy-dannykh,"База <strong>данных</strong> - это систематический сбор <strong>данных</strong>, который поддерживает хранение и манипулирование информацией. Обычно он управляется системой управления"
OrientDB,Большие данные OrientDB,http://sql.fliplinux.com/orientdb-sel.html,"Я прочитал документацию <strong>orientdb</strong>, я думаю, что выбор запроса возвращает результат в формате коллекции."
OrientDB,Большие данные OrientDB,https://progi.pro/orientdb-t5256,Вопросы и ответы по программированию с меткой <strong>Orientdb</strong> - отвечайте на вопросы по программированию на портале Progi.pro – на все есть ответ!
OrientDB,Большие данные OrientDB,https://datareview.info/tag/instrumentyi-i-po/,AnyChart открыла код JavaScript библиотек для визуализации <strong>данных</strong> в рамках масштабного релиза 7.13.0 · Российские операторы хотят создать «Ассоциацию <strong>больших</strong> <strong>данных</strong>»
OrientDB,Большие данные OrientDB,https://www.codeflow.site/ru/article/java-orientdb,<strong>OrientDB</strong> не имеет объектного типа базы <strong>данных</strong>.
OrientDB,Большие данные OrientDB,https://github.com/orientechnologies/orientdb/wiki/orientdb-3.0-release-notes,"<strong>OrientDB</strong> is the most versatile DBMS supporting Graph, Document, Reactive, Full-Text and Geospatial models in one Multi-Model product. <strong>OrientDB</strong> can run distributed (Multi-Master), supports SQL, ACID Transactions, Full-Text indexing and Reactive Queries. - <strong>OrientDB</strong> 3.0 Release Notes · ..."
OrientDB,"""Большие данные"" OrientDB",https://sky.pro/wiki/sql/sposoby-chteniya-bolshikh-dannykh-iz-sql-v-pandas-data-frame/,"Удалите ненужные колонки и ограничьте выборку только необходимым объемом данных. Выбор подходящего значения для chunksize напоминает поиск идеальной температуры каши. Избегайте слишком больших блоков, которые могут перегрузить память, и слишком маленьких, обработка которых потребует много времени."
OrientDB,"""Большие данные"" OrientDB",https://ergonotes.ru/bolshie-dannyie/,"В <strong>данной</strong> статье, используя 3 сервиса и технологии, я коротко затрону 3 основных шага для извлечения, индексирования и анализа <strong>больших</strong> <strong>данных</strong>."
OrientDB,"""Большие данные"" OrientDB",https://hi-news.ru/eto-interesno/trendy-bolshie-dannye.html,"«Тот, кто владеет информацией, владеет миром». Похоже, никогда еще эта фраза не звучала так верно, как сегодня. Во втором десятилетии 21 века информация стал..."
OrientDB,"""Большие данные"" OrientDB",https://www.abok.ru/for_spec/articles.php?nid=7315,"Накопление, обработка, анализ энергетических <strong>больших</strong> <strong>данных</strong> (Big Data) в строительной отрасли становится все более актуальным и востребованным. Этому способствуют ..."
OrientDB,"""Большие данные"" OrientDB",https://qna.habr.com/q/603322,Добрый день. Может кто-нибудь сталкивался с экспортом <strong>большого</strong> количества <strong>данных</strong> (более 100к) в excel (xlsx формат). Подскажите как можно реализовать подобное?
OrientDB,"""Большие данные"" OrientDB",https://www.osp.ru/os/2011/10/13012225,"В течение последних лет корпорация IBM планомерно выстраивала на базе собственных и приобретенных технологий платформу управления информацией, охватывающую все ..."
OrientDB,Big Data OrientDB,https://bigstep.com/blog/expert-interview-with-luca-garulli-of-orientdb-on-multi-model-database-management-for-big-data/,"<strong>OrientDB can process more than 200,000 documents/second on a single machine</strong>. But the best part of OrientDB is not on insertion, but on crossing the relationships. RDBMS, and other NoSQL that have JOINs, have O(Log N) performance on crossing ..."
OrientDB,Big Data OrientDB,https://www.tutorialspoint.com/orientdb/orientdb_overview.htm,<strong>OrientDB is an Open Source NoSQL Database Management System</strong>. NoSQL Database provides a mechanism for storing and retrieving NO-relation or NON-relational data that refers to data other than tabular data such as document data or graph data.
OrientDB,Big Data OrientDB,https://www.tutorialspoint.com/orientdb/orientdb_quick_guide.htm,<strong>OrientDB is an Open Source NoSQL Database Management System</strong>. NoSQL Database provides a mechanism for storing and retrieving NO-relation or NON-relational data that refers to data other than tabular data such as document data or graph data.
OrientDB,Big Data OrientDB,https://www.packtpub.com/en-us/learning/tech-guides/mysteries-big-data-and-orient-db,"OrientDB is a <strong>hybrid graph document database</strong> that offers the unique flexibility of modeling data in the form of either documents, or graphs, while incorporating object-oriented programming as a way of encapsulating relationships."
OrientDB,Big Data OrientDB,https://subscription.packtpub.com/book/big-data-and-business-intelligence/9781782169956/5/ch05lvl1sec38/embedded-mode,"&lt;p&gt;In modern software applications, often there is the necessity to manage very big amounts of unstructured data with varying schema. In this scenario, instead of relational databases, we can use OrientDB, an open source NoSQL DBMS written in Java. Inspite ofDespite being a document-based database, the relationships are managed with direct connections between records."
OrientDB,Big Data OrientDB,https://www.slideshare.net/LucaBianconi2/orientdb-big-data,"Esigenze • BIG DATA – MILIARDI DI RECORD • PERFORMANCE – TEMPI DI RISPOSTA IMMEDIATI • WEB BASED – RAGGIUNGIBILE DA INTRANET/INTERNET • GESTIONE UTENTI – PROFILAZIONE RUOLI • REPORT, GRAFICI E DATI MODIFICABILI – ALTA INTERATTIVITA’ 10 · 11. L’implementazione Serve un multi-model graph database! 11 · 12. C’è tanto da fare Ok abbiamo il DB: Orient 1.3. E adesso? 12 · 13. Da Orient a OrientBI CSV ETL (Java) OrientDB Istruzioni in JS Front end e Back end Html + JS + Bootstrap Command + JS Report Orient Processing LAnguage JSON JSON JS (orientdb-bi) 13"
OrientDB,Big Data OrientDB,https://www.researchgate.net/figure/Data-Storage-supported-by-OrientDB-OrientDb-Database_fig4_320030246,It analyzes different methods of backing up data and their advan... ... ... In Listing 2 is a query that returns a number of friends of Jennifer using Neo4j. OrientDB <strong>uses Paginated Local Storage for storing data</strong>
OrientDB,Big Data OrientDB,https://github.com/orientechnologies/orientdb/issues/1757,"In nutshed LSM tree is are sorted dictionary, one instance of which in memory and second on the disk these instance are merged in background using very big data chunks, so we will have not 3 I/O s for write but about 3/16 IOs for single write which is much faster if we also take into account that additional write cache optimizations will be applied we will have very very fast index implementation."
OrientDB,Big Data OrientDB,https://www.slideshare.net/OrdinaORAJ/big-data-document-and-graph-d-bs-couchdb-and-orientdb,Graph DB: Back to School Graph Example Tom Ordina isMemberOf Works For meetup: bigdata.be Hosted By VisitedOffice · 28. Graph DB: Back to school Congratulations - you are now graduated in graph theory ... 31. Graph DB: OrientDB ▪ How does OrientDB manage relationships ▪ Some Limits ▪ Hybrid ▪ Transactions and ACID ▪ Create the Graph ▪ Query vs Traversal ▪ Schema
OrientDB,Big Data OrientDB,https://db-news.com/orientdb-in-the-modern-data-landscape-a-deep-dive-into-multi-model-performance-and-architecture,"Is a large-scale analytical data warehouse (look to Snowflake, BigQuery, or Redshift). Is a simple document or key-value store with no relational needs (consider DynamoDB News or MongoDB). OrientDB carves out a powerful niche in the crowded database market. It challenges the notion that developers must accept the operational overhead of polyglot persistence to build complex, modern applications."
OrientDB,Big Data OrientDB,http://bigdatacompilation.blogspot.com/2014/04/getting-started-with-orientdb.html,Getting Started with OrientDB http://pettergraff.blogspot.ca/2013/12/orientdb-thanks.html In my previous blog post I praised the open-...
OrientDB,Big Data OrientDB,https://stackoverflow.com/questions/14620226/orientdb-performance-with-big-data,Stack Overflow | The World’s Largest Online Community for Developers
OrientDB,Big Data OrientDB,https://www.researchgate.net/figure/OrientDB-as-multi-model-database-courtesy-of-Orient-Technologies-LTD_fig4_299535734,"Download scientific diagram | OrientDB as multi-model database (courtesy of Orient Technologies LTD) from publication: Keep it simple, fast and scalable: a Multi-Model NoSQL DBMS as an (eb)XML-over-SOAP service | IT complexity in enterprise today continues to grow at a dizzying rate."
OrientDB,Big Data OrientDB,https://www.packt.com/mysteries-big-data-and-orient-db/,"OrientDB is a <strong>hybrid graph document database</strong> that offers the unique flexibility of modeling data in the form of either documents, or graphs, while incorporating object-oriented programming as a way of encapsulating relationships."
OrientDB,Big Data OrientDB,https://www.rankred.com/big-data-databases/,"CouchDB also uses the multi-version concurrency control, so it doesn’t lock database files during writes. ... Written in Java, OrientDB is <strong>an open-source, multi-model database supporting document, graph, key/value, and object models</strong>."
OrientDB,Big Data OrientDB,https://medium.com/@firmanbrilian/designing-multi-model-data-architectures-with-orientdb-for-modern-data-engineering-c20f11f1a732,"Traditional single-model databases struggle to support this variety efficiently. Enter OrientDB — <strong>a multi-model database that combines graph, document, object, and key-value models into a single, scalable platform</strong>."
OrientDB,Big Data OrientDB,https://aplicaciones.campusbigdata.com/aplicacion/orientdb/,"<strong>OrientDB</strong> es un sistema de gestión de base de datos NoSQL de código abierto escrito en Java. Es una base de datos multimodelo que admite gráficos, documentos,"
OrientDB,Big Data OrientDB,https://www.packtpub.com/en-pt/learning/tech-guides/mysteries-big-data-and-orient-db,"The main progenitor of this <strong>data</strong> ... <strong>with</strong> <strong>big</strong> <strong>data</strong>. Neo4j has cornered the market, and it&#x27;s not hard to see why—it offers a powerful solution with heavy commercial support for enterprise deployments. In truth there aren&#x27;t many alternatives out there, but alternatives exist. <strong>OrientDB</strong> is a hybrid ..."
OrientDB,Big Data OrientDB,https://a.osmarks.net/content/wikipedia_en_all_maxi_2020-08/A/OrientDB,&quot;Expert Interview with Luca Garulli Of <strong>OrientDB</strong> On Multi-Model Database Management For <strong>Big</strong> <strong>Data</strong>&quot;. 18 May 2015. Archived from the original on 22 May 2015.
OrientDB,Big Data OrientDB,http://orientdb.com/event/how-graph-databases-solve-big-data-complexity/,"Migrate, Sync, &amp; Analyze - <strong>Data</strong> Migration to a Multi-model Databasewatch now · <strong>OrientDB</strong> Webinar - How Multi-model Databases Can Supercharge Your Enterprise Applicationswatch now"
OrientDB,Big Data OrientDB,https://bigdatadummy.com/tag/orientdb/,Entradas sobre <strong>OrientDB</strong> escritas por <strong>Big</strong> <strong>Data</strong> Dummy
OrientDB,Big Data OrientDB,https://www.slideshare.net/slideshow/orientdb-big-data/35520682,<strong>OrientDB</strong> &amp; <strong>Big</strong> <strong>Data</strong> - Download as a PDF or view online for free
OrientDB,Big Data OrientDB,https://orientdb.org/docs/3.0.x/misc/Overview.html,"Visualize, interact, and modify your <strong>data</strong>. Execute queries for immediate insight. Quickly manage and query <strong>OrientDB</strong> databases via a terminal console interface."
OrientDB,Big Data OrientDB,https://medium.com/@firmanbrilian/implementing-graph-based-analytics-in-data-engineering-workflows-using-orientdb-df22d38f8cd4,"Implementing Graph-Based Analytics in <strong>Data</strong> Engineering Workflows Using <strong>OrientDB</strong> Introduction Modern <strong>data</strong> engineering is no longer limited to rows, columns, and tables. As relationships between <strong>data</strong> …"
OrientDB,Big Data OrientDB,https://www.ijcaonline.org/archives/volume145/number10/kaur-2016-ijca-910771.pdf,"Bigdata [2] came into existence, there is a need of sharing the · resources and need to achieve consistency also. There are · different platforms, different query languages, different <strong>data</strong> · models[16], different dependencies among databases and · applications so integration has become a capsule to solve this ... <strong>OrientDB</strong> ..."
OrientDB,Big Data OrientDB,https://github.com/orientechnologies,<strong>OrientDB</strong> multi model transactional DBMS community. <strong>OrientDB</strong> has 51 repositories available. Follow their code on GitHub.
OrientDB,Big Data OrientDB,https://quabase.sei.cmu.edu/mediawiki/index.php/OrientDB_Security_Features,From QuABaseBD - Quality Architecture at Scale for <strong>Big</strong> <strong>Data</strong> ... Secure access to a database requires a client authenticate with the server to establish credentials. This section describes the options for authentication in <strong>OrientDB</strong>.
OrientDB,Big Data OrientDB,https://github.com/orientechnologies/spring-data-orientdb,<strong>OrientDB</strong> implementation for SpringData. Contribute to orientechnologies/spring-<strong>data</strong>-<strong>orientdb</strong> development by creating an account on GitHub.
OrientDB,Big Data OrientDB,https://rfidunion.com/applications/best-big-data-databases-you-can-start-using-today.html,"The 17 best <strong>big</strong> <strong>data</strong> databases include Cassandra, HBase, MongoDB, Neo4j, HDFS, Spark MLlib, CouchDB, <strong>OrientDB</strong>, FlockDB, Riak, Territory, Cassandra."
OrientDB,Big Data OrientDB,https://github.com/orientechnologies/orientdb/issues/8928,"<strong>OrientDB</strong> Version: 3.0.20 Java Version: 1.8 OS: Ubuntu 18 Expected behavior a first server is started in distributed mode, with a 1.3 TB database &quot;cdrarch&quot;, all is online. A second server ..."
OrientDB,Big Data OrientDB,https://freshfoss.com/projects/orientdb,"<strong>OrientDB</strong> is a 2nd Generation Distributed Graph Database with the flexibility of Documents in one product with an Open Source commercial friendly license (Apache 2 license). First generation Graph Databases lack the features that <strong>Big</strong> <strong>Data</strong> demands: multi-master replication, and more flexibility ..."
OrientDB,Big Data OrientDB,https://theirstack.com/en/technology/orientdb,We have <strong>data</strong> on 208 companies that use <strong>OrientDB</strong>.
OrientDB,Big Data OrientDB,https://groups.google.com/g/orient-database,"Hi Tiziano, If you check <strong>orientdb</strong>-server-config.xml you&#x27;ll find the following: &lt;handler class=unread, ... Hi Tiziano, Can you please post a simple dataset to reproduce the problem?"
OrientDB,Big Data OrientDB,https://www.baeldung.com/java-orientdb,We can use all those types within a single codebase just by integrating and using <strong>OrientDB</strong>. Let’s have a look at some available jars we can include in the classpath of the project: ... The two last ones are required only if we’re managing our <strong>data</strong> on a remote server.
OrientDB,Big Data OrientDB,https://www.packtpub.com/en-us/learning/how-to-tutorials/mysteries-big-data-and-orient-db/,"The main progenitor of this <strong>data</strong> ... <strong>with</strong> <strong>big</strong> <strong>data</strong>. Neo4j has cornered the market, and it&#x27;s not hard to see why—it offers a powerful solution with heavy commercial support for enterprise deployments. In truth there aren&#x27;t many alternatives out there, but alternatives exist. <strong>OrientDB</strong> is a hybrid ..."
OrientDB,Big Data OrientDB,https://quabase.sei.cmu.edu/mediawiki/index.php/OrientDB_Data_Model_Features,From QuABaseBD - Quality Architecture at Scale for <strong>Big</strong> <strong>Data</strong> ... This section describes the fundamental <strong>data</strong> model characteristics that <strong>OrientDB</strong> provides.
OrientDB,Big Data OrientDB,https://quabase.sei.cmu.edu/mediawiki/index.php/OrientDB_Data_Distribution_Features,"From QuABaseBD - Quality Architecture at Scale for <strong>Big</strong> <strong>Data</strong> ... There are a number of distributed software architecture alternatives that a database can adopt to achieve <strong>data</strong> distribution. These alternatives can greatly affect the quality attributes of a resulting system, including performance, scalability, consistency and availability. This section describes the solution adopted by <strong>OrientDB</strong>..."
OrientDB,Big Data OrientDB,https://www.knowi.com/orientdb-analytics,"<strong>OrientDB</strong> is a multi-model database combining the flexibility of a high performance Document Database and a Graph Engine, with ACID compliance and a SQL-like query syntax. We provide a native BI solution to derive insights from <strong>OrientDB</strong> clusters, as well as combining other NoSQL and SQL based ..."
OrientDB,Big Data OrientDB,https://orientdb.gitbooks.io/orientdb-manual/content/,"<strong>OrientDB</strong> has features of both Document and Graph DBMSs. Written in Java and designed to be exceptionally fast: it can store up to 150,000 records per second on common hardware. Not only can it embed documents like any other Document database, but it manages relationships like Graph Databases ..."
OrientDB,Big Data OrientDB,https://orientdb.com/docs/2.2.x/,"Visualize, interact, and modify your <strong>data</strong>. Execute queries for immediate insight. Quickly manage and query <strong>OrientDB</strong> databases via a terminal console interface."
OrientDB,Big Data OrientDB,https://enlyft.com/tech/products/orientdb,We have <strong>data</strong> on 680 companies that use <strong>OrientDB</strong>. The companies using <strong>OrientDB</strong> are most often found in United States and in the Information Technology and Services industry. <strong>OrientDB</strong> is most often used by companies with 50-200 employees and &gt;1000M dollars in revenue.
OrientDB,Big Data OrientDB,https://www.softpedia.com/get/Internet/Servers/Database-Utils/OrientDB.shtml,"The management dashboard enables you to execute database queries, featuring auto-complete options for the SQL and Gremlin languages. Queries can be easily bookmarked and stored in the history area, which helps you run them at a later time, without having to re-write the commands. The queries are executed by sending instructions to the <strong>OrientDB</strong> ..."
OrientDB,Big Data OrientDB,https://developer.ibm.com/code/components/orientdb/,"IBM Developer is the source for hands-on training and in-demand learning on relevant technologies such as generative AI, <strong>data</strong> science, Java, and more."
OrientDB,Big Data OrientDB,https://orientdb.org/integration,<strong>OrientDB</strong> multi model transactional DBMS community. <strong>OrientDB</strong> has 51 repositories available. Follow their code on GitHub.
OrientDB,Big Data OrientDB,https://stackoverflow.com/questions/39445325/is-there-any-reason-not-to-use-orientdb,I have used <strong>OrientDB</strong> commercially since V2.1. Now on V3.0.9. They improved massively in performance and fixed many bugs. The team is proactive tackling problems as soon as reported. Documentation: things are somewhat difficult to find and there are things that are not documented well or not documented at all that you will have to be googling around or experimenting until you crack them. The biggest ...
OrientDB,Big Data OrientDB,https://www.quora.com/Is-there-any-reason-not-to-use-OrientDB-Is-there-any-reason-to-opt-for-MongoDB-or-Neo4j,"GraphSQL, for example claims to ... for <strong>Big</strong> <strong>Data</strong>. I don’t know much about them yet. ... My answer is not only about performance but i think you should also consider the licences of both actors before choosing a solution. Neo4j is free if you are using it for open-source application. <strong>OrientDB</strong> is free of ..."
OrientDB,Big Data OrientDB,https://odino.org/the-strange-case-of-orientdb-and-graph-databases/,"Orient is extremely versatile, ... databases, object oriented engines, document DBs and, of course, graph models: it is also capable of storing and serving records as JSON documents and performs very well thanks to its indexing algorithm, named MVRB-Tree: <strong>OrientDB</strong> is so impressive that, even though it’s pretty young, <strong>big</strong> players like ..."
OrientDB,Big Data OrientDB,https://stackshare.io/orientdb,"It is an open source NoSQL database management system written in Java. It is a Multi-model database, supporting graph, document, key/value, and object models, but the relationships are managed as in graph databases with direct connections between records. <strong>OrientDB</strong> is a tool in the Databases ..."
OrientDB,Big Data OrientDB,https://www.trustradius.com/products/orientdb/competitors,"Looking for alternatives to <strong>OrientDB</strong>? Find out how it stacks up against competitors with real reviews, pricing details, features, and more."
OrientDB,Big Data OrientDB,https://www.redswitches.com/blog/big-data-databases/,"Amazon is no slouch either, releasing Redshift, DynamoDB, and DocumentDB to cover all possible <strong>big</strong> <strong>data</strong> database needs. Microsoft is also investing in this technology, with Azure Cosmos DB constantly evolving. <strong>OrientDB</strong> and MongoDB are open-source <strong>big</strong> <strong>data</strong> databases that offer comparable <strong>big</strong> ..."
OrientDB,Big Data OrientDB,https://medium.com/@odysseas_995/getting-started-with-graph-databases-using-orientdb-c61ae3c3eff5,"Getting started with graph databases using <strong>OrientDB</strong>. Despite the fact that graph databases have now been around for years, I still see puzzled faces when I bring them up in conversations about …"
OrientDB,Big Data OrientDB,https://olibr.com/blog/top-12-open-source-big-data-databases/,"It is a go-to solution for implementing a graph-based database for web apps. It can load graphs in just milliseconds and store around 150,000 documents per second. <strong>OrientDB</strong> allows you to use document databases with the graph databases. ... This open-source NoSQL <strong>big</strong> <strong>data</strong> database was developed ..."
OrientDB,Big Data OrientDB,https://github.com/orientechnologies/orientdb/issues/1756,We successfully implemented sbtree index engine BUT it contains just a few optimizations for <strong>big</strong> <strong>data</strong> processing COLA trees are much faster in <strong>big</strong> <strong>data</strong> case (about 200 times faster on inserts in ca...
OrientDB,"""Big Data"" OrientDB",https://www.researchgate.net/publication/309493383_Betrachtung_von_12_Datenbanktechnologien_und_deren_Konzepte_der_Datenverarbeitung_im_Kontext_Big_Data,"OrientDB zeigt sich mit einem objektorientierten Konzept als zu komplex und nicht ausreichend · spezialisiert. Bei CouchDB und Neo4j erweist sich das Thema der ’Eventually Consistency’ als eine · Gefahr. Oracle NoSQL ist mehr eine gute, kostenpﬂichtige Erweiterung, als eine Alternative zum ·"
OrientDB,"""Big Data"" OrientDB",https://medium.com/@nebulagraph/the-journey-of-refactoring-graph-database-migrating-from-orientdb-to-nebulagraph-74c3f189e7a3,"Complexity and contextual vagueness: the system was developed on <strong>OrientDB</strong> back in 2016, which is quite dated. Plus, we have no clue of the historical backgrounds of the system building. An uncharted territory of business: the requests from the <strong>Big</strong> <strong>Data</strong> team were passed onto us in a sudden, ..."
OrientDB,"""Big Data"" OrientDB",https://github.com/orientechnologies/orientdb/issues/7153,"I noticed that in each of our <strong>big</strong> database directories, a file &quot;default.pcl&quot; exists which has a huge size: databases$ du -sh * 7.2M GratefulDeadConcerts 2.2M OSystem 638G cdrarch 548G mobile 24G navi databases$ ls -lh */default.pcl -rw-rw-r-- 1 <strong>orientdb</strong> <strong>orientdb</strong> 65K Jun 13 2016 GratefulDea..."
OrientDB,"""Big Data"" OrientDB",https://www.interviewbit.com/blog/big-data-architecture/,"Nodes and links and entities are ... <strong>data</strong> applications. They may also be used to discover patterns in semi-structured and unstructured <strong>data</strong>. The Neo4J, FlockDB, and <strong>OrientDB</strong> graph databases are available...."
OrientDB,"""Big Data"" OrientDB",https://bigstep.com/blog/categories/big-data-experts-interviews,"We are excited to announce that ... listed Bigstep in the top 200 Hosting… Continue Reading ... A team works to improve performance in Formula 1 racing. A couple of years later, they’re asked to help with airport efficiency, oil drilling and drug… Continue Reading ... Where do Cloud Computing and Green IT intersect? We recently asked Jorge L. Balcells, Director of Technical Services for Verne Global. Continue Reading ... &quot;It has been proven comprehensively that <strong>data</strong>-driven decisions ..."
OrientDB,"""Big Data"" OrientDB",https://github.com/zenkay/bigdata-ecosystem,"Mazerunner for Neo4j - extends ... <strong>big</strong> <strong>data</strong> graph compute algorithms at scale with HDFS and Apache Spark.. MemGraph - cypher compatibile, high-performance in-memory transactional and real-time analytics graph database. Microsoft Graph Engine - a distributed, in-memory, large graph processing engine, underpinned by a strongly-typed RAM store and a general computation engine. Neo4j - graph database writting entirely in Java. <strong>OrientDB</strong> - document ..."
OrientDB,"""Big Data"" OrientDB",https://www.rudderstack.com/blog/big-data-tools/,"Speed up analysis and decisions using <strong>big</strong> <strong>data</strong> tools. Handle complex, high-volume <strong>data</strong> with ease."
OrientDB,"""Big Data"" OrientDB",https://github.com/orientechnologies/orientdb/issues/6657,"At startup with &quot;dserver.sh&quot; after a clean shutdown, it takes about 30 mins before we can access our 160GB <strong>big</strong> database from the &quot;console.sh&quot; client program on the local server: orientdb&gt; use remote:localhost/cdrarch admin adminpwd Connecting to database [remote:localhost/cdrarch] with user ..."
OrientDB,"""Big Data"" OrientDB",https://www.tutorialspoint.com/orientdb/orientdb_basic_concepts.htm,"The main feature of <strong>OrientDB</strong> is to support multi-model objects, i.e. it supports different models like Document, Graph, Key/Value and Real Object. It contains a separate API to support all these four models."
OrientDB,"""Big Data"" OrientDB",https://www.itwire.com/business-it-news/data/petabyte-sized-big-data-sets-becoming-the-norm.html,Hyper-scale processing and search ... the patented Nuix Engine with Elasticsearch as a database platform. Understand hidden relationships - using the redesigned Nuix Context interface that leverages the <strong>OrientDB</strong> graph database to connect items more efficiently...
OrientDB,"""Big Data"" OrientDB",https://cioafrica.co/the-best-database-platforms-to-cater-to-big-data-requirements/,"Recently, businesses and companies have begun depending on open source solutions for instance, MongoDB and Cassandra, which is perfect for catering to <strong>Big</strong> <strong>Data</strong> loads. Another tool, for example the <strong>OrientDB</strong>, can save as much as 150,000 documents per second."
OrientDB,"""Big Data"" OrientDB",https://www.ucertify.com/blog/big-data-and-distributed-database-systems/,"uCertify offers comprehensive course on Fundamentals of Database Systems, providing you with the knowledge and skills needed to excel in this domain."
AllegroGraph,Большие данные AllegroGraph,https://ru.bmstu.wiki/AllegroGraph,"Система обработки больших данных AllegroGraph 7 способна масштабировать огромные объемы данных о предметной области, эффективно связывая знания о предметной области с секционированными данными посредством разделяемых графиков на кластерах машин."
AllegroGraph,Большие данные AllegroGraph,https://allegrograph.com/,"Making accurate decisions is challenging without trusted, connected, and shared data. Explore your data’s possibilities with Generative AI and seamless Large Language Model (LLM) integration powered by AllegroGraph."
AllegroGraph,Большие данные AllegroGraph,https://www.fao.org/agrovoc/linked-data,"Linked Data is a method of web publication in which each individual piece of data is: · AGROVOC is available as a Linked Open Data (LOD) set published, aligned (linked) with several vocabularies. The LOD version of AGROVOC is in RDF/SKOS-XL, and is stored in Apache Jena Fuseki (data is accessible ..."
AllegroGraph,Большие данные AllegroGraph,https://www.numberanalytics.com/blog/unlocking-allegrograph-potential,"AllegroGraph is <strong>a high-performance, persistent graph database that enables efficient storage, querying, and reasoning over large datasets</strong>. It is designed to handle complex, graph-structured data and provides a robust foundation for knowledge representation and artificial intelligence applications."
AllegroGraph,Большие данные AllegroGraph,https://grokipedia.com/page/AllegroGraph,"AllegroGraph is a high-performance, persistent RDF triplestore and knowledge graph platform developed by Franz Inc., designed for building enterprise knowledge graph solutions and enabling Neuro-Symbolic AI applications.[1][2] First released in version 1.0 at the end of 2004, it was the first product to load and index 1 billion triples on standard x86 64-bit hardware.[2][3] The platform originated as a modern RDF graph database using disk-based storage to scale efficiently, supporting SPARQL queries, RDFS reasoning, and standards-compliant semantic data management.[4] It achieved early milesto"
AllegroGraph,Большие данные AllegroGraph,https://en.wikipedia.org/wiki/AllegroGraph,"AllegroGraph is <strong>a closed source triplestore which is designed to store RDF triples, a standard format for Linked Data</strong>. It also operates as a document store designed for storing, retrieving and managing document-oriented information, in JSON-LD format. AllegroGraph is currently in use in commercial ..."
AllegroGraph,Большие данные AllegroGraph,https://ru-brightdata.com/products/web-scraper/allegro,"Парсер Allegro — это мощный инструмент, предназначенный для автоматизации извлечения данных из Allegro, позволяющий пользователям эффективно собирать и обрабатывать большие объемы данных о рынке прогнозирования для различных вариантов использования."
AllegroGraph,Большие данные AllegroGraph,https://habr.com/ru/articles/267361/,"Начинать надо от простого к сложному, поэтому первая статья – о принципах работы с большими данными и парадигме MapReduce."
AllegroGraph,Большие данные AllegroGraph,https://habr.com/en/hubs/bigdata/articles/,"Everything about big data · Pinterest is a visual discovery platform where people can find ideas like recipes, home and style inspiration, and much more. The platform offers its partners shopping capabilities as well as a significant advertising opportunity with 500+ million monthly active users."
AllegroGraph,Большие данные AllegroGraph,https://spbu.ru/postupayushchim/programms/bakalavriat/bolshie-dannye-i-raspredelennaya-cifrovaya-platforma,"Фундаментальная и прикладная подготовка совмещает в себе освоение ключевых разделов вычислительной математики с актуализацией в современных средствах информационных технологий, включая высокопроизводительные вычисления, облачные и грид- технологии, информационные системы, аналитику больших данных и системы с интенсивны"
AllegroGraph,Большие данные AllegroGraph,https://www.cnews.ru/book/Big_Data_-_%D0%91%D0%BE%D0%BB%D1%8C%D1%88%D0%B8%D0%B5_%D0%B4%D0%B0%D0%BD%D0%BD%D1%8B%D0%B5_-_%D0%90%D0%BD%D0%B0%D0%BB%D0%B8%D1%82%D0%B8%D0%BA%D0%B0_%D0%91%D0%BE%D0%BB%D1%8C%D1%88%D0%B8%D1%85_%D0%B4%D0%B0%D0%BD%D0%BD%D1%8B%D1%85,"Big Data или <strong>большие</strong> <strong>данные</strong> означает управление и анализ каких-либо очень <strong>больших</strong> объемов информации. Под этим термином часто подразумевается информация, которую ..."
AllegroGraph,Большие данные AllegroGraph,https://habr.com/ru/hubs/bigdata/posts/,Не откладывайте ... к митапу! А <strong>больше</strong> одробностей ищите на сайте и в telegram-канале WB Space. ... Блог компании GlowByteBig Data * Визуализация <strong>данных</strong> * Финансы в ...
AllegroGraph,Большие данные AllegroGraph,https://bigdataschool.ru/wiki/%D0%B1%D0%BE%D0%BB%D1%8C%D1%88%D0%B8%D0%B5-%D0%B4%D0%B0%D0%BD%D0%BD%D1%8B%D0%B5-big-data/,"<strong>Большие</strong> <strong>данные</strong> (Big Data) – совокупность непрерывно увеличивающихся объемов информации одного контекста, но разных форматов представления, а также методов"
AllegroGraph,Большие данные AllegroGraph,https://www.itqlick.com/allegrograph,"Is <strong>AllegroGraph</strong> actually worth it in 2026? Stop guessing. We reveal the real pros and cons, hidden user fees, and our final value verdict for businesses looking for Database Management software."
AllegroGraph,Большие данные AllegroGraph,https://datayoga.ru/bigbigdata,"Дискуссия про то, как понять где датавиз не работает"
AllegroGraph,Большие данные AllegroGraph,https://www.tbank.ru/career/technologies/graphs/,"Рассказываем, почему разрабатываем методы работы с графами <strong>больших</strong> размеров и с какими вызовами сталкиваемся"
AllegroGraph,Большие данные AllegroGraph,https://bigdataschool.ru/blog/memgraph-vs-neo4j/,В рамках продвижения нашего нового курса по графовым алгоритмам в бизнес-приложениях с
AllegroGraph,Большие данные AllegroGraph,https://cloud.ru/solutions/analitika-dannykh-v-oblake,Откройте для себя потенциал аналитики <strong>данных</strong> в облаке с Cloud.ru. Наши облачные решения предназначены для улучшения обработки <strong>данных</strong> и повышения производительности ...
AllegroGraph,Большие данные AllegroGraph,https://www.uiscom.ru/blog/tekhnologiya-big-data-chto-eto-takoe/,"Hadoop: Open Source платформа для хранения и обработки Big Data <strong>данных</strong>. Spark: более быстрая и гибкая платформа, чем Hadoop. <strong>Большие</strong> <strong>данные</strong>, или Big Data — это объект анализа, т."
AllegroGraph,Большие данные AllegroGraph,https://marketplace.microsoft.com/en-us/product/franzinc1593030725310.allegrograph-8_0_1-vm?tab=Overview,"This innovative feature within <strong>AllegroGraph</strong> provides the necessary power and flexibility to address high-security data environments such as HIPAA access controls, privacy rules for banks, and security models for policing, intelligence and government."
AllegroGraph,Большие данные AllegroGraph,https://aws.amazon.com/marketplace/pp/prodview-6zzymobpybl5o,"<strong>AllegroGraph</strong> is a horizontally distributed, multi-modal Graph (RDF), Vector, and Document (JSON, JSON-LD) Knowledge Graph platform that includes SPARQL, Geospatial, Temporal, Social Networking, Text Analytics, and Large Language Model (LLM) capabilities for building Neuro-Symbolic AI applications."
AllegroGraph,Большие данные AllegroGraph,https://www.youtube.com/user/AllegroGraph/videos,"Videos covering <strong>AllegroGraph</strong>, Knowledge Graphs, Neuro-Symbolic AI, and related technologies. The emerging paradigm of Neuro-Symbolic Artificial Intelligence (AI) stems from the recent efforts to enhance statistical AI (machine learning, LLMs) with the complementary capabilities of Symbolic ..."
AllegroGraph,Большие данные AllegroGraph,https://allegrograph.cloud/,"<strong>AllegroGraph</strong> Cloud is a platform that simplifies the process of setting up <strong>AllegroGraph</strong> servers, allowing you to do so with just a few clicks."
AllegroGraph,Большие данные AllegroGraph,https://cs.hse.ru/en/big-data/big_data,"We use cookies in order to improve the quality and usability of the HSE website. More information about the use of cookies is available here, and the regulations on processing personal data can be found here. By continuing to use the site, you hereby confirm that you have been informed of the ..."
AllegroGraph,Большие данные AllegroGraph,https://github.com/franzinc/agraph-examples,Examples and support files for using <strong>AllegroGraph</strong> in advanced scenarios - franzinc/agraph-examples
AllegroGraph,Большие данные AllegroGraph,https://litres.com/book/aleksey-blagirev/big-data-prostym-yazykom-40595098/read/,Read the book «Big data простым языком» by Алексей Благирев online in full on the website or through the Litres: Read and Listen app.
AllegroGraph,Большие данные AllegroGraph,https://habr.com/company/dca/blog/267361/,"Привет, Хабр! Этой статьёй я открываю цикл материалов, посвящённых работе с большими данными. Зачем? Хочется сохранить накопленный опыт, свой и команды, так скажем, ..."
AllegroGraph,Большие данные AllegroGraph,https://www.youtube.com/@AllegroGraph,"Enjoy the videos and music you love, upload original content, and share it all with friends, family, and the world on YouTube."
AllegroGraph,Большие данные AllegroGraph,https://www.youtube.com/user/AllegroGraph?ob=0,We cannot provide a description for this page right now
AllegroGraph,Большие данные AllegroGraph,https://lpgenerator.ru/blog/2015/11/17/chto-takoe-big-data-bolshie-dannye-v-marketinge-problemy-algoritmy-metody-analiza/,"Статья о том, что такое <strong>большие</strong> <strong>данные</strong> Big Data в маркетинге — как они применяются, их история, алгоритмы и методы анализа Big Data."
AllegroGraph,Большие данные AllegroGraph,https://cyberleninka.ru/article/n/bolshie-dannye-i-analitika-chto-vazhno-dlya-analitikov-i-uchenyh,Вы точно человек · Для продолжения работы вам необходимо ввести капчу · Пользовательское соглашение Политика конфиденциальности
AllegroGraph,Большие данные AllegroGraph,https://learn.arcgis.com/ru/arcgis-imagery-book/chapter8,We cannot provide <strong>a</strong> description for this page right now
AllegroGraph,Большие данные AllegroGraph,https://sanse.ru/index.php/sanse/article/view/155,"Дэви Силен, Арно Мейсман, Мохамед Али. Основы Data Science и Big Data. Python и наука о <strong>данных</strong>. — СПб.: Питер, 2017. Натан Марц и Джеймс Уоррен. <strong>Большие</strong> <strong>данные</strong>. Принципы и практика ..."
AllegroGraph,Большие данные AllegroGraph,https://xn--h1adlhdnlo2c.xn--p1ai/lessons/bolshie-dannye,"На «Уроке цифры» по теме «<strong>Большие</strong> <strong>данные</strong>» узнаем, что такое <strong>большие</strong> <strong>данные</strong> и откуда они появляются, как их анализируют и для чего используют, а также познакомимся ..."
AllegroGraph,Большие данные AllegroGraph,https://www.designspb.ru/news/articles/big_numbers/,Однако в этих условиях громадной неопределённости именно <strong>большие</strong> <strong>данные</strong> позволяют нивелировать разницу подходов и показать реальную картину.
AllegroGraph,"""Большие данные"" AllegroGraph",https://www.jour.fnisc.ru/index.php/hsr/article/view/8967,Целью исследования: характеристика экспертных оценок и аналитический обзор результатов использования <strong>больших</strong> <strong>данных</strong> (big data) как массивов социологической ...
AllegroGraph,"""Большие данные"" AllegroGraph",https://azure.microsoft.com/ru-ru/resources/cloud-computing-dictionary/what-is-big-data-analytics,"Это руководство дает представление об аналитике <strong>больших</strong> <strong>данных</strong> в облаке. Узнайте, как <strong>большие</strong> <strong>данные</strong> обеспечивают более комплексный и обоснованный подход к ..."
AllegroGraph,"""Большие данные"" AllegroGraph",https://dpo.bgsha.ru/programmy/bolshie-dannye-v-selskom-khozyaystve/,"Освоив программу &quot;<strong>Большие</strong> <strong>данные</strong> в сельском хозяйстве&quot;, вы получите дополнительную ИТ- квалификацию «Аналитик <strong>больших</strong> <strong>данных</strong>». Научитесь работать с <strong>большими</strong> ..."
AllegroGraph,"""Большие данные"" AllegroGraph",https://www.uplab.ru/blog/big-data-technologies/,"Методы обработки <strong>Больших</strong> <strong>данных</strong> (Big Data). Примеры использования <strong>больших</strong> <strong>данных</strong> в России, применение в интернете и маркетинге"
AllegroGraph,"""Большие данные"" AllegroGraph",https://cloud.vk.com/blog/analiz-bolshih-dannyh-v-oblake/,"По итогам отчета ... <strong>данных</strong> 2018 года», 73% компаний используют для обработки Big Data облачные сервисы. Для сравнения — в 2017 году их было 58%. <strong>Большие</strong> <strong>данные</strong> ..."
AllegroGraph,Big Data AllegroGraph,https://allegrograph.com/products/knowledgegraph/,"AllegroGraph is <strong>the first big temporal knowledge graph technology</strong> that encapsulates a novel entity-event model natively integrated with domain ontologies and metadata, and dynamic ways of setting the analytics lens on all entities in the system (patient, person, devices, transactions, events, ..."
AllegroGraph,Big Data AllegroGraph,https://allegrograph.com/category/big-data/,We cannot provide a description for this page right now
AllegroGraph,Big Data AllegroGraph,https://franz.com/about/press_room/dbta_9-13-17.lhtml,"Against the rapidly evolving big ... AllegroGraph is <strong>a database technology that enables businesses to extract sophisticated decision insights and predictive analytics from highly complex, distributed data that cannot be uncovered with conventional databases</strong>...."
AllegroGraph,Big Data AllegroGraph,https://crozdesk.com/software/allegrograph,"About the Technology The AllegroGraph database is <strong>a modern, high-performance, persistent, semantic graph and document database</strong>. AllegroGraph uses efficient memory management in combination with disk-based storage, enabling it to scale to billions ..."
AllegroGraph,Big Data AllegroGraph,https://allegrograph.com/wp-content/uploads/2020/05/Entity-Event-Knowledge-Graphs-v5112020.pdf,"and contextual integration of data suitable for large scale analytics, predictive modeling, and · artificial intelligence. Financial institutions, healthcare providers, contact centers, manufacturing firms, government · agencies and other large enterprises that use AllegroGraph · gain a holistic, future-proofed Knowledge Graph architecture · for big data predictive analytics and machine learning across ·"
AllegroGraph,Big Data AllegroGraph,https://allegrograph.com/articles/insidebigdata-article-making-big-data-more-meaningful-through-data-visualization/,"In this special guest feature, Jans Aasman Ph.D., psychologist and expert in cognitive science as well as CEO of Franz Inc., discusses the use of semantic visual discovery to make <strong>big</strong> <strong>data</strong> … Continue reading insideBIGDATA article – Making <strong>Big</strong> <strong>Data</strong> More Meaningful through <strong>Data</strong> Visualization →"
AllegroGraph,Big Data AllegroGraph,https://aws.amazon.com/marketplace/pp/prodview-pj32e53ojamak,"<strong>AllegroGraph</strong> is a horizontally distributed, multi-modal Graph (RDF), Vector, and Document (JSON, JSON-LD) Knowledge Graph platform that includes SPARQL, Geospatial, Temporal, Social Networking, Text Analytics, and Large Language Model (LLM) capabilities for building Neuro-Symbolic AI applications."
AllegroGraph,Big Data AllegroGraph,https://www.dbta.com/Editorial/Actions/Product-Spotlight-AllegroGraph-161707.aspx,"Industry analysts have recognized ... <strong>data</strong>. Large Language Models have the remarkable ability to generate human-like text and engage in natural language conversations. However, LLMs often fall short of delivering factual knowledge consistently, occasionally creating “hallucinations” by generating text that is untrue or misleading. This is where Knowledge Graphs, such as <strong>AllegroGraph</strong>, step in as ..."
AllegroGraph,Big Data AllegroGraph,https://franz.com/agraph/support/documentation/replication.html,<strong>AllegroGraph</strong> Replication is extremely reliable and best represents its capabilities in the most catastrophic situations. Current uses include keeping semantic <strong>data</strong> moving between North Sea Oil partners and managing the student success at the largest post-secondary educational institution in the US. Organizations face more challenging technology landscapes than they did in the past. With the need to add semantic stores in a <strong>Big</strong> ...
AllegroGraph,Big Data AllegroGraph,https://franz.com/agraph/support/documentation/agraph-introduction.html,"<strong>Data</strong> and metadata can be managed using Java, Python, Lisp and HTTP interfaces, and queried using SPARQL and Prolog. <strong>AllegroGraph</strong> comes with Social Network Analysis, geospatial, temporal and reasoning capabilities."
AllegroGraph,Big Data AllegroGraph,https://franz.com/,"With decades of expertise in symbolic reasoning, graph analytics, semantic <strong>data</strong> integration, and AI-driven knowledge management, Franz helps organizations transform complex enterprise <strong>data</strong> into trusted, explainable, and actionable intelligence. <strong>AllegroGraph</strong> is a horizontally scalable, ..."
AllegroGraph,Big Data AllegroGraph,https://dbdb.io/db/allegrograph,"<strong>AllegroGraph</strong> is a database and application framework for building Semantic Web applications. It can store <strong>data</strong> and meta-<strong>data</strong> as triples, query these triples through various query APIs like SPARQL and Prolog, and apply RDFS++ reasoning with its built-in reasoner."
AllegroGraph,Big Data AllegroGraph,https://db-engines.com/en/system/AllegroGraph,Detailed overview of the characteristics of <strong>AllegroGraph</strong>
AllegroGraph,Big Data AllegroGraph,https://franz.com/agraph/support/documentation/vector-dbs-and-rag.html,"These vector features augment <strong>AllegroGraph</strong>&#x27;s Graph, Document, and Symbolic AI solutions for building Neuro-symbolic AI systems. By leveraging vector storage, <strong>AllegroGraph</strong> enables efficient management, retrieval, and analysis of large-scale vector <strong>data</strong>, fostering more sophisticated and intelligent ..."
AllegroGraph,Big Data AllegroGraph,https://www.researchgate.net/figure/Test-case-for-AllegroGraph-web-data-base-Native-store_tbl1_358424764,"In this research paper we analyzed of two main <strong>big</strong> <strong>data</strong> ty... ... Context 1... uses some extra features that loads RDF <strong>data</strong> into repository and configure triples for that repository. You can see in Table 2. <strong>AllegroGraph</strong> that retrieves approximately 40,000 triples in just few seconds for disc ..."
AllegroGraph,Big Data AllegroGraph,https://sourceforge.net/software/product/AllegroGraph/,<strong>AllegroGraph</strong> is a breakthrough solution that allows infinite <strong>data</strong> integration through a patented approach unifying all <strong>data</strong> and siloed knowledge into an Entity-Event Knowledge Graph solution that can support massive <strong>big</strong> <strong>data</strong> analytics. <strong>AllegroGraph</strong> utilizes unique federated sharding capabilities ...
AllegroGraph,Big Data AllegroGraph,https://www.businesswire.com/news/home/20200526005103/en/AllegroGraph-v7-Powers-Distributed-Semantic-Knowledge-Graph,"OAKLAND, Calif.--(BUSINESS WIRE)--Franz ... <strong>AllegroGraph</strong> 7, a breakthrough solution that allows infinite <strong>data</strong> integration through a patented approach unifying all <strong>data</strong> and siloed knowledge into an Entity-Event Knowledge Graph solution that can support massive <strong>big</strong> <strong>data</strong> ..."
AllegroGraph,Big Data AllegroGraph,https://allegrograph.com/articles/database-trends-and-apps-report-building-a-data-lake-for-the-enterprise/,"<strong>Data</strong> lakes are forming as a response to today’s <strong>big</strong> <strong>data</strong> challenges, offering a cost-effective way to maintain and manage immense <strong>data</strong> resources that hold both current and future potential … Continue reading Database Trends and Apps Report – Building a <strong>Data</strong> Lake for the Enterprise →"
AllegroGraph,Big Data AllegroGraph,https://azuremarketplace.microsoft.com/en/marketplace/apps/franzinc1593030725310.allegrograph-8_0_1-vm?tab=Overview,"<strong>AllegroGraph</strong> provides the foundational structure for scalable Enterprise Knowledge Graphs for building Neuro-Symbolic AI applications. <strong>AllegroGraph</strong> is a multi-modal Graph, Vector, and Document database that is fully ACID compliant."
AllegroGraph,Big Data AllegroGraph,https://dl.acm.org/doi/10.5220/0006910203730380,"With <strong>data</strong> multiplication and <strong>data</strong> ... is a problem that relational databases cannot handle. In this paper, we analyse the most popular graph databases: <strong>AllegroGraph</strong>, ArangoDB, InfiniteGraph, Neo4J and OrientDB...."
AllegroGraph,Big Data AllegroGraph,https://www.softwaresuggest.com/allegrograph,"Learn more about <strong>AllegroGraph</strong>. Explore <strong>AllegroGraph</strong> Pricing, features, integrations, popular comparisons, and more. Get a free demo."
AllegroGraph,"""Big Data"" AllegroGraph",https://aithority.com/technology/analytics/franz-allegrograph-7-powers-first-distributed-semantic-kgs-with-federated-sharding/,"Franz Inc., an early innovator in Artificial Intelligence (AI) and leading supplier of Semantic Graph Database technology for Knowledge Graph Solutions, announced AllegroGraph 7, a breakthrough solution that allows infinite data integration through a patented approach unifying all data and siloed knowledge into an Entity-Event Knowledge Graph solution that can support massive big data analytics."
AllegroGraph,"""Big Data"" AllegroGraph",https://www.businesswire.com/news/home/20200526005103/en/AllegroGraph-v7-Powers-First-Distributed-Semantic-Knowledge-Graph-Solution-with-Federated-Sharding,"OAKLAND, Calif.--(BUSINESS WIRE)--Franz Inc., an early innovator in Artificial Intelligence (AI) and leading supplier of Semantic Graph Database technology for Knowledge Graph Solutions, today announced <strong>AllegroGraph 7,</strong> a breakthrough solution ..."
AllegroGraph,"""Big Data"" AllegroGraph",https://blog.allegro.tech/2020/12/bigdata-marketing.html,"Marketing is a very important department in every company. In case of Allegro, marketing is especially difficult because you have so many products to promote. In this post we will tell the story of a platform we built for marketing purposes."
AllegroGraph,"""Big Data"" AllegroGraph",https://blog.allegro.tech/tag/bigdata,Welcome to our technology blog. We use Open Source solutions on a daily basis here at Allegro. Why not work on our karma and give something in return?
AllegroGraph,"""Big Data"" AllegroGraph",https://allegrograph.com/articles/improving-data-processes-with-knowledge-graphs/,"<strong>AllegroGraph</strong> Thought Leadership Article from <strong>Big</strong> <strong>Data</strong> Quarterly Knowledge graphs link together <strong>data</strong> of any variety, structure, or format in business terms via uniform <strong>data</strong> models. Organizations can then join … Continue reading Improving <strong>Data</strong> Processes with Knowledge Graphs →"
AllegroGraph,"""Big Data"" AllegroGraph",https://allegrograph.com/articles/big-data-industry-predictions-for-2023/,InsideBIGDATA’s annual technology predictions round-up! The <strong>big</strong> <strong>data</strong> industry has significant inertia moving into 2023. In order to give our valued readers a pulse on important new trends leading into … Continue reading <strong>Big</strong> <strong>Data</strong> Industry Predictions for 2023 →
AllegroGraph,"""Big Data"" AllegroGraph",https://allegrograph.com/change-data-capture-in-allegrograph/,"The goal of Change <strong>Data</strong> Capture “CDC” is to manage incremental changes made in a source system, such as a relational database, and to update the integrated semantic master knowledge … Continue reading Change <strong>Data</strong> Capture in <strong>AllegroGraph</strong> →"
AllegroGraph,"""Big Data"" AllegroGraph",https://allegrograph.com/articles/dataversity-article-data-lakes-get-smart-with-semantic-graph-models/,"by Jennifer Zaino Been swimming in a <strong>data</strong> lake recently? Perhaps not, as many companies still are just dipping their toes into these waters, as they become more familiar with the … Continue reading Dataversity article – <strong>Data</strong> Lakes Get Smart with Semantic Graph Models →"
AllegroGraph,"""Big Data"" AllegroGraph",https://allegrograph.com/new-allegrograph-v8-neuro-symbolic-ai-platform/,"Today we announced <strong>AllegroGraph</strong> 8.0, a groundbreaking Neuro-Symbolic AI Platform that incorporates Large Language Model (LLM) components directly into SPARQL along with vector generation and vector storage for a comprehensive … Continue reading New – <strong>AllegroGraph</strong> v8 – Neuro-Symbolic AI ..."
AllegroGraph,"""Big Data"" AllegroGraph",https://allegrograph.com/allegrograph-shines-in-ai-innovation-a-finalist-for-dbtas-graph-database-award-thanks-to-its-neuro-symbolic-power/,"In the 2025 edition of the DBTA Readers’ Choice Awards, <strong>AllegroGraph</strong> earned a spot as a finalist in the Graph Database category, spotlighting its growing prominence among enterprise knowledge solutions … Continue reading <strong>AllegroGraph</strong> Shines in AI Innovation: A Finalist for DBTA’s Graph ..."
AllegroGraph,"""Big Data"" AllegroGraph",https://allegrograph.com/the-foundation-of-data-fabrics-and-ai-semantic-knowledge-graphs/,"<strong>Data</strong> management agility has become of key importance to organizations as the amount and complexity of <strong>data</strong> continues to increase, along with the desire to avoid creating new <strong>data</strong> silos. … Continue reading The Foundation of <strong>Data</strong> Fabrics and AI: Semantic Knowledge Graphs →"
AllegroGraph,"""Big Data"" AllegroGraph",https://allegrograph.com/allegrograph-named-2025-best-knowledge-graph-by-kmworld-readers-choice/,We are thrilled to share that <strong>AllegroGraph</strong> has been selected by KMWorld’s annual Readers’ Choice Awards as the Best Knowledge Graph solution for 2025. What sets <strong>AllegroGraph</strong> apart: <strong>AllegroGraph</strong> is … Continue reading <strong>AllegroGraph</strong> Named “2025 Best Knowledge Graph” by KMWorld Readers’ ...
AllegroGraph,"""Big Data"" AllegroGraph",https://allegrograph.com/enterprise-ai-world-using-knowledge-graphs-data-fabric-as-a-pillar-for-ai/,"Hype or no hype, organizations have seen a significant spike in capabilities around advanced knowledge engineering and AI abilities thanks to advancements in higher computing and abundance of open source … Continue reading Enterprise AI World – Using Knowledge Graphs &amp; <strong>Data</strong> Fabric as a ..."
AllegroGraph,"""Big Data"" AllegroGraph",https://allegrograph.com/graphtalker-in-allegrograph-v9-the-ai-agent-for-enterprise-knowledge-graphs/,"Enterprise AI is moving beyond simple chatbots and document retrieval. As organizations adopt AI agents, they need systems that understand enterprise <strong>data</strong>, follow relationships, respect governance, and explain how answers … Continue reading GraphTalker: The AI Agent for Enterprise Knowledge ..."
AllegroGraph,"""Big Data"" AllegroGraph",https://allegrograph.com/blog/,"Continue reading <strong>Data</strong> in 2026: Interchangeable Models, Clouds, and Specialization → Read More · By Franz Inc. ... We are thrilled to share that <strong>AllegroGraph</strong> has been selected by KMWorld’s annual Readers’ Choice Awards as the Best Knowledge Graph solution for 2025."
AllegroGraph,"""Big Data"" AllegroGraph",https://allegrograph.com/allegrograph-trend-setting-product-for-2024/,"Franz Inc., is proud to announce it has been named a 2024 Trend Setting Product by Database Trends and Applications. According to Database Trends and Applications, <strong>Data</strong> continues to grow … Continue reading <strong>AllegroGraph</strong> – Trend-Setting Product for 2024 →"
AllegroGraph,"""Big Data"" AllegroGraph",https://allegrograph.com/allegrograph-named-2024-best-knowledge-graph-by-kmworld-readers-choice/,<strong>AllegroGraph</strong> named the 2024 Best Knowledge Graph by KMWorld Reader&#x27;s Choice voting.
AllegroGraph,"""Big Data"" AllegroGraph",https://allegrograph.com/allegrograph-9-0-launches-with-graphtalker-the-ai-agent-for-enterprise-knowledge-graphs/,"GraphTalker enables business and technical users to ask natural-language questions of their Knowledge Graphs and receive verified answers, <strong>data</strong> analysis, and reusable query workflows. Unlike traditional natural-language-to-query systems that attempt … Continue reading <strong>AllegroGraph</strong> 9.0 Launches ..."
AllegroGraph,"""Big Data"" AllegroGraph",https://allegrograph.com/allegrograph-semantic-layer-for-databricks-delta-lake/,"This <strong>AllegroGraph</strong> tutorial is available on our Github Examples page. Databricks is a popular choice for hosting lakehouses – a new architecture that unifies <strong>data</strong> storage, analytics, and AI on one platform. On … Continue reading <strong>AllegroGraph</strong> Semantic Layer for Databricks (Delta Lake) →"
AllegroGraph,"""Big Data"" AllegroGraph",https://www.datamanagementblog.com/simplifying-big-data-integration-data-virtualization/,"NoSQL products, such as Apache HBase, CouchDB, MongoDB, and Riak, are ideal for developing transactional <strong>big</strong> <strong>data</strong> systems, whereas NoSQL graph servers, such as <strong>AllegroGraph</strong>, Neo4j, and VertexDB, are designed specifically for doing graph analytics on large and complex graph structures."
AllegroGraph,"""Big Data"" AllegroGraph",https://www.g2.com/products/allegrograph/competitors/alternatives,"The best overall <strong>AllegroGraph</strong> alternative is GraphDB. Other similar apps like <strong>AllegroGraph</strong> are Neo4j Graph Database, Blazegraph, ArangoDB, and Progress MarkLogic. <strong>AllegroGraph</strong> alternatives can be found in RDF Databases but may also be in Graph Databases or <strong>Big</strong> <strong>Data</strong> Integration Platforms."
Blazegraph,Большие данные Blazegraph,https://github.com/blazegraph/database,"Blazegraph™ DB is <strong>a ultra high-performance graph database supporting Blueprints and RDF/SPARQL APIs</strong>. It supports up to 50 Billion edges on a single machine. It is in production use for Fortune 500 customers such as EMC, Autodesk, and many others."
Blazegraph,Большие данные Blazegraph,https://blazegraph.com/,"Blazegraph™ DB is <strong>a ultra high-performance graph database supporting Blueprints and RDF/SPARQL APIs</strong>. It supports up to 50 Billion edges on a single machine. It is in production use for Fortune 500 customers such as EMC, Autodesk, and many others. It is supporting key Precision Medicine ..."
Blazegraph,Большие данные Blazegraph,https://github.com/blazegraph/database/releases,Blazegraph™ Database is an ultra high-performance graph database supporting Blueprints and RDF/SPARQL APIs. It supports up to 50 Billion edges on a single machine.
Blazegraph,Большие данные Blazegraph,https://en.wikipedia.org/wiki/Blazegraph,"The system was first known as Bigdata. Since release of version 1.5 (12 February 2015), it is named Blazegraph."
Blazegraph,Большие данные Blazegraph,https://sourceforge.net/projects/bigdata/,"Download Blazegraph (powered by bigdata) for free. Fast, scalable, robust graph database platform. Blazegraph has moved to Github. Please see https://github.com/blazegraph/database/."
Blazegraph,Большие данные Blazegraph,https://www.onworks.net/software/app-blazegraph-powered-by-bigdata,Download and run online this app named Blazegraph (powered by bigdata) with OnWorks for free.
Blazegraph,Большие данные Blazegraph,https://jobcannon.io/skills/blazegraph-graph-database,"Blazegraph is a high-performance graph database implementing the RDF (Resource Description Framework) and SPARQL query standards. It stores data as triples (subject-predicate-object) and supports semantic web standards, ontology reasoning, and linked data. Blazegraph scales to billions of triples and includes full-text search, geospatial queries, and REST APIs for integration."
Blazegraph,Большие данные Blazegraph,https://maginfo.com/ru/case-studies/blazegraph,"С 2006 Blazegraph является лидером рынка по предоставлению высокопроизводительных, широкомасштабируемых решений для поиска по графовым базам данных."
Blazegraph,Большие данные Blazegraph,https://blazegraph.com/database/apidocs/com/bigdata/package-summary.html,bigdata® is <strong>a scale-out data and computing fabric designed for commodity hardware</strong>. Scale-out is achieved using key-range partitioned B+Trees and distributed computing. The architecture supports both embedded and scale-out database applications. Unisolated transactions are supported and provide ...
Blazegraph,Большие данные Blazegraph,https://www.numberanalytics.com/blog/ultimate-guide-blazegraph-knowledge-representation,Blazegraph is <strong>a high-performance graph database that supports knowledge representation and semantic data modeling</strong>. It is designed to handle large-scale data and provide a robust foundation for applications that require complex querying and reasoning capabilities.
Blazegraph,Большие данные Blazegraph,https://github.com/blazegraph/blazegraph-samples,#Welcome to the Blazegraph Samples Project# The Blazegraph™ Database is our ultra high-performance graph database supporting Blueprints and RDF/SPARQL APIs. It supports up to 50 Billion edges on a single machine and has available enterprise features such as High Availability and Scale-out.
Blazegraph,Большие данные Blazegraph,https://decidesoftware.com/blazegraph/,Blazegraph is <strong>a powerful graph database that offers flexibility in all linked data</strong>. Its scalable and high performance database supports the Blueprints and RDF/SPARQL APIs. Blazegraph can work on billions of edges on single machine and has high ...
Blazegraph,Большие данные Blazegraph,https://blazegraph.io/,"import blazegraphio as bg # Local - free, no limits graph: BlazeGraph = bg.parse_pdf(&quot;paper.pdf&quot;) # Cloud - same API, infinite scale bg.configure(api_key=&quot;blaze_prod_...&quot;) graph: BlazeGraph = bg.parse_pdf(&quot;paper.pdf&quot;)"
Blazegraph,Большие данные Blazegraph,https://www.youtube.com/watch?v=qFNgEorazss,"Discover how to query, visualize, and explore your Blazegraph data interactively using the gdotv graph database client, IDE, and graph data visualization too..."
Blazegraph,Большие данные Blazegraph,https://github.com/syapse/blazegraph,"Blazegraph™ DB is <strong>a ultra high-performance graph database supporting Blueprints and RDF/SPARQL APIs</strong>. It supports up to 50 Billion edges on a single machine and has a enterprise features for High Availability, Scale-out architecture, and GPU ..."
Blazegraph,Большие данные Blazegraph,https://github.com/blazegraph/database/wiki/GettingStarted,Blazegraph High Performance Graph Database. Contribute to blazegraph/database development by creating an account on GitHub.
Blazegraph,Большие данные Blazegraph,https://stackoverflow.com/questions/76515595/blazegraph-import-large-files,What you explained there makes sense to me and I followed your suggestions. I created even a new container to make sure everything is correct trying 2 different directories. docker run --name newBlaze -d -v /home/erwarth:/data -p 9999:9999 nawer/blazegraph and then putting /data/Thesaurus.owl as the new path.
Blazegraph,Большие данные Blazegraph,https://github.com/blazegraph/database/wiki/Configuring_Blazegraph,Blazegraph High Performance Graph Database. Contribute to blazegraph/database development by creating an account on GitHub.
Blazegraph,Большие данные Blazegraph,https://www.wikidata.org/wiki/Q20127748,Blazegraph High Performance Graph Database
Blazegraph,Большие данные Blazegraph,https://gdotv.com/blazegraph-ide-graph-visualization-tool/,"Discover how to query, visualize, and explore your Blazegraph data interactively using the gdotv graph database client, IDE, and graph data visualization tool."
Blazegraph,Большие данные Blazegraph,https://www.nobleprog-kz.com/kursy-blazegraph,"Местные учебные курсы <strong>Blazegraph</strong>, организованные на курсах, демонстрируют интерактивную практическую практику использования <strong>Blazegraph</strong> для сбора сложных <strong>данных</strong> в формате ..."
Blazegraph,Большие данные Blazegraph,https://blazegraph.com/BlazegraphBasedTPFServer/apidocs/org/linkeddatafragments/datasource/blazegraph/package-tree.html,"Copyright © 2016 SYSTAP, LLC DBA <strong>Blazegraph</strong>. All rights reserved"
Blazegraph,Большие данные Blazegraph,https://blazegraph.com/BlazegraphBasedTPFServer/apidocs/org/linkeddatafragments/datasource/blazegraph/BlazegraphBasedTPF.html,"Copyright © 2016 SYSTAP, LLC DBA <strong>Blazegraph</strong>. All rights reserved"
Blazegraph,Большие данные Blazegraph,https://github.com/blazegraph/database/wiki/About_Blazegraph,<strong>Blazegraph</strong> High Performance Graph Database. Contribute to <strong>blazegraph</strong>/database development by creating an account on GitHub.
Blazegraph,Большие данные Blazegraph,https://github.com/blazegraph/blazegraph-python,Python client library for <strong>Blazegraph</strong>. Contribute to <strong>blazegraph</strong>/<strong>blazegraph</strong>-python development by creating an account on GitHub.
Blazegraph,Большие данные Blazegraph,https://stackoverflow.com/questions/77164677/how-to-handle-multiple-graphs-in-blazegraph,"I&#x27;m using a public graph that I download and load on <strong>Blazegraph</strong>. <strong>I</strong>&#x27;m now familiar with SELECT and CONSTRUCT requests on this graph. I don&#x27;t know if that matters, but the graph includes multiple pre..."
Blazegraph,Большие данные Blazegraph,https://db-engines.com/en/system/Blazegraph,Detailed overview of the characteristics of <strong>Blazegraph</strong>
Blazegraph,Большие данные Blazegraph,https://blazegraph.io/about/,<strong>Blazegraph</strong>.io is built by Amplify Technology. Learn about our mission to make document understanding accessible.
Blazegraph,Большие данные Blazegraph,https://www.linux.org.ru/forum/development/13678510,"Начитался статей про сабж, глаза загорелись, нашел вот https://github.com/cayleygraph/cayley от гугла. Смотрю пример и не понимаю почему на хабре пишут что графовые бд это сереб..."
Blazegraph,Большие данные Blazegraph,https://github.com/blazegraph/database/wiki/REST_API,<strong>Blazegraph</strong> High Performance Graph Database. Contribute to <strong>blazegraph</strong>/database development by creating an account on GitHub.
Blazegraph,Большие данные Blazegraph,https://docs.blazegraph.io/,"Parse PDFs into semantic document graphs. Open source core, hosted API."
Blazegraph,Большие данные Blazegraph,https://ad-wiki.informatik.uni-freiburg.de/research/Projects/Blazegraph,AD Research Wiki: Projects/<strong>Blazegraph</strong> (last edited 2020-05-05 08:25:51 by Hannah Bast)
Blazegraph,Большие данные Blazegraph,https://github.com/AmplifyTechnology/blazegraph-io,Contribute to amplifytechnology/<strong>blazegraph</strong>-io development by creating an account on GitHub.
Blazegraph,Большие данные Blazegraph,https://wiki.cologne/wikipedia/Blazegraph,"приобретение Amazon доменного имени <strong>blazegraph</strong>.com;[12] переход в Amazon, по <strong>данным</strong> LinkedIn, <strong>большого</strong> числа сотрудников <strong>Blazegraph</strong> (в частности, CEO).[13]"
Blazegraph,Большие данные Blazegraph,https://www.nobleprog-kz.com/cc/blazegraph,<strong>Blazegraph</strong>: Creating <strong>a</strong> Graph Database Application <strong>Blazegraph</strong> - это открытая база <strong>данных</strong> Javabased RDF для хранения и представления <strong>данных</strong> со сложными отношениями Он поддерживает Blueprints и RDF / SPARQL 11 В...
Blazegraph,Большие данные Blazegraph,https://blazegraph.com/database/apidocs/com/bigdata/stream/Stream.html,Note: A checkpoint by itself is NOT an atomic commit. The commit protocol is at the store level and uses Checkpoints to ensure that the state of the persistence capable data structure is current on the backing store
Blazegraph,Большие данные Blazegraph,https://github.com/blazegraph/database/wiki/Concepts,<strong>Blazegraph</strong> High Performance Graph Database. Contribute to <strong>blazegraph</strong>/database development by creating an account on GitHub.
Blazegraph,Большие данные Blazegraph,https://www.softwaresuggest.com/blazegraph,"Get <strong>Blazegraph</strong> details, including pricing, features, and integrations. Request a free demo and see how it fits your business."
Blazegraph,Большие данные Blazegraph,https://stackoverflow.com/tags/blazegraph/info,Stack Overflow | The World’s Largest Online Community for Developers
Blazegraph,Большие данные Blazegraph,https://github.com/blazegraph/database/wiki/BSBM,<strong>Blazegraph</strong> High Performance Graph Database. Contribute to <strong>blazegraph</strong>/database development by creating an account on GitHub.
Blazegraph,Большие данные Blazegraph,https://github.com/blazegraph/database/wiki/ClusterGuide,<strong>Blazegraph</strong> High Performance Graph Database. Contribute to <strong>blazegraph</strong>/database development by creating an account on GitHub.
Blazegraph,Большие данные Blazegraph,https://capmonster.cloud/ru/blog/top-10-big-data-analytics-tools,"Познакомьтесь с лучшими инструментами для аналитики больших данных в 2025 году. Мы собрали топ-10 решений с описанием их возможностей, преимуществ и актуальных ..."
Blazegraph,Большие данные Blazegraph,https://x.com/BlazeGraph,<strong>Blazegraph</strong> is an ultra-high performance database for big graphs offering both Semantic Web (RDF/SPARQL) and Graph Database (Tinkerpop) APIs.
Blazegraph,Большие данные Blazegraph,https://blazegraph.com/database/apidocs/com/bigdata/journal/Journal.html,"Note: This implementation does NOT not support partitioned indices. Because all data must reside on a single journal resource there is no point to a view. Views are designed to have data on a mixture of the live journal, one or more historical journals, and one or more IndexSegments · Overridden ..."
Blazegraph,Большие данные Blazegraph,https://www.hpcwire.com/bigdatawire/vendor/blazegraph/,AI infrastructure and software company Scale AI has <strong>signed</strong> an MOU with the Department of Energy to support the Genesis Mission – the collaborative AI for science initiative bringing together… · The rise of enterprise AI has exposed a glaring weakness in traditional data governance strategies: ...
Blazegraph,Большие данные Blazegraph,https://tracxn.com/d/companies/blazegraph/__aIxuAQtYIgTtZ8PkjCC5f3VTbRfXPJDVm85q2I4rXfA,<strong>Blazegraph</strong> - Ultra high-performance graph database supporting Blueprints and RDF/SPARQL APIs.
Blazegraph,Большие данные Blazegraph,https://blazegraph.com/database/apidocs/com/bigdata/rdf/rules/package-summary.html,"Copyright © 2006–2019 SYSTAP, LLC DBA <strong>Blazegraph</strong>. All rights reserved"
Blazegraph,Большие данные Blazegraph,https://github.com/blazegraph/database/wiki/Installation_guide,<strong>Blazegraph</strong> High Performance Graph Database. Contribute to <strong>blazegraph</strong>/database development by creating an account on GitHub.
Blazegraph,Большие данные Blazegraph,https://github.com/blazegraph/database/wiki/HAJournalServer,<strong>Blazegraph</strong> High Performance Graph Database. Contribute to <strong>blazegraph</strong>/database development by creating an account on GitHub.
Blazegraph,Большие данные Blazegraph,https://stackoverflow.com/questions/61733125/blazegraph-data-loader,"I try to import some triple into the <strong>Blazegraph</strong> data base, whereas all triple w/<strong>o</strong> data type get loaded. But triples having e.g. ^^xsd:date format get not loaded?! Does anyone know how to deal wit..."
Blazegraph,Большие данные Blazegraph,https://github.com/amplifytechnology/blazegraph-io,Contribute to amplifytechnology/<strong>blazegraph</strong>-io development by creating an account on GitHub.
Blazegraph,Большие данные Blazegraph,https://stackoverflow.com/questions/tagged/blazegraph?tab=Newest,Stack Overflow | The World’s Largest Online Community for Developers
Blazegraph,Большие данные Blazegraph,https://aws.amazon.com/ru/nosql/graph/,Learn what a graph database is and how it can be advantageous to your use cases.
Blazegraph,"""Большие данные"" Blazegraph",https://cloud.vk.com/blog/big-data-vse-govoryat-no-malo-kto-shchupal/,"Если обобщить, то биг дата — это <strong>большой объем информации, который компания собирает и хранит для последующего использования</strong>."
Blazegraph,"""Большие данные"" Blazegraph",https://habr.com/ru/articles/922388/,"Возникла необходимость зафиксировать опыт с последнего проекта по прокачке производительности картографического сервиса. Так сказать, чтобы 2 раза не вставать ..."
Blazegraph,Big Data Blazegraph,https://sourceforge.net/projects/bigdata/files/bigdata/,"Blazegraph (powered by bigdata) /bigdata files. Browse /bigdata files for Blazegraph (powered by bigdata), <strong>Fast, scalable, robust graph database platform</strong>"
Blazegraph,Big Data Blazegraph,https://dbdb.io/db/blazegraph,Blazegraph is still supported as of December 2018. Blazegraph was <strong>developed to work with web-scale semantic graphs</strong>. Blazegraph&#x27;s key-range partitioned B+ tree indexing was influenced by the architecture of Google&#x27;s BigTable system.
Blazegraph,Big Data Blazegraph,https://blazegraph.com/docs/bigdata_architecture_whitepaper.pdf,"Description. Bigdata supports novel extensions for durable named solution sets, efficient · storage and querying of reified statement models, and scalable graph analytics. The database"
Blazegraph,Big Data Blazegraph,https://sourceforge.net/p/bigdata/news/,"&quot;Hello BlazeGraph™ for big graphs.&quot; was the first tweet from @blazegraph as SYSTAP announced the release of it’s Blazegraph™ platform. SYSTAP was started with a very clear vision -- to build high quality, highly scalable, open-source software solutions for big graphs. Since 2006, SYSTAP’s graph database platform has been Bigdata® at systap.com."
Blazegraph,Big Data Blazegraph,https://blog.blazegraph.com/?p=711,"The landscape for graph databases was quite different back then, and within the semantic web community the real focus was semantics, not scale. Using the principles Google outlined for BigTable, we designed Bigdata from the ground up to be a massively scalable distributed database specifically for graphs."
Blazegraph,Big Data Blazegraph,https://www.w3.org/2001/sw/wiki/Bigdata,"The standalone configuration of the database scales up to 50 billion (5x10^10) triples or quads on a single commodity server with a sustained bulk insert rate of 50k-80k statements per second. Blazegraph 1.3.0 introduces support for highly available replication clusters with low-level write replication, linear scaling in query, automatic failover, self-healing, online backups, and more. The bigdata open source platform has been under continuous development since 2006."
Blazegraph,Big Data Blazegraph,https://sourceforge.net/projects/bigdata/files/bigdata/2.0.0/,Summary · Files · Reviews · ... blazegraph.jar (56.7 MB) Home / bigdata / 2.0.0 · Blazegraph™ Database is <strong>an ultra high-performance graph database supporting Blueprints and RDF/SPARQL APIs</strong>....
Blazegraph,Big Data Blazegraph,https://sourceforge.net/projects/bigdata/files/bigdata/2.1.5/,"Blazegraph™ Database is <strong>an ultra high-performance graph database supporting Blueprints and RDF/SPARQL APIs</strong>. It supports up to 50 Billion edges on a single machine. It is in production use for Fortune 500 customers such as EMC, Autodesk, and many others."
Blazegraph,Big Data Blazegraph,https://sourceforge.net/projects/bigdata/files/bigdata/2.1.0/,"Blazegraph™ Database is <strong>an ultra high-performance graph database supporting Blueprints and RDF/SPARQL APIs</strong>. It supports up to 50 Billion edges on a single machine and has a High Availability and Scale-out architecture. It is in production use for Fortune 500 customers such as EMC, Autodesk, ..."
Blazegraph,Big Data Blazegraph,https://lingualibre.org/bigdata/,"Graphs in a Blazegraph instance are segregated by namespace. To get started, navigate to the &quot;Namespaces&quot; tab to create a new namespace [click here]. ... Load data or issue SPARQL Updates through the &quot;Update&quot; tab."
Blazegraph,Big Data Blazegraph,https://blazegraph.com/database/apidocs/com/bigdata/blueprints/BigdataGraph.html,A base class for a Blueprints wrapper around a bigdata back-end. ... Maximum number of chars to print through the SparqlLogger. ... Max Query Time used to globally set the query timeout. Default is 0 (unlimited) ... URI used for typing elements. ... URI used to represent a Vertex. ... URI used to represent a Edge. ... URI used for labeling edges. ... Factory for round-tripping between Blueprints data and RDF data.
Blazegraph,Big Data Blazegraph,https://wiki.blazegraph.com/wiki/index.php/Bulk_Data_Load,"java -cp bigdata-bundled.jar com.bigdata.rdf.store.DataLoader [-quiet][-closure][-verbose][-format][-baseURI][-defaultGraph][-durableQueues][-namespace namespace] propertyFile (fileOrDir)* As of version 2.0.0, the DataLoader is also available via the REST API. This also bulk load into a running Blazegraph Nano Sparql Server (NSS)."
Blazegraph,Big Data Blazegraph,https://blazegraph.com/database/apidocs/com/bigdata/rdf/graph/analytics/package-summary.html,"This package provides implementations of various graph analytics using the GAS API · Copyright © 2006–2019 SYSTAP, LLC DBA Blazegraph. All rights reserved"
Blazegraph,Big Data Blazegraph,https://github.com/neueda/blazegraph,"Blazegraph™ DB is <strong>a ultra high-performance graph database supporting Blueprints and RDF/SPARQL APIs</strong>. It supports up to 50 Billion edges on a single machine and has a enterprise features for High Availability, Scale-out architecture, and GPU ..."
Blazegraph,Big Data Blazegraph,https://blazegraph.com/database/apidocs/com/bigdata/blueprints/BigdataGraphClient.html,This is a functional implementation suitable for writing POCs - it is not a high performance implementation by any means (currently does not support caching or batched update). Does have a single &quot;bulk upload&quot; operation that wraps a method on RemoteRepository that will POST a graphml file to the blueprints layer of the bigdata server.
Blazegraph,Big Data Blazegraph,https://wiki.blazegraph.com/wiki/index.php/GettingStarted,"This page will help you get started with bigdata and is focused on its use as an embedded RDF/graph database. ... 7 Ok, I’ve picked the <strong>Blazegraph</strong> configuration setting I want to work with and I want to use Sesame."
Blazegraph,Big Data Blazegraph,http://sandbox.i2s.uib.no/bigdata/,"Graphs in a <strong>Blazegraph</strong> instance are segregated by namespace. To get started, navigate to the &quot;Namespaces&quot; tab to create a new namespace [click here]. ... Load <strong>data</strong> or issue SPARQL Updates through the &quot;Update&quot; tab."
Blazegraph,Big Data Blazegraph,https://github.com/blazegraph/database/tree/master/bigdata-core/bigdata-rdf,<strong>Blazegraph</strong> High Performance Graph Database. Contribute to <strong>blazegraph</strong>/database development by creating an account on GitHub.
Blazegraph,Big Data Blazegraph,https://www.semantic-mediawiki.org/wiki/Help:SPARQLStore/RepositoryConnector/Blazegraph,It uses the generic database connector where the endpoint is redirect to a specific repository. $smwgDefaultStore = &#x27;SMWSparqlStore&#x27;; $smwgSparqlRepositoryConnector = &#x27;<strong>blazegraph</strong>&#x27;; $smwgSparqlEndpoint[&quot;query&quot;] = &#x27;http://localhost:9999/bigdata/namespace/kb/sparql&#x27;; $smwgSparqlEndpoint[&quot;update&quot;] ...
Blazegraph,Big Data Blazegraph,https://github.com/blazegraph/database/wiki/GeoSpatial,"While <strong>Blazegraph</strong> comes with predefined internal datatype URIs for representing geospatial literals, it is also possible to design and query arbitrary multi-dimensional datatypes (even multi dimensional datatypes without geospatial coordinates). The two predefined literals included in the default configuration are: http://www.bigdata..."
Blazegraph,Big Data Blazegraph,https://wiki.blazegraph.com/wiki/index.php/REST_API,<strong>Blazegraph</strong> extension operations which report a truth value use an XML document having the general structure: ... Where result is either &quot;true&quot; or &quot;false&quot;. Where milliseconds is the elapsed time for the operation. Queries use snapshot isolation. Mutation operations are ACID against a standalone database and shard-wise ACID against a bigdata ...
Blazegraph,Big Data Blazegraph,https://github.com/blazegraph/database/wiki/LinkedData,<strong>Blazegraph</strong> High Performance Graph Database. Contribute to <strong>blazegraph</strong>/database development by creating an account on GitHub.
Blazegraph,Big Data Blazegraph,https://blazegraph.com/database/apidocs/com/bigdata/blueprints/BigdataGraphConfiguration.Options.html,"Port for a remote bigdata instance. ... Copyright © 2006–2019 SYSTAP, LLC DBA <strong>Blazegraph</strong>."
Blazegraph,Big Data Blazegraph,https://medevel.com/blazegraph/,"<strong>Blazegraph</strong>™ DB is an incredibly high-performance graph database that provides support for Blueprints and RDF/SPARQL APIs. With the ability to handle up to 50 Billion edges on a single machine, it offers unparalleled scalability. This powerful database is trusted by Fortune 500 companies such ..."
Blazegraph,Big Data Blazegraph,https://sourceforge.net/p/bigdata/mailman/bigdata-commit/,"<strong>Blazegraph</strong> Blog · Discussion · Menu ▾ ▴ · bigdata-commit · bigdata-developers · This list is closed, nobody may subscribe to it. Flat | Threaded · 1 2 3 .. 220 &gt; &gt;&gt; (Page 1 of 220) 4 messages has been excluded from this view by a project administrator."
Blazegraph,Big Data Blazegraph,https://blazegraph.com/blog/,"If you’re interested in applying <strong>Blazegraph</strong> to this <strong>data</strong> or have any questions, we’d love hear from you. ... Check out our new features for GeoSpatial searching. The full details are on the Wiki. As a quick start, you can configure your namespace to enable geo-spatial: com.bigdata.rdf.st..."
Blazegraph,Big Data Blazegraph,https://github.com/blazegraph/database/tree/master/bigdata-core,We cannot provide a description for this page right now
Blazegraph,Big Data Blazegraph,https://www.bloorresearch.com/companies/blazegraph/,"<strong>Blazegraph</strong> is a privately owned company, which was previously known as SYSTAP, LLC. It is based in Washington, DC and first started developing its graph database – now known as <strong>Blazegraph</strong> Database – in 2006, which was inspired by Google’s <strong>Big</strong> Table architecture."
Blazegraph,Big Data Blazegraph,https://blazegraph.com/database/apidocs/com/bigdata/rdf/store/package-summary.html,"This package provides several realizations of an RDF database using the bigdata architecture, including one suitable for temporary <strong>data</strong>, one suitable for local processing (single host), and one designed for scale-out on commodity hardware. ... Copyright © 2006–2019 SYSTAP, LLC DBA <strong>Blazegraph</strong>."
Blazegraph,Big Data Blazegraph,https://www.hpcwire.com/bigdatawire/this-just-in/blazegraph-2-1-0-unveiled/,"Also included in this release is ... using <strong>Blazegraph</strong> Database as the backend. Developed in partnership with Olaf Dartig, Ph.D., a researcher at the Hasso Plattner Institute, the TPF server fills the gap in delivering open <strong>data</strong> at true web scale, and will be critical as LD becomes more widely used. Version 2.1.0 Delivers Faster Performance on Bigger <strong>Data</strong> ..."
Blazegraph,Big Data Blazegraph,https://blazegraph.com/database/apidocs/com/bigdata/rdf/store/BD.html,"URI that can be used as the Subject ... for bigdata SERVICEs. There may be zero or more such triple patterns. The Predicate (key) and Object (val) positions for those triple patterns are extracted into a ServiceParams object. For each key, there may be one or more values. ... ServiceParams. ... The well-known URI of the ALP SERVICE extension. ... Copyright © 2006–2019 SYSTAP, LLC DBA <strong>Blazegraph</strong>..."
Blazegraph,Big Data Blazegraph,https://medium.com/@nvbach91/how-to-reclaim-disk-space-in-blazegraph-95a47575f8a8,"So, let’s see how we can shrink the journal file without losing any <strong>data</strong>. ... $&gt; ls -laSh /etc/<strong>blazegraph</strong>/ -rw-rw---- 1 tomcat tomcat 28G Sep 20 17:22 bigdata.jnl drwxr-xr-x 105 root root 12K Sep 12 12:02 .."
Blazegraph,Big Data Blazegraph,https://sourceforge.net/p/bigdata/news/2015/02/systap-announces-the-launch-of-blazegraphtm-platform-for-rdf-and-property-graph-databases/,"However, you may have noticed that the rest of the world has discovered &quot;<strong>big</strong> <strong>data</strong>&quot;! SYSTAP is very pleased to launch it’s new graph database platform <strong>Blazegraph</strong>™ with yesterday’s software release available now on Sourceforge. It is built on the same open source GPLv2 platform and maintains ..."
Blazegraph,Big Data Blazegraph,https://blazegraph.com/database/apidocs/com/bigdata/blueprints/package-summary.html,"Copyright © 2006–2019 SYSTAP, LLC DBA <strong>Blazegraph</strong>. All rights reserved"
Blazegraph,Big Data Blazegraph,https://blazegraph.com/database/apidocs/com/bigdata/journal/Options.html,You may of course deliberately ... back the database by one commit point in doing so. ... WARNING - The use of this option is dangerous. This option may be used to update the ICUVersionRecord associated with the journal. ICU provides a Unicode sort key generation service for bigdata...
Blazegraph,Big Data Blazegraph,https://wiki.blazegraph.com/wiki/index.php/BTreeGuide,"If you have a simple indexing problem, ... BigdataSet). There are a lot of options for the Journal and for IndexMetadata, but the defaults will generally work well. If you have custom key requirements, then you will want to use KeyBuilder to format various Java <strong>data</strong> types and ..."
Blazegraph,Big Data Blazegraph,https://blazegraph.com/database/apidocs/com/bigdata/rdf/store/DataLoader.html,"Zero or more files or directories containing the <strong>data</strong> to be loaded. ... public static Properties processProperties(String propertyFileName, boolean quiet, int verbose, boolean durableQueues) throws IOException ... Copyright © 2006–2019 SYSTAP, LLC DBA <strong>Blazegraph</strong>."
Blazegraph,Big Data Blazegraph,https://github.com/blazegraph/database/blob/master/bigdata-blueprints/src/main/java/com/bigdata/blueprints/BigdataGraph.java,<strong>Blazegraph</strong> High Performance Graph Database. Contribute to <strong>blazegraph</strong>/database development by creating an account on GitHub.
Blazegraph,Big Data Blazegraph,https://sourceforge.net/p/bigdata/discussion/676946/,"If your are interested in services for custom feature development, integration, architecture, or support, please contract the project leads directly: http://www.<strong>blazegraph</strong>.com/support."
Blazegraph,Big Data Blazegraph,https://sourceforge.net/p/bigdata/discussion/676946/thread/74643593/,"I am looking for high performance/ scale up/out ontology system, I think <strong>BlazeGraph</strong> maybe the solution. I am evaluating it but keep trying bigger and bigger file."
Blazegraph,Big Data Blazegraph,https://blazegraph.com/database/apidocs/com/bigdata/blueprints/BigdataGraphBulkLoad.html,"public class BigdataGraphBulkLoad extends BigdataGraph implements com.tinkerpop.blueprints.TransactionalGraph, IChangeLog · Simple bulk loader that will insert graph <strong>data</strong> without any consistency checking (won&#x27;t check for duplicate vertex or edge identifiers)."
Blazegraph,Big Data Blazegraph,https://github.com/blazegraph/database/wiki/Bulk_Data_Load,<strong>Blazegraph</strong> High Performance Graph Database. Contribute to <strong>blazegraph</strong>/database development by creating an account on GitHub.
Blazegraph,Big Data Blazegraph,https://github.com/blazegraph/database/wiki/Blazegraph_FAQ,"You can find these and other modes ... the “bigdata-sails” module, at: ... Or let us help you devise the mode that is right for your particular problem. We offer development support, production support, and custom services around the platform. [1] https://github.com/<strong>blazegraph</strong>/database/tree/mast..."
Blazegraph,Big Data Blazegraph,https://sourceforge.net/projects/bigdata/files/,Disasters Happen. Downtime Doesn&#x27;t Have To · You seem to have CSS turned off. Please don&#x27;t fill out this field
Blazegraph,Big Data Blazegraph,https://blazegraph.com/database/apidocs/com/bigdata/blueprints/BigdataGraph.Options.html,"Copyright © 2006–2019 SYSTAP, LLC DBA <strong>Blazegraph</strong>. All rights reserved"
Blazegraph,Big Data Blazegraph,https://wiki.blazegraph.com/wiki/index.php/Blazegraph_FAQ,"This is how we run bigdata when we are evaluating load and query performance, for example with the Lehigh University Benchmark (LUBM) harness. This turns off some features that are unnecessary for this type of evaluation (statement identifiers and the free text index), which increases throughput. This mode still does inference, but it is database..."
Blazegraph,Big Data Blazegraph,https://www.index.dev/blog/open-source-graph-databases,"IoT: Explaining and categorizing the interactions of the devices and the sensor <strong>data</strong>. <strong>Blazegraph</strong> is a fast, easily scalable, open source graph database that is especially suited to query RDF <strong>data</strong>."
Blazegraph,"""Big Data"" Blazegraph",https://arxiv.org/html/2411.09999v1,"Graph databases, as discussed in the tutorial, offer advantages over traditional relational databases by enabling efficient management of complex, interconnected data. Overall, this paper discusses prominent graph database systems like Neo4j, Amazon Neptune, and ArangoDB, each with unique features for handling large datasets."
Blazegraph,"""Big Data"" Blazegraph",https://www.puppygraph.com/blog/best-graph-databases,"Discover the leading graph databases in the dynamic landscape of data management. Our comprehensive guide compares and analyzes top players like Neo4j, Amazon Neptune, ArangoDB, and Nebula, providing insights into features, use cases, and industry applications."
Blazegraph,"""Big Data"" Blazegraph",https://hugegraph.apache.org/,"<strong>Supports Gremlin graph query language and RESTful API, and provides commonly used graph retrieval interfaces</strong>. It includes a complete set of supporting tools with distributed storage, data replication, horizontal scaling, and multiple built-in ..."
Blazegraph,"""Big Data"" Blazegraph",https://aplicaciones.campusbigdata.com/aplicacion/blazegraph/,Blazegraph es una <strong>base de datos de gráficos de ultra alto rendimiento que admite Blueprints y API RDF / SPARQL</strong>. Admite hasta 50 mil millones de bordes en una
Blazegraph,"""Big Data"" Blazegraph",https://en.wikipedia.org/wiki/Graph_database,"In contrast, a graph database would ... searches, look-ups, and the memory usage involved in holding all of the temporary <strong>data</strong> from multiple records needed to construct the output. In terms of <strong>big</strong> O notation, this query would be..."
Blazegraph,"""Big Data"" Blazegraph",https://www.pldn.nl/wiki/Blazegraph,"De activiteiten van Platform Linked <strong>Data</strong> Nederland (PLDN) worden mede mogelijk gemaakt dankzij het Kadaster, TNO, <strong>Big</strong> <strong>Data</strong> Value Center (BDVC), ECP, Forum Standaardisatie, Kennisnet, SLO, Waternet, Taxonic, MarkLogic, Triply, Franz Inc., SemmTech, Rijksdienst voor het Cultureel Erfgoed (RCE), ..."
InfiniteGraph,Большие данные InfiniteGraph,https://en.wikipedia.org/wiki/InfiniteGraph,"InfiniteGraph is a distributed graph database implemented in Java and C++ and is from a class of NOSQL (&quot;Not Only SQL&quot;) database technologies that focus on graph data structures. Developers use InfiniteGraph to find useful and often hidden relationships in highly connected, complex big data sets."
InfiniteGraph,Большие данные InfiniteGraph,https://es.slideshare.net/infinitegraph,InfiniteGraph provides distributed capabilities and virtually unlimited scalability that is unique among the most popular graph products on the market today. Finding important connections hidden within massive volumes of distributed and complex data is key to the strategic objectives and mission ...
InfiniteGraph,Большие данные InfiniteGraph,https://www.researchgate.net/figure/The-infinite-graph-A_fig2_243539692,"... simplest case of the diagonal invariant only involves the Verlinde algebra, whose fusion rules are determined by the graph A (n) . The infinite graph A (∞) is illustrated in Figure 1, whilst for finite n, the graphs A (n) are the subgraphs of A (∞) , given by all the vertices (λ 1 , λ 2 ) such that λ 1 + λ 2 ≤ n − 3, and all the edges in A (∞) which connect these vertices."
InfiniteGraph,Большие данные InfiniteGraph,https://mathworld.wolfram.com/InfiniteGraph.html,A graph that is not finite is called infinite.
InfiniteGraph,Большие данные InfiniteGraph,https://dbdb.io/db/infinitegraph,InfiniteGraph is a graph-oriented DBMS.
InfiniteGraph,Большие данные InfiniteGraph,https://mathweb.ucsd.edu/~erdosproblems/InfiniteGraphs.html,"Ordinal Ramsey: For which \(\alpha\) does \(\omega^{\alpha} → (\omega^{\alpha}, 3)^{2}\)? (Hajnal) ($1000) · Ordinal Ramsey: If \(\alpha → (\alpha, 3)^{2},\) then \(\alpha → (\alpha, 4)^{2}\) (Hajnal) · Infinite \(K_{4}\)-free graphs are the union of triangle-free countable graphs (Hajnal) ..."
InfiniteGraph,Большие данные InfiniteGraph,https://www.infinitegraph.com/,We cannot provide a description for this page right now
InfiniteGraph,Большие данные InfiniteGraph,https://www.math.uni-hamburg.de/home/diestel/books/graph.theory/preview/Ch8.pdf,"An inﬁnite set minus a ﬁnite subset is still inﬁnite. ... Unions of countably many countable sets are countable. ... G itself. Rather than formalize what exactly this should mean, let us · consider an example: given two large integers k and g, let us construct · a graph G that is k-connected and has girth at least g.3"
InfiniteGraph,Большие данные InfiniteGraph,https://stackoverflow.com/questions/24171757/algorithm-for-infinite-graph,"quantdev: A &quot;infinite graph&quot; is a graph that theoretically plots all data received since the start of the plotting, contrary to what fixed-time graphs shows (which plots, lets say &quot;the data received in the last 10 seconds&quot;). But obviously that&#x27;s pure theory, since there is not an infinite size screen to show all the points, nor there is enough memory to store an infinite size vector of points."
InfiniteGraph,Большие данные InfiniteGraph,https://www.tutorialspoint.com/graph_theory/graph_theory_infinite_graphs.htm,"These are sometimes referred to as denumerable graphs. Uncountably Infinite Graphs: <strong>These graphs have uncountably many vertices, meaning there is no one-to-one correspondence between the vertices and the natural numbers</strong>."
InfiniteGraph,Большие данные InfiniteGraph,https://www.quora.com/Can-you-represent-infinity-in-a-graph,"Infinity (symbol: ∞) is a concept describing something without any bound, or something larger than any natural number. ... Its a number which is greater than any number, its more a concept than a number for representation on a graph..You can never reach infinity..But you can imagine of it.."
InfiniteGraph,Большие данные InfiniteGraph,https://www.wikidata.org/wiki/Q20819993,"graph with infinitely many vertices, edges, or both · edit · subclass of · mathematical object · 0 references · image · Infinite-2-regular-graph.png 660 × 242; 7 KB · 0 references · studied by · graph theory · 0 references · maintained by WikiProject ·"
InfiniteGraph,Большие данные InfiniteGraph,https://djhallx.medium.com/weighted-graph-queries-in-infinitegraph-1786a24ab3c1,"A graph is made up of nodes, sometimes called vertices, and edges. The nodes of a graph typically represent a person, place, or thing and are drawn using a circle. Edges represent relationships between nodes and are drawn as a line between two nodes. ... InfiniteGraph is a massively scalable, distributable, graph database."
InfiniteGraph,Большие данные InfiniteGraph,https://www.math.uni-hamburg.de/home/schacht/lehre/SS13/GT/Ch8prelims.pdf,"An inﬁnite set minus a ﬁnite subset is still inﬁnite. ... Unions of countably many countable sets are countable. ... G itself. Rather than formalize what exactly this should mean, let us · consider an example: given two large integers k and g, let us construct · a graph G that is k-connected and has girth at least g.3"
InfiniteGraph,Большие данные InfiniteGraph,https://www.vaia.com/en-us/textbooks/math/introduction-to-graph-theory-5-edition/chapter-1/problem-46-give-an-example-of-each-of-the-following-i-an-inf/,"This will result in a graph with vertices \(-\infty, -3, -2, -1, 0, 1, 2, 3, ...\), such that every vertex, except 0, is an end-vertex. Here, vertex 0 is the only vertex that is not an end-vertex since it has a degree of 2. This is because it is connected to -1 and 1. ... Let&#x27;s consider the Real line to be the infinite graph with uncountably many vertices and edges."
InfiniteGraph,Большие данные InfiniteGraph,https://www.academia.edu/Documents/in/Infinite_Graphs,"It explores structural and spectral invariants, boundary theory, and parallels to classical potential theory, revealing deep connections between graph Laplacians and electrical networks. Such an operator-centric view helps in understanding analytic and geometric properties of infinite networks, with implications for probability, sampling theory, and signal processing on graphs."
InfiniteGraph,Большие данные InfiniteGraph,https://db-engines.com/en/system/InfiniteGraph,Detailed overview of the characteristics of InfiniteGraph
InfiniteGraph,Большие данные InfiniteGraph,https://www.linkedin.com/products/objectivity-infinitegraph/,InfiniteGraph | InfiniteGraph is the graph database and analytics platform for solving the most complex problems at massive speed and scale for enterprises and government.
InfiniteGraph,Большие данные InfiniteGraph,https://www.gabormelli.com/RKB/Infinite_Graph,A Infinite Graph is <strong>a Graph that contains an Infinite number of Graph Nodes and/or Graph Edges</strong>.
InfiniteGraph,Большие данные InfiniteGraph,https://medium.com/infinitegraph,"InfiniteGraph, built on proven database technologies which use a federated distributed and massively parallel architecture, allows complex graph models to be implemented that operate at speed and scale, even when the graph exceeds memory limitations."
InfiniteGraph,Большие данные InfiniteGraph,https://arxiv.org/abs/2409.09527,"We introduce the extension <strong>graph</strong> <strong>of</strong> <strong>graph</strong> product of groups and study its geometry. This enables us to study properties of <strong>graph</strong> product by exploiting large scale geometry of its defining <strong>graph</strong>. In particular, we show that the extension <strong>graph</strong> is isomorphic to the crossing <strong>graph</strong> of a canonical ..."
InfiniteGraph,Большие данные InfiniteGraph,https://www.softwaresuggest.com/infinitegraph,"Learn more about InfiniteGraph. Explore InfiniteGraph Pricing, features, integrations, popular comparisons, and more. Get a free demo."
InfiniteGraph,Большие данные InfiniteGraph,https://mathoverflow.net/questions/39647/applications-of-infinite-graph-theory,"Finite <strong>graph</strong> theory abounds with applications inside mathematics itself, in computer science, and engineering. Therefore, I find it naturally to do research in <strong>graph</strong> theory and I also clearly see the"
InfiniteGraph,Большие данные InfiniteGraph,https://www.reddit.com/r/mathmemes/comments/qjvifw/found_an_equation_that_graphs_infinite_infinitys/,"4.8K votes, 105 comments. 591K subscribers in the mathmemes community. Give me some mathematical memes!"
InfiniteGraph,Большие данные InfiniteGraph,https://dbpedia.org/page/InfiniteGraph,"About: InfiniteGraph · An Entity of Type: work, from Named <strong>Graph</strong>: http://dbpedia.org, within Data Space: dbpedia.org · Software · This content was extracted from Wikipedia and is licensed under the Creative Commons Attribution-ShareAlike 4.0 International"
InfiniteGraph,Большие данные InfiniteGraph,http://www.columbia.edu/~plm2109/eight.pdf,This is sometimes know as the inﬁnite pigeonhole principle. Think why... • A ﬁnite or countable union of countable sets is countable. This implies that a countable <strong>graph</strong> has a countable number of edges.
InfiniteGraph,Большие данные InfiniteGraph,https://cambridge-intelligence.com/big-graph-data-visualization/,"A step-by-step guide to big <strong>graph</strong> data visualization, showing how to bring millions of connected nodes and links down to a human-friendly scale."
InfiniteGraph,Большие данные InfiniteGraph,https://faculty.etsu.edu/gardnerr/5340/notes-Bondy-Murty-GT/Bondy-Murty-GT-1-6.pdf,"NG(v), denoted dG(v) = |NG(v)|. A one-way inﬁnite path is an inﬁnite countable · simple <strong>graph</strong> whose vertices can be arranged in an inﬁnite linear sequence, say"
InfiniteGraph,Большие данные InfiniteGraph,https://github.com/tinkerpop/blueprints/wiki/InfiniteGraph-Implementation,A Property <strong>Graph</strong> Model Interface (no longer active - see Apache TinkerPop) - InfiniteGraph Implementation · tinkerpop/blueprints Wiki
InfiniteGraph,Большие данные InfiniteGraph,https://cstheory.stackexchange.com/questions/12553/what-are-infinite-graphs-good-for,I have just read on the German Wikipedia that an <strong>infinite</strong> <strong>graph</strong> is <strong>a</strong> <strong>graph</strong> with an <strong>infinite</strong> number of nodes or an <strong>infinite</strong> number of edges. I only know applications and algorithms for finite <strong>graphs</strong>...
InfiniteGraph,Большие данные InfiniteGraph,https://www.desmos.com/calculator/rzf5hbsdmr,"Explore math with our beautiful, free online <strong>graphing</strong> calculator. <strong>Graph</strong> functions, plot points, visualize algebraic equations, add sliders, animate <strong>graphs</strong>, and more."
InfiniteGraph,Большие данные InfiniteGraph,https://11011110.github.io/blog/2020/06/14/infinite-threshold-graphs.html,One of the difficulties of extending results from finite <strong>graphs</strong> <strong>to</strong> <strong>infinite</strong> ones is that it is not always obvious how to extend the definitions. A single cla...
InfiniteGraph,Большие данные InfiniteGraph,https://math.stackexchange.com/questions/4348894/infinite-core-graphs,"Let $G$ be an <strong>infinite</strong> <strong>graph</strong> (directed, loops okay, no multi-edges, so essentially a set with a binary relation). $G$ is called core if every one of its endomorphisms is surjective. Does this ever"
InfiniteGraph,Большие данные InfiniteGraph,https://www.sciencedirect.com/science/article/pii/S0012365X10004826,We survey various aspects of <strong>infinite</strong> extremal <strong>graph</strong> theory and prove several new results. The lead role play the parameters connectivity and degree. …
InfiniteGraph,Большие данные InfiniteGraph,https://www.geeksforgeeks.org/dsa/graph-types-and-applications/,"Your All-in-One Learning Portal. It contains well written, well thought and well explained computer science and programming articles, quizzes and practice/competitive programming/company interview Questions."
InfiniteGraph,Большие данные InfiniteGraph,https://www.sciencedirect.com/science/article/pii/0012365X75900023,Some relations between the number of nodes and edges and the degrees of the nodes in <strong>infinite</strong> <strong>graphs</strong> are obtained. The structure of <strong>infinite</strong> connected…
InfiniteGraph,Большие данные InfiniteGraph,https://link.springer.com/chapter/10.1007/978-3-662-53622-3_8,"The study of <strong>infinite</strong> <strong>graphs</strong> is an attractive, but often neglected, part of <strong>graph</strong> theory. This chapter aims to give an introduction that starts gently, but then moves on in several directions to display both the breadth and some of the depth that this field has to..."
InfiniteGraph,Большие данные InfiniteGraph,https://www.wolframalpha.com/input/?i=infinite+graph,"Compute answers using Wolfram&#x27;s breakthrough technology &amp; knowledgebase, relied on by millions of students &amp; professionals. For math, science, nutrition, history, geography, engineering, mathematics, linguistics, sports, finance, music…"
InfiniteGraph,Большие данные InfiniteGraph,https://math.stackexchange.com/questions/1723632/infinite-connected-graph,Does an <strong>infinite</strong> connected <strong>graph</strong> mean that given any two vertices there is a path of finite length joining them or the path may be of <strong>infinite</strong> length?
InfiniteGraph,Большие данные InfiniteGraph,https://en.wikipedia.org/wiki/Category:Infinite_graphs,"The following 15 pages are in this category, out of 15 total. This list may not reflect recent changes."
InfiniteGraph,Большие данные InfiniteGraph,https://wiki.moda/wikipedia/InfiniteGraph,InfiniteGraph — статья из икипедии — свободной энциклопедии
InfiniteGraph,Большие данные InfiniteGraph,https://coderlessons.com/tutorials/bazy-dannykh/uznaite-neo4j/neo4j-obzor,"Другими базами <strong>данных</strong> <strong>Graph</strong> являются Oracle NoSQL Database, OrientDB, HypherGraphDB, GraphBase, InfiniteGraph и AllegroGraph. В настоящее время <strong>большая</strong> часть <strong>данных</strong> существует в форме отношений между ..."
InfiniteGraph,Большие данные InfiniteGraph,https://math.stackexchange.com/questions/3024837/constructing-an-infinite-family-of-graphs,"In this case I understand what a biregular <strong>graph</strong> is and can construct a number of distinct <strong>graphs</strong> by hand, however, I don&#x27;t understand how to generalise it to get <strong>infinitely</strong> many distinct <strong>graphs</strong> of this type."
InfiniteGraph,Большие данные InfiniteGraph,https://rnd.tbank.ru/technologies/graphs/,"Рассказываем, почему разрабатываем методы работы с графами <strong>больших</strong> размеров и с какими вызовами сталкиваемся"
InfiniteGraph,Большие данные InfiniteGraph,https://www.sciencedirect.com/science/article/pii/S0021980067800772/pdf?md5=c179f1bf697f0a9f1062a5c97fa4489d&pid=1-s2.0-S0021980067800772-main.pdf,"Two vertices of <strong>a</strong> <strong>graph</strong> are adjacent if they are joined by an edge. ... Let $1, Sz, S 3 .... be an <strong>infinite</strong> sequence of disjoint non-empty finite sets"
InfiniteGraph,Большие данные InfiniteGraph,https://db-engines.com/en/ranking_trend/system/InfiniteGraph,The trend of the popularity is a rough estimate of the InfiniteGraph usage.
InfiniteGraph,Большие данные InfiniteGraph,https://link.springer.com/content/pdf/10.1007/978-94-009-0517-7_16.pdf,A uniform structure is defined on the vertex set of an <strong>infinite</strong> <strong>graph</strong> in such a way that its completion and its compactification are related to the two basic <strong>infiniteness</strong> properties of the <strong>graph</strong>: “height” and “width”. These different...
InfiniteGraph,Большие данные InfiniteGraph,https://infinite-graph.com/,High-fidelity interactive timeline for project management with <strong>infinite</strong> zoom and drag-and-drop capabilities
InfiniteGraph,Большие данные InfiniteGraph,https://askfilo.com/user-question-answers-smart-solutions/what-is-an-infinite-graph-3337313039373833,An <strong>infinite</strong> <strong>graph</strong> is <strong>a</strong> <strong>graph</strong> that has <strong>infinitely</strong> many vertices and/or edges.
InfiniteGraph,Большие данные InfiniteGraph,https://mathworld.wolfram.com/FiniteGraph.html,"<strong>A</strong> <strong>graph</strong> with a finite number of nodes and edges. If it has n nodes and has no multiple edges or <strong>graph</strong> loops (i.e., it is simple), it is a subgraph of the complete <strong>graph</strong> K_n. <strong>A</strong> <strong>graph</strong> which is not finite is called <strong>infinite</strong>. If every node has finite degree, the <strong>graph</strong> is called locally finite."
InfiniteGraph,Большие данные InfiniteGraph,https://www.slideshare.net/infinitegraph/an-overview-of-infinitegraph-the-distributed-graph-database,"JavaScript is disabled in your browser · Please enable JavaScript to proceed · A required part of this site couldn’t load. This may be due to a browser extension, network issues, or browser settings. Please check your connection, disable any ad blockers, or try using a different browser"
InfiniteGraph,"""Большие данные"" InfiniteGraph",https://datalesson.ru/lessons/bolshie-dannye,"На «Уроке цифры» по теме «<strong>Большие</strong> <strong>данные</strong>» узнаем, что такое <strong>большие</strong> <strong>данные</strong> и откуда они появляются, как их анализируют и для чего используют, а также познакомимся ..."
InfiniteGraph,"""Большие данные"" InfiniteGraph",https://yandex.ru/q/question/s_kakogo_razmera_nachinaiutsia_bolshie_dc4101ab/,"19 марта 2020 Яндекс Практикум ответил: Дмитрий, добрый день! <strong>Большие</strong> <strong>данные</strong> и связанные с ними технологии обычно начинаются от 1 ТБ. 1 ТБ ― это примерно 1613 10-минутных ..."
InfiniteGraph,"""Большие данные"" InfiniteGraph",https://www.jetbrains.com/ru-ru/lp/devecosystem-2021/big-data/,"«Экосистема разработки в 2021 году» — это подробный отчет о том, что происходит в мире программирования: чем живут разработчики, какие языки, технологии и инстр..."
InfiniteGraph,"""Большие данные"" InfiniteGraph",https://www.pcweek.ua/themes/detail.php?ID=134659,"Увеличивающееся количество гигантских массивов корпоративных <strong>данных</strong> и все технологии для их создания, хранения, перемещения, анализа, архивирования и извлечения ..."
InfiniteGraph,"""Большие данные"" InfiniteGraph",https://www.lanit.ru/press/smi/big-data-elektrichestvo-xxi-veka/?rt=3,1. Как аналитика Big Data может помочь в задачах ИБ и управления ИТ? 2. Как вы можете оценить внедре...
InfiniteGraph,Big Data InfiniteGraph,https://diversedaily.com/infinitegraph-distributed-graph-database-for-big-data/,"Discover InfiniteGraph, <strong>a powerful distributed graph database designed for managing and querying complex, interconnected big data</strong>. Learn how its scalable architecture supports efficient data storage, advanced indexing, and real-time analytics."
InfiniteGraph,Big Data InfiniteGraph,https://www.dbta.com/DBTA-Downloads/Software/InfiniteGraph-The-Distributed-Graph-Database-3951.aspx,"InfiniteGraph <strong>enable organizations to discover hidden relationships for improved Big Data analytics</strong> and develop applications with significant time-to-market advantages and technical cost savings, achieving greater return on data related investments."
InfiniteGraph,Big Data InfiniteGraph,https://www.dbta.com/Editorial/News-Flashes/An-Introduction-to-InfiniteGraph-Connecting-the-Dots-to-Find-Meaning-in-Big-Data-Webcast---Replay-Now-Available-77243.aspx,InfiniteGraph was <strong>designed specifically to traverse connections and provide the framework for a new set of products built to provide real-time business decision support and relationship analytics</strong>.
InfiniteGraph,Big Data InfiniteGraph,https://www.dbta.com/Editorial/News-Flashes/InfiniteGraph-31-Offers-Improved-Data-Ingestion-Faster-Search-Results-and-Open-Use-Data-Connectors-89278.aspx,"GraphMyLife Beta utilizes InfiniteGraph, <strong>a real-time distributed graph database</strong>, in the cloud as a big data connection platform that aggregates a user’s social data to enable searches, posts and sharing across multiple social networks, based ..."
InfiniteGraph,Big Data InfiniteGraph,https://sourceforge.net/software/product/InfiniteGraph/,InfiniteGraph is <strong>a massively scalable graph database specifically designed to excel at high-speed ingest of massive volumes of data (billions of nodes and edges per hour) while supporting complex queries</strong>.
InfiniteGraph,Big Data InfiniteGraph,https://www.semanticscholar.org/topic/InfiniteGraph/1777895,"InfiniteGraph is <strong>an enterprise distributed graph database implemented in Java</strong>, and is from a class of NOSQL (or Not Only SQL) database technologies that focus on graph data structures."
InfiniteGraph,Big Data InfiniteGraph,https://www.globenewswire.com/news-release/2012/10/01/1044989/0/es/InfiniteGraph-3-0-ofrece-performance-y-escalabilidad-incomparables-para-la-%C3%BAnica-Distributed-Graph-Database-TM-para-an%C3%A1lisis-de-Big-Data.html,"Como la única base de datos gráficos distribuidos NoSQL, InfiniteGraph <strong>es una tecnología complementaria para cualquier estrategia políglota de Big Data</strong>. El poder de InfiniteGraph 3.0 es su performance y escalabilidad dentro de los entornos ..."
InfiniteGraph,Big Data InfiniteGraph,https://azuremarketplace.microsoft.com/en-us/marketplace/apps/objectivity1595351622261.infinitegraph_windows?tab=overview,"• The new InfiniteGraph graph ... is <strong>the only solution that combines the strengths of relational databases, Big Data platforms, and graph querying capabilities into a single platform for performance at massive speed and scale</strong>..."
InfiniteGraph,Big Data InfiniteGraph,https://www.globenewswire.com/news-release/2012/10/01/1044984/0/en/InfiniteGraph-3-0-Brings-Unrivaled-Performance-and-Scalability-to-the-Only-Distributed-Graph-Database-TM-for-Big-Data-Analytics.html,"As the only NoSQL distributed graph database, InfiniteGraph is <strong>a complementary technology to any polyglot Big Data strategy</strong>. The power of InfiniteGraph 3.0 is its performance and scalability within distributed environments."
InfiniteGraph,Big Data InfiniteGraph,https://neo4j.com/press-releases/neo4j-launches-infinigraph/,"Infinigraph enables Neo4j’s database to run operational and analytical workloads together in a single system at 100TB+ scale, without fragmenting the graph, duplicating infrastructure, or compromising performance."
InfiniteGraph,Big Data InfiniteGraph,https://blogs.cisco.com/tag/infinitegraph,"Cisco Blogs / InfiniteGraph · Levi Gundert · Following part two of our Big Data in Security series on University of California, Berkeley’s AMPLab stack, I caught up with talented data scientists Michael Howe and Preetham Raghunanda to discuss their exciting graph analytics work."
InfiniteGraph,Big Data InfiniteGraph,https://techcrunch.com/2011/08/16/infinitegraph-steps-out-of-beta-to-help-companies-identify-deep-relationships-in-large-data-sets/,"InfiniteGraph, the year-old product ... is coming out of beta today to <strong>help developers and companies identify and utilize deep connections between nodes and edges in large, distributed data sets</strong>...."
InfiniteGraph,Big Data InfiniteGraph,https://www.odbms.org/2010/01/infinitegraph/,"InfiniteGraph is <strong>a distributed graph database product that enables large-scale graph processing, data analytics and discovery</strong>."
InfiniteGraph,Big Data InfiniteGraph,https://www.bloorresearch.com/2012/05/objectivity-infinitegraph/,InfiniteGraph is <strong>a graph database built on top of Objectivity/DB</strong>
InfiniteGraph,Big Data InfiniteGraph,https://www.globenewswire.com/news-release/2021/05/03/2221608/0/en/The-New-InfiniteGraph-is-Available.html,"The new InfiniteGraph performs some of the most difficult data queries including the ability to do deep link analysis and complex graph queries, while also performing relational data queries at massive speed and scale. InfiniteGraph can also dynamically ingest massive, complex, distributed data while simultaneously building the graph."
InfiniteGraph,Big Data InfiniteGraph,https://marketplace.microsoft.com/en-us/marketplace/apps/objectivity1595351622261.infinitegraph_windows?tab=overview,"• The new <strong>InfiniteGraph</strong> graph ... fusion, complex <strong>data</strong> management/ metadata management, pathfinding • <strong>InfiniteGraph</strong> is the only solution that combines the strengths of relational databases, <strong>Big</strong> <strong>Data</strong> platforms, and graph querying capabilities into a single platform for ..."
InfiniteGraph,Big Data InfiniteGraph,https://azuremarketplace.microsoft.com/en-gb/marketplace/apps/objectivity1595351622261.infinitegraph_windows?tab=Overview,"• The new <strong>InfiniteGraph</strong> graph ... fusion, complex <strong>data</strong> management/ metadata management, pathfinding • <strong>InfiniteGraph</strong> is the only solution that combines the strengths of relational databases, <strong>Big</strong> <strong>Data</strong> platforms, and graph querying capabilities into a single platform for ..."
InfiniteGraph,Big Data InfiniteGraph,https://www.bloorresearch.com/objectivity-infinitegraph/,"Now, in a graph database you have triples 1:1:1 or 1:many:many and so on. It is not difficult to see that by extending (perhaps concatenating would be a better word, or even squaring) the existing facilities of Objectivity/DB that you could support graph-based capabilities. So, in effect, <strong>InfiniteGraph</strong> ..."
InfiniteGraph,Big Data InfiniteGraph,https://www.globenewswire.com/news-release/2014/03/18/1044878/0/en/InfiniteGraph-3-2-Offers-Key-Improvements-Enabling-Fast-Distributed-Query-Performance-to-Meet-Real-Time-Analytics-Demands.html,"SAN JOSE, CA--(Marketwired - Mar 18, 2014) - Objectivity, Inc., the leader in real-time, complex <strong>Big</strong> <strong>Data</strong> solutions, announced today the release of <strong>InfiniteGraph</strong> 3.2 which delivers performance improvements over previous versions enabling real-time <strong>Big</strong> <strong>Data</strong> analytics for some of the world&#x27;s ..."
InfiniteGraph,Big Data InfiniteGraph,https://www.slideshare.net/slideshow/tue-1700-wooddarren2color/9315549,"The document emphasizes the advantages ... also touches on challenges such as <strong>data</strong> distribution and scaling for graph databases. ... Webinar: An Introduction to <strong>InfiniteGraph</strong>, and Connecting the Dots in <strong>Big</strong> <strong>Data</strong>...."
InfiniteGraph,Big Data InfiniteGraph,https://siliconangle.com/2012/07/16/objectivity-pushes-big-data-in-the-channel-with-infinitegraph-certification/,"The NoSQL database technology has been a key part of Objectivity’s business, and now the firm decided that it’s time to extend that accomplishment to the channel. Not too long ago the vendor revealed 14 of its biggest customers as an attempt to further validate this point. Apparently the U.S. Navy and the Department of Defense, along with healthcare giant McKesson are only a few of those high profile clients, and <strong>InfiniteGraph</strong>..."
InfiniteGraph,Big Data InfiniteGraph,https://www.slideshare.net/infinitegraph/turning-big-data-into-smart-data-with-graph-technologies,"<strong>InfiniteGraph</strong> is addressing these requirements, and is at the forefront of innovation in this exciting area of graph processing and advanced relationship analytics. ... nosql graph database <strong>big</strong> <strong>data</strong> graph databases <strong>infinitegraph</strong> analytics graphdb social network analysis distributed ..."
InfiniteGraph,Big Data InfiniteGraph,https://infinitegraph.software.informer.com/,"<strong>InfiniteGraph</strong> is a distributed graph database that has just released version 1.1, with a new indexing framework for enhanced performance on indexing, <strong>data</strong> ingest, and lookups."
InfiniteGraph,Big Data InfiniteGraph,http://tinman.cs.gsu.edu/~raj/8711/sp13/infinitegraph/Infinite%20Graph%20Report.pdf,It is easy to set up and use appropriate when ingesting <strong>data</strong> in a single thread or process. It uses · <strong>InfiniteGraph</strong> APIs such as addVertex and addEdge to ingest <strong>data</strong> inside a read/write transaction.
InfiniteGraph,Big Data InfiniteGraph,https://neo4j.com/news/graph-database-analysis-in-five-trendy-open-source-technologies-for-big-data/,"Tim Gasper, Product Manager at Infochimps, covers five new open source technologies that are ‘shaking up’ <strong>big</strong> <strong>data</strong> including graph database technologies. Gremlin and Giraph help empower graph analysis, and are often used coupled with graph databases like Neo4j or <strong>InfiniteGraph</strong>, or in the ..."
InfiniteGraph,Big Data InfiniteGraph,https://theirstack.com/en/technology/infinitegraph,We have <strong>data</strong> on 7 companies that use <strong>InfiniteGraph</strong>.
InfiniteGraph,Big Data InfiniteGraph,https://subscription-rc.packtpub.com/book/big_data_and_business_intelligence/9781783287253/1/ch01lvl1sec18/importing-data-from-infinitegraph-to-neo4j,We cannot provide a description for this page right now
InfiniteGraph,Big Data InfiniteGraph,https://www.scitepress.org/papers/2018/69102/69102.pdf,Figure 2. It shows an example of a graph database · with the node labels on the top right corner. On the ... Figure 2: ArangoDB interface. (source: docs.arangodb. ... Objectivity. <strong>InfiniteGraph</strong> is unique in their massive
InfiniteGraph,Big Data InfiniteGraph,https://www.bolsamania.com/nota-de-prensa/economia/infinitegraph-30-ofrece-performance-y-escalabilidad-incomparables-para-la-unica-distributed-graph-databasetm-para-analisis-de-big-data--4969917.html,La base de datos gráficos distribuidos ... totalmente nuevo para consulta y navegación de datos. <strong>InfiniteGraph</strong> 3.0 ofrece un aumento de diez veces en performance sobre las versiones anteriores habilitando el análisis de <strong>Big</strong> <strong>Data</strong> justo a tiempo para algunas de las empresas y ...
InfiniteGraph,Big Data InfiniteGraph,https://www.globenewswire.com/en/news-release/2013/04/29/1044854/0/en/Objectivity-Delivers-Lightning-Fast-Performance-Improvements-With-InfiniteGraph-3-1-and-Introduces-Open-Use-Data-Connectors.html,"SUNNYVALE, CA--(Marketwired - Apr 29, 2013) - Objectivity, Inc., the leader in NOSQL database solutions for <strong>Big</strong> <strong>Data</strong>, announced today the release of <strong>InfiniteGraph</strong> 3.1, delivering improved path finding for faster search results, ingest performance improvements, enhanced visualization features ..."
InfiniteGraph,Big Data InfiniteGraph,https://grokipedia.com/page/infinitegraph,"Unlike many graph databases limited ... healthcare, manufacturing, and government—including U.S. federal agencies—<strong>InfiniteGraph</strong> combines the strengths of relational databases, <strong>big</strong> <strong>data</strong> platforms, and graph analytics into a unified solution...."
InfiniteGraph,Big Data InfiniteGraph,https://www.slideshare.net/infinitegraph/oracle-nosqlinfinitegraph-meetup-aug-16-2012,Join Oracle NoSQL DB and <strong>InfiniteGraph</strong> development teams in a discussion of the latest trends in <strong>Big</strong> <strong>Data</strong> and Graph Technology. Learn what Oracle’s view of Bi…
InfiniteGraph,Big Data InfiniteGraph,https://www.slideshare.net/slideshow/an-overview-of-infinitegraph-the-distributed-graph-database/7697631,"NOSQL Now! Presentation, August 24, 2011: Graph Databases: Connecting the Dot... ... Meetup: An Introduction to <strong>InfiniteGraph</strong>, and Connecting the Dots in <strong>Big</strong> <strong>Data</strong>."
InfiniteGraph,Big Data InfiniteGraph,https://azuremarketplace.microsoft.com/en-us/marketplace/apps/objectivity1595351622261.infinitegraph_windows?tab=Overview,"• The new <strong>InfiniteGraph</strong> graph ... fusion, complex <strong>data</strong> management/ metadata management, pathfinding • <strong>InfiniteGraph</strong> is the only solution that combines the strengths of relational databases, <strong>Big</strong> <strong>Data</strong> platforms, and graph querying capabilities into a single platform for ..."
InfiniteGraph,Big Data InfiniteGraph,https://handwiki.org/wiki/Software:InfiniteGraph,"<strong>InfiniteGraph</strong> is a distributed graph database implemented in Java and C++ and is from a class of NOSQL (&quot;Not Only SQL&quot;) database technologies that focus on graph <strong>data</strong> structures. Developers use <strong>InfiniteGraph</strong> to find useful and often hidden relationships in highly connected, complex <strong>big</strong> <strong>data</strong> ..."
InfiniteGraph,Big Data InfiniteGraph,https://www.globenewswire.com/en/news-release/2021/05/03/2221608/0/en/The-New-InfiniteGraph-is-Available.html,"San Jose, May 03, 2021 (GLOBE NEWSWIRE) -- Objectivity, Inc., a U.S. company and leader in enterprise distributed graph and <strong>data</strong> management software products and support for operational, near real-time <strong>data</strong> and sensor fusion systems, announced the availability of the new <strong>InfiniteGraph</strong>."
InfiniteGraph,Big Data InfiniteGraph,https://marketplace.microsoft.com/en-us/product/virtual-machines/objectivity1595351622261.infinitegraph_windows?tab=Overview,"• The new <strong>InfiniteGraph</strong> graph ... fusion, complex <strong>data</strong> management/ metadata management, pathfinding • <strong>InfiniteGraph</strong> is the only solution that combines the strengths of relational databases, <strong>Big</strong> <strong>Data</strong> platforms, and graph querying capabilities into a single platform for ..."
InfiniteGraph,Big Data InfiniteGraph,https://infinitegraph.com/deeplinkanalysis/,"Historically, these are collected in a relational, simple NoSQL database or <strong>Big</strong> <strong>Data</strong> storage. However, this type of storage is not suitable for deep link analysis. <strong>InfiniteGraph</strong> was contacted by one such Telco who had been trying <strong>Big</strong> <strong>Data</strong> and NoSQL tools to perform deep link analysis to track ..."
InfiniteGraph,Big Data InfiniteGraph,https://siliconangle.com/2012/02/28/whats-the-key-to-simplifying-big-data-infinitegraph-ceo-tells-all/,"Many of us have an idea of what <strong>big</strong> <strong>data</strong> means, but it’s the execution that seems to trip people up. If you ask Objectivity, the company behind <strong>InfiniteGraph</strong>, one of the biggest challenges around <strong>big</strong> <strong>data</strong> isn’t the volume but the relationship between <strong>data</strong> sets."
InfiniteGraph,Big Data InfiniteGraph,https://www.prnewswire.com/news-releases/objectivity-inc-launches-infinitegraph-the-distributed-graph-database-for-the-enterprise-94912959.html,"SUNNYVALE, Calif., May 26 /PRNewswire/ -- Objectivity, Inc., a leading provider of <strong>data</strong> management solutions, today announced that its leading-edge distributed graph database product for the enterprise, <strong>InfiniteGraph</strong>, is now available in beta."
InfiniteGraph,Big Data InfiniteGraph,https://www.producthunt.com/products/infinitegraph,"<strong>InfiniteGraph</strong> is the only graph database and graph analytics platform that can handle the massive speed and scale requirements and complex <strong>data</strong> of mission critical, operational systems. Download the free 50GB version to easily get started and scale."
InfiniteGraph,Big Data InfiniteGraph,https://blogs.451research.com/information_management/tag/infinitegraph/,"* HStreaming and RainStor Partner to Lower the Cost of <strong>Big</strong>-<strong>Data</strong> Analytics on Hadoop · * JustOne Database Sets the Stage for Accelerated Growth in 2012 and Beyond ... # arcplan details growth plan, as it expands into front end for SAP HANA and social BI Impact Report · # Objectivity adds reusable queries to <strong>InfiniteGraph</strong> ..."
InfiniteGraph,Big Data InfiniteGraph,https://www.slideshare.net/infinitegraph/nosql-technology-and-realtime-accurate-predictive-analytics,"<strong>Big</strong> <strong>Data</strong>: NoSQL Technology and Real-time, Accurate Predictive Analytics Enjoy this insightful webinar moderated by Matt Aslett, Research Director at 451 Group beginning with a brief overview of Objectivity, Inc. and its products Objectivity/DB, a world class object database and <strong>InfiniteGraph</strong>, the ..."
InfiniteGraph,Big Data InfiniteGraph,https://www.odbms.org/blog/tag/infinitegraph/,"Roberto V. Zicari is leading a team of international experts who defined an assessment process for Trustworthy AI, called Z-Inspection®. Previously he was professor of Database and Information Systems (DBIS) at the Goethe University Frankfurt, Germany, where he founded the Frankfurt <strong>Big</strong> <strong>Data</strong> Lab ."
InfiniteGraph,Big Data InfiniteGraph,https://neo4j.com/news/bloor-research-objectivity-and-infinitegraph/,"Philip Howard, Research Director, Bloor Research, gives insight into the evolution of Objectivity/DB, an object database, and its foundation in <strong>InfiniteGraph</strong>, adding graph database functionality such as supporting triple store."
InfiniteGraph,Big Data InfiniteGraph,https://www.crunchbase.com/organization/infinitegraph,<strong>InfiniteGraph</strong> is a graph database and analytics platform.
InfiniteGraph,"""Big Data"" InfiniteGraph",https://www.dataversity.net/infinitegraph-enters-the-nosql-arena/,"by Angela Guess A new article covers the growing interest in NoSQL solutions, pointing in particular to <strong>InfiniteGraph</strong>’s new NoSQL tool. The article states, “When it comes to managing <strong>big</strong> <strong>data</strong>, there’s an emerging number of ways to go about things, depending on your needs for structured ..."
InfiniteGraph,"""Big Data"" InfiniteGraph",https://objectivity128.rssing.com/chan-63271027/article10.html,"Previous Tom Sawyer Perspectives, Version 4.0, Introduces an Advanced, <strong>Data</strong>-driven, Graphics Architecture and Integration With <strong>InfiniteGraph</strong> ... Australia-based systems integrator Qubit Consulting has added a new focus to its systems integration (SI) portfolio: <strong>big</strong> <strong>data</strong>."
InfiniteGraph,"""Big Data"" InfiniteGraph",https://academic.oup.com/database/article/doi/10.1093/database/baad045/7222237,"Graph databases comparison: allegrograph, arangoDB, <strong>infinitegraph</strong>, Neo4J, and OrientDB."
InfiniteGraph,"""Big Data"" InfiniteGraph",https://www.puppygraph.com/blog/graph-analytics-in-big-data,"Discover how graph analytics in <strong>big</strong> <strong>data</strong> reveals hidden patterns, relationships, and insights. Learn key use cases, tools, and real-world applications for enterprise-scale decision-making."
InfiniteGraph,"""Big Data"" InfiniteGraph",https://aplicaciones.campusbigdata.com/data_ia_landscape/graph-dbs/,Aplicaciones - <strong>Big</strong> <strong>Data</strong> International Campus · posted on 29/03/2021
InfiniteGraph,"""Big Data"" InfiniteGraph",https://huntscreens.com/en/topic/infinite-graph-database,Discover the top Infinite Graph Databases of 2025! Find cutting-edge AI solutions &amp; innovative startups revolutionizing <strong>data</strong> management. Explore now!
InfiniteGraph,"""Big Data"" InfiniteGraph",http://www.pearltrees.com/titust/big-data/id7715568,Imagine querying using this type ... network datasets where you would like to find the pattern “” which may represent a compile-level dependency on a certain native library. This intuitive way of describing a path was the motivation for the new path matching syntax in <strong>InfiniteGraph</strong> 3.2! Describing the Problem. The Maturing of <strong>Big</strong> <strong>Data</strong>: From ...
InfiniteGraph,"""Big Data"" InfiniteGraph",https://www.pngwing.com/en/free-png-nmzih,"Graph database IBM Gremlin, graph, <strong>data</strong>, <strong>infinitegraph</strong>, line png"
нереляционные,Большие данные нереляционные,https://habr.com/ru/companies/sberbank/articles/672022/,"Сейчас, кроме реляционного способа хранения данных, появляются и развиваются и нереляционные способы, так называемые NoSQL. Потенциально данный способ при соответствующем подходе может дать большую производительность ввиду существенных отличий от реляционного подхода."
нереляционные,Большие данные нереляционные,https://learn.microsoft.com/ru-ru/azure/architecture/data-guide/big-data/non-relational-data,"Нереляционные базы ... NoSQL, <strong>оптимизируют для гибких схем, горизонтального масштабирования и определенных шаблонов доступа или агрегирования</strong>..."
нереляционные,Большие данные нереляционные,https://cloud.ru/blog/nerelyatsionnaya-baza-dannykh-nosql,Изучите концепцию нереляционных баз данных (NoSQL) и их применение для обработки больших объемов данных. Откройте для себя преимущества NoSQL для современных ...
нереляционные,Большие данные нереляционные,https://www.xelent.ru/blog/otlichiya-relyatsionnykh-i-nerelyatsionnykh-baz-dannykh/,"Нереляционная база данных – <strong>это выбор тех, кто будет работать с большими объемами различных данных</strong>."
нереляционные,Большие данные нереляционные,https://bigdataschool.ru/wiki/nosql/,"NoSQL (Нереляционные ... - это <strong>базы данных, которые используют для хранения информации модели, отличающиеся от привычных нам плоских таблиц</strong>..."
нереляционные,Большие данные нереляционные,https://aws.amazon.com/compare/the-difference-between-relational-and-non-relational-databases/,What’s the Difference Between Relational and Non-relational Databases? How to Use Relational and Non-relational Databases with AWS.
нереляционные,Большие данные нереляционные,https://www.reddit.com/r/learnprogramming/comments/1ccmfj0/what_does_nonrelational_data_even_mean/,I have read multiple times that you should consider NoSQL when your data is not relational. How can data be non relational? Is that even a thing? I…
нереляционные,Большие данные нереляционные,https://skyeng.ru/it-industry/it/bazy-dannyh-relyacionnye-i-nerelyacionnye/,"Выбор подходящей базы данных определяет успех или провал технического проекта так же неумолимо, как закон гравитации определяет падение объектов 🚀. Реляционные базы данных десятилетиями удерживали титул чемпиона в корпоративных системах, но с ростом объемов неструктурированных данных и распределенных архитектур нереляционные (NoSQL) решения перестали быть экзотикой."
нереляционные,Большие данные нереляционные,https://sky.pro/wiki/media/otlichiya-relyaczionnyh-baz-dannyh-ot-nerelyaczionnyh/,"Любое изменение существующей схемы — потенциально сложная и рискованная операция, особенно для производственных систем с большими объемами данных. Нереляционные базы данных часто следуют подходу &quot;схема определяется данными&quot; (schema-on-read или schema-less)."
нереляционные,Большие данные нереляционные,https://smoff.ru/howitworks/relyacionnye-i-nerelyacionnye-bazy-dannyh,"Вариант, который отлично подходит для обработки больших массивов данных. Для него характерны качественное сжатие, производительность и отличная масштабируемость. На рынке представлено большое количество нереляционных баз, рассмотреть или хотя бы упомянуть каждую из них в одной публикации не представляется возможным."
нереляционные,Большие данные нереляционные,https://tarantool.io/blog/relyatsionnye-vs-nerelyatsionnye-bd/,"Нереляционные базы ... это <strong>мощный инструмент для работы с большими объемами неструктурированных данных, для систем, требующих гибкости и масштабируемости</strong>..."
нереляционные,Большие данные нереляционные,https://spravochnick.ru/bazy_dannyh/nerelyacionnye_bazy_dannyh/,"Если при этом попробовать увеличить количество серверов до сотни или тысячи, сложность возрастет на порядок, а характеристики, делающие реляционные БД привлекательными для пользователя, станут очень быстро снижать к нулю шансы использования их в качестве платформы для больших распределенных систем. С подобными ограничениями необходимо бороться. «Нереляционные базы данных» 👇"
нереляционные,Большие данные нереляционные,https://reg.cloud/blog/nosql-osobennosti-i-ispolzovanie/,"Нереляционные базы данных — это <strong>системы, ориентированные на обработку больших объемов</strong>. Благодаря ним вы получаете высокую гибкость ..."
нереляционные,Большие данные нереляционные,https://timeweb.cloud/blog/nosql-ponyatie-vidy-baz-dannyh-i-osobennosti,"Такие принципиальные различия определяют оптимальные сферы применения: реляционные системы незаменимы там, где требуется абсолютная точность данных (финансовые операции), а NoSQL-решения идеальны для обработки больших потоков информации (социальные медиа, аналитические системы)."
нереляционные,Большие данные нереляционные,https://skyeng.ru/it-industry/it/primery-nerelyatsionnykh-baz-dannykh-dlya-nachinayuschikh/,"Представьте — ваше приложение генерирует терабайты данных ежедневно, а каждая миллисекунда задержки стоит тысячи долларов. Или вам нужно хранить сложные взаимосвязи между объектами, которые невозможно эффективно моделировать в табличном формате. Здесь на сцену выходят нереляционные базы данных — гибкие, масштабируемые решения, изменившие подход к хранению информации."
нереляционные,Большие данные нереляционные,https://appmaster.io/ru/blog/reliatsionnye-i-nereliatsionnye-bazy-dannykh,"Одним из ключевых преимуществ нереляционных баз данных является их способность горизонтально масштабироваться, распределяя данные по нескольким узлам или кластерам. Эта архитектура обеспечивает бесперебойную обработку растущего объема данных и пользовательского трафика. Нереляционные базы данных хорошо подходят для приложений, требующих высокой масштабируемости, таких как платформы социальных сетей, аналитика больших данных и системы обработки в реальном времени."
нереляционные,Большие данные нереляционные,https://na-journal.ru/3-2024-informacionnye-tekhnologii/9655-preimushchestva-i-nedostatki-nerelyacionnyh-baz-dannyh,"Ограничения, присущие традиционным реляционным базам данных, особенно в решении задач, связанных с масштабируемостью, гибкостью и обработкой неструктурированных данных, подтолкнули к внедрению решений NoSQL. В этой статье тщательно рассматриваются технические тонкости, связанные с преимуществами и недостатками нереляционных баз данных, с целью дать анализ для принятия взвешенных решений при выборе систем управления базами данных для современных приложений."
нереляционные,Большие данные нереляционные,https://andpop.ru/files/lection/DBMS/14_NoSQL.pdf,Борьба с большими объемами данных
нереляционные,Большие данные нереляционные,https://blog.skillfactory.ru/glossary/nosql/,Что такое NoSQL и зачем используется эта нереляционная база данных. <strong>Система хранения больших массивов данных без определённой структуры</strong>.
нереляционные,Большие данные нереляционные,https://productstar.ru/blog/nosql-bazy-dannyx-cto-eto-i-kak-s-nimi-rabotat,"<strong>NoSQL</strong> (от англ. Not Only SQL — «не только SQL») — это нереляционные базы данных, созданные для эффективной обработки больших неструктурированных ..."
нереляционные,Большие данные нереляционные,https://itglobal.com/ru-ru/company/glossary/relyaczionnaya-baza-dannyh/,"Реляционные базы ...анных <strong>данных</strong> и сложных запросов. <strong>Нереляционные</strong> базы <strong>данных</strong> лучше подходят для обработки <strong>больших</strong> объемов разнообразных, быстро ..."
нереляционные,Большие данные нереляционные,https://selectel.ru/blog/databases-types/,База <strong>данных</strong> — это структурированный набор сведений. Рассказываем про 11 основных видов баз <strong>данных</strong>: какими они бывают и чем отличаются.
нереляционные,Большие данные нереляционные,https://slavlotski.com/all/relyacionnye-i-neryalyacionnye-bd/,"Недостатки ... — менее эффективны в обработке <strong>больших</strong> объемов <strong>данных</strong> (террабайты, петабайты), чем <strong>нереляционные</strong> БД..."
нереляционные,Большие данные нереляционные,https://medium.com/nuances-of-programming/5-%D0%BF%D0%BE%D0%B4%D0%B2%D0%BE%D0%B4%D0%BD%D1%8B%D1%85-%D0%BA%D0%B0%D0%BC%D0%BD%D0%B5%D0%B9-%D0%BD%D0%B5%D1%80%D0%B5%D0%BB%D1%8F%D1%86%D0%B8%D0%BE%D0%BD%D0%BD%D1%8B%D1%85-%D0%B1%D0%B0%D0%B7-%D0%B4%D0%B0%D0%BD%D0%BD%D1%8B%D1%85-851896a3f62d,"5 подводных камней нереляционных баз данных Когда речь заходит о нереляционных базах данных, не все видят …"
нереляционные,Большие данные нереляционные,https://kgeu.ru/upload/iblock/933/ur764up1d3lndfrs5ciwfiajsttu040h/UMM-Nerelyatsionnye-bazy-dannykh.pdf," Географическое распределение <strong>данных</strong>: <strong>Нереляционные</strong> базы <strong>данных</strong> · могут легко распределять <strong>данные</strong> по различным географическим областям,"
нереляционные,Большие данные нереляционные,https://habr.com/ru/company/ruvds/blog/324936/,"А в итоге остановимся ... <strong>большой</strong> CRM-системы, нуждающейся в высокой производительности хранилища <strong>данных</strong>. Начнём с некоторых ключевых концепций реляционных и <strong>нереляционных</strong> баз ..."
нереляционные,Большие данные нереляционные,https://progpython.ru/vopros-otvet/21923/relyatsionnye-i-nerelyatsionnye-bazy-dannyh-klyuchevye-razlichiya-i-vybor/,"Масштабируемость: ... с <strong>большими</strong> объемами <strong>данных</strong>. Гибкость: Структура <strong>данных</strong> фиксирована, что может затруднить внесение изменений. Производительность: Сложные запросы могут замедлять работу системы при увеличении объема <strong>данных</strong>. <strong>Нереляционные</strong> базы ..."
нереляционные,Большие данные нереляционные,https://learn.microsoft.com/ru-ru/azure/architecture/data-guide/technology-choices/understand-data-store-models,"Узнайте, как оценивать модели хранилища <strong>данных</strong> Azure на основе шаблонов рабочих нагрузок, масштабирования, согласованности и управления для руководства по выбору ..."
нереляционные,Большие данные нереляционные,https://skillbox.ru/media/code/nosql-chto-eto-za-bazy-dannykh-dlya-chego-oni-nuzhny-i-kak-rabotayut/,"Взрывной рост объёма ... <strong>данные</strong> под единый формат. Компаниям нужно было <strong>больше</strong> серверов и специалистов, а стоило всё это недешево. Было решено хранить информацию иначе. В конце двухтысячных крупные компании стали использовать <strong>нереляционные</strong> СУБД, ..."
нереляционные,Большие данные нереляционные,https://nuancesprog.ru/p/10311/,"Когда речь заходит о нереляционных базах данных, не все видят две стороны одной медали: многие упускают из виду то, что у этих баз данных есть не только преимущ..."
нереляционные,Большие данные нереляционные,https://aws.amazon.com/nosql/,Learn what NoSQL databases are what advantages nonrelational databases can have for your use case.
нереляционные,Большие данные нереляционные,https://azure.microsoft.com/ru-ru/resources/cloud-computing-dictionary/what-is-nosql-database,"Базы <strong>данных</strong> NoSQL ... для <strong>больших</strong> объемов распределенных, полуструктурированных или быстро меняющихся <strong>данных</strong>. NoSQL-база <strong>данных</strong> — <strong>это</strong> <strong>нереляционная</strong> база ..."
нереляционные,Большие данные нереляционные,https://www.reddit.com/r/explainlikeimfive/comments/w9eb49/eli5_what_is_a_non_relational_database/,"10 votes, 13 comments. 24M subscribers in the explainlikeimfive community. Explain Like I&#x27;m Five is the best forum and archive on the internet for…"
нереляционные,Большие данные нереляционные,https://libeldoc.bsuir.by/bitstream/123456789/39180/1/Shakhray_Preimushchestva.pdf,"Welcome to the electronic archive of BSUIR employees and teachers’ published research works · Here one can find curricular developments, research conferences materials, the University periodicals as well as papers of BSUIR employees, postgraduates and master degree students available in ..."
нереляционные,Большие данные нереляционные,https://learn.microsoft.com/ru-ru/dotnet/architecture/cloud-native/relational-vs-nosql-data,Сведения о реляционных и noSQL-<strong>данных</strong> в облачных приложениях
нереляционные,Большие данные нереляционные,https://en.wikipedia.org/wiki/NoSQL,"NoSQL (originally meaning &quot;not only SQL&quot; or &quot;non-relational&quot;) refers to a type of database design that stores and retrieves data differently from the traditional table-based structure of relational databases. Unlike relational databases, which organize data into rows and columns like a spreadsheet, ..."
нереляционные,Большие данные нереляционные,https://cloud.vk.com/blog/sravnenie-sql-i-nosql-kak-vybrat-sistemu-hraneniya-dannyh/,"Также эту модель ... на <strong>большое</strong> количество дополнений и <strong>большой</strong> опыт разработчиков. <strong>Нереляционные</strong> NoSQL-базы <strong>данных</strong> — нужны, если требования к <strong>данным</strong> ..."
нереляционные,Большие данные нереляционные,https://ya.ru/neurum/c/tehnologii/q/v_chem_raznica_mezhdu_relyacionnymi_i_nerelyacionnymi_e5145576,Тысячи ответов на вопросы от пользователей из категории Технологии - Вопросы к Поиску с Алисой
нереляционные,Большие данные нереляционные,https://cdto.wiki/%D0%9D%D0%B5%D1%80%D0%B5%D0%BB%D1%8F%D1%86%D0%B8%D0%BE%D0%BD%D0%BD%D0%B0%D1%8F_%D0%B1%D0%B0%D0%B7%D0%B0_%D0%B4%D0%B0%D0%BD%D0%BD%D1%8B%D1%85,из публикации: Информационные технологии. <strong>Большие</strong> <strong>данные</strong>. Обзор и ловарь ... Источник — https://cdto.wiki/index.php?title=Нереляционная_база_<strong>данных</strong>&amp;oldid=17347
нереляционные,Большие данные нереляционные,https://streletzcoder.ru/nosql-bazy-dannykh/,"Разработчики некоторых NoSQL баз <strong>данных</strong> заявляли о соответствии требованиям ACID, но стандартом для <strong>нереляционных</strong> структур все же является BASE. В эпоху BigData способы эффективного хранения стали изучаться активней. <strong>Большие</strong> ..."
нереляционные,Большие данные нереляционные,https://lanbook.com/catalog/discipline/relyatsionnye-i-nerelyatsionnye-bazy-dannykh-sql-i-nosql/,"Все книги по дисциплине &quot;Реляционные и <strong>нереляционные</strong> базы <strong>данных</strong> (SQL и NOSQL)&quot;, выпущенные в издательстве Лань. Каталог книг, аннотации, ознакомительные фрагменты, ..."
нереляционные,Большие данные нереляционные,https://smoff.ru/howitworks/otlichiya-sql-nosql,<strong>Нереляционные</strong> базы могут быть оптимизированы для хранения <strong>данных</strong> определенного типа или по установленному стандарту / шаблону. Это позволяет добиться значительно <strong>большей</strong> ...
нереляционные,Большие данные нереляционные,https://cyberleninka.ru/article/n/sravnenie-relyatsionnyh-i-nerelyatsionnyh-subd,"Поскольку для этой <strong>нереляционной</strong> базы <strong>данных</strong> не требуется схема, она обеспечивает быструю горизонтальную масштабируемость для управления <strong>большими</strong> и обычно ..."
нереляционные,Большие данные нереляционные,https://thecode.media/nosql/,"Сегодня поговорим о <strong>нереляционных</strong> базах <strong>данных</strong>, которые собраны под единым <strong>большим</strong> термином NoSQL."
нереляционные,Большие данные нереляционные,https://thecode.media/5-db-types/,"Настало время копнуть поглубже и выяснить, какие базы <strong>данных</strong> лучше подходят для разных задач."
нереляционные,Большие данные нереляционные,https://skillbox.ru/media/code/sql_i_nosql_in_i_yan_v_mire_baz_dannykh/,SQL или NoSQL — вот в чём вопрос. Чем они различаются? Это конкуренты или сотрудники? Что о них спрашивают на собеседовании?
нереляционные,Большие данные нереляционные,https://www.labirint.ru/books/726667/,"Книга: NoSQL. Методология разработки нереляционных баз данных (NoSQL Distilled: A Brief Guide to the Emerging World of Polyglot Persistence). Автор: Садаладж, Фаулер. Аннотация, отзывы читателей, ..."
нереляционные,Большие данные нереляционные,https://cloud.yandex.ru/blog/posts/2022/10/nosql,"Вертикальное ... тем <strong>больше</strong> усилий требуется для поддержания согласованности <strong>данных</strong> в узлах. Работа с <strong>данными</strong> ускорилась. В отличие от <strong>нереляционных</strong> БД, SQL ..."
нереляционные,Большие данные нереляционные,https://habr.com/ru/company/sberbank/blog/672022/,"Сейчас, кроме ... и <strong>нереляционные</strong> способы, так называемые NoSQL. Потенциально <strong>данный</strong> способ при соответствующем подходе может дать <strong>большую</strong> произв..."
нереляционные,Большие данные нереляционные,https://bestprogrammer.ru/baza-dannyh/chto-takoe-bolshie-dannie-xarakteristiki-tipi-i-texnologii,"Реляционные базы ... как <strong>нереляционные</strong> базы <strong>данных</strong> предлагают новые возможности для работы с неструктурированными <strong>данными</strong>. Java является одним из ключевых инструментов для разработки решений по анализу <strong>больших</strong> <strong>данных</strong>, ..."
нереляционные,Большие данные нереляционные,https://metanit.com/nosql/,"Раздел, посвященный <strong>нереляционным</strong> базам <strong>данных</strong> NoSQL, MongoDb"
нереляционные,Большие данные нереляционные,https://habr.com/ru/articles/825104/,"Что такое база <strong>данных</strong> Реляционные и <strong>нереляционные</strong> базы <strong>данных</strong> SQL Транзакций ACID Уровни изоляций Индексы NoSql База <strong>данных</strong> это основа любого современного приложения, ..."
нереляционные,Большие данные нереляционные,https://docs.microsoft.com/ru-ru/azure/architecture/data-guide/big-data/non-relational-data,"Learn about non-relational databases that store data as key/value pairs, graphs, time series, objects, and other storage models, based on data requirements."
нереляционные,Большие данные нереляционные,https://mai.moscow/pages/viewpage.action?pageId=14155840,"File Modified Microsoft Powerpoint Presentation Non-relational big data Intro.pptx Feb 11, 2023 by Eugene Gavrilov · No labels Preview View Microsoft Powerpoint Presentation Linux commands.pptx Feb 11, 2023 by Eugene Gavrilov"
нереляционные,Большие данные нереляционные,https://moluch.ru/archive/365/81938,"Рассмотрим историю ... СУБД пользуются <strong>большей</strong> популярностью. Прежде чем начать разговор о реляционных и <strong>нереляционных</strong> базах <strong>данных</strong>, необходимо дать ..."
нереляционные,Большие данные нереляционные,https://old.roi4cio.com/categories/non-relational-database-management-systems/,Detailed information on Non-relational Database Management Systems for choosing the best solution for business
нереляционные,Большие данные нереляционные,https://sky.pro/media/hranilishha-bolshih-dannyh-chto-eto-i-kak-oni-rabotayut/,"Кроме того, хранилища <strong>больших</strong> <strong>данных</strong> используют различные системы управления базами <strong>данных</strong>, включая реляционные и <strong>нереляционные</strong> системы."
нереляционные,"""Большие данные"" нереляционные",https://neiros.ru/blog/analytics/zashchita-bolshikh-dannykh-problemy-i-resheniya/,"В результате они оказываются неспособными обрабатывать <strong>большие</strong> <strong>данные</strong> вследствие их высокой масштабируемости и сложной структуры. <strong>Нереляционные</strong> базы <strong>данных</strong>, ..."
нереляционные,"""Большие данные"" нереляционные",https://practicum.yandex.ru/blog/chto-takoe-analiz-bolshih-dannyh/,"Подробно об анализе <strong>больших</strong> <strong>данных</strong>, его сути и основных целях аналитики. Что такое анализ <strong>данных</strong>, методы сбора и хранения <strong>данных</strong>, а также технологии обработки и ..."
нереляционные,Big Data нереляционные,https://boodet.online/blog/relyacionnye-vs-nerelyacionnye-bazy-dannyh-otlichiya-i-preimushhestva,В формате БД это ... и строк. Нереляционные БД <strong>размещают информацию в коллекциях документов JSON</strong>....
нереляционные,Big Data нереляционные,https://selectel.ru/blog/links-for-databases/,"Задачи, для которых подходят нереляционные БД: обрабатывание больших объемов данных (Big Data), включая полу- и неструктурированные данные;"
нереляционные,Big Data нереляционные,https://bitrix-blog.ru/%D1%80%D0%B5%D0%BB%D1%8F%D1%86%D0%B8%D0%BE%D0%BD%D0%BD%D0%B0%D1%8F-%D0%B8-%D0%BD%D0%B5%D1%80%D0%B5%D0%BB%D1%8F%D1%86%D0%B8%D0%BE%D0%BD%D0%BD%D0%B0%D1%8F-%D0%B1%D0%B0%D0%B7%D0%B0-%D0%B4%D0%B0%D0%BD/,"В результате в 2000-х годах начали активно развиваться нереляционные базы данных, ориентированные на масштабируемость и работу с неструктурированными данными, особенно в контексте веб-приложений и Big Data."
нереляционные,Big Data нереляционные,https://veesp.com/blog/sql-or-nosql/,"This concept revealed the need of a completely new database model that would be aimed at access speed and scalability. The solution that would be simplier than relational database and at the same time not less effective in completing such tasks as constructing a cloud storage, where user primarily values access speed and big data volume."
нереляционные,Big Data нереляционные,https://habr.com/ru/companies/skillfactory/articles/552432/,"Как отдельная профессия <strong>Big</strong> <strong>Data</strong> Engineering появилась довольно недавно. И даже крупные компании очень часто путают, чем занимается этот специалист, каковы его компетенции ..."
нереляционные,Big Data нереляционные,https://www.tadviser.ru/index.php/%D0%A1%D1%82%D0%B0%D1%82%D1%8C%D1%8F:%D0%91%D0%BE%D0%BB%D1%8C%D1%88%D0%B8%D0%B5_%D0%B4%D0%B0%D0%BD%D0%BD%D1%8B%D0%B5_(Big_Data)_%D0%BC%D0%B8%D1%80%D0%BE%D0%B2%D0%BE%D0%B9_%D1%80%D1%8B%D0%BD%D0%BE%D0%BA,"Расходы компаний ... данных и хранилища <strong>нереляционных</strong> аналитических данных. Крупнейшие разработчики решений в сфере <strong>Big</strong> <strong>Data</strong> по итогам 2021 года: IBM, Google, ..."
нереляционные,Big Data нереляционные,https://www.hse.ru/edu/courses/929548744,Дисциплина направлена на формирование знаний и навыков работы с <strong>нереляционными</strong> базами данных. В рамках курса студенты изучат различные модели и типы нереляц...
нереляционные,Big Data нереляционные,https://drach.pro/blog/hi-tech/item/197-popular-nosql-dbms-2022,"Приводится сравнение распространённых <strong>нереляционных</strong> СУБД: MongoDB, Redis, Cassandra, Elasticsearch и Firebase. Выбираем актуальную NoSQL СУБД в 2022 г."
нереляционные,Big Data нереляционные,https://otvet.mail.ru/question/236082757,"Скажите, если изучать Базы данных с нуля, что проще изучить? Я студент, мне на выбор дали - сделать Базу данных либо реляционную либо NoSQL. Раньше я сними не был знаком."
нереляционные,Big Data нереляционные,https://cloud.ru/blog/relyatsionnyye-bazy-dannykh,"Узнайте, как устроены реляционные базы данных, зачем нужны таблицы и связи, и почему SQL стал стандартом работы с данными. Примеры, преимущества и основные понятия ..."
нереляционные,Big Data нереляционные,https://bigdataschool.ru/encyclopedia/tag/big-data,"Elasticsearch – это одна из самых популярных поисковых систем в области <strong>Big</strong> <strong>Data</strong>, масштабируемое <strong>нереляционное</strong> хранилище данных с открытым исходным кодом, аналитическая ..."
нереляционные,Big Data нереляционные,https://highload.tech/kakuyu-bazu-dannykh-vybrat-sql-ili-nosql-3f/,"<strong>Big</strong> <strong>Data</strong> стал официальным термином в 2005 году. Теорема CAP, также известная как теорема Брюера (в честь ее изобретателя Эрика Брюера), является важной частью <strong>нереляционных</strong> ..."
нереляционные,Big Data нереляционные,https://globalcio.ru/discussion/868/,"Если почитать ... <strong>Big</strong> <strong>Data</strong>, можно найти массу упоминаний, что сложность обработки больших наборов данных с помощью традиционных СУБД привела к появлению целого ряда <strong>нереляционных</strong> баз ..."
нереляционные,Big Data нереляционные,https://andata.ru/blog/data/tehnologiya-big-data-ot-osnov-do-primeneniya-v-biznes-analitike,"Знание СУБДНавыки ... и <strong>нереляционные</strong> СУБД, позволяет эффективно управлять данными. Статистика и МатематикаОсновы статистики и математики необходимы для анализа данных, построения моделей и интерпретации результатов. Опыт работы с <strong>Big</strong> <strong>Data</strong> ..."
нереляционные,Big Data нереляционные,https://www.hse.ru/edu/courses/900080014,"В рамках данного курса мы изучим несколько видов <strong>нереляционных</strong> баз данных: документарные, ключ-значение, графовые, файловые хранилища. В результате выполнения ..."
нереляционные,Big Data нереляционные,https://www.reddit.com/r/explainlikeimfive/comments/ksniwd/eli5_what_is_the_difference_between_a_relational/,"I’ve been unable to get it from the answers I get online... I think they use too many words and ideas I’m not familiar with, so can you please…"
нереляционные,Big Data нереляционные,https://medium.com/@bigdataschool/nosql-6fbb182c58e4,"<strong>Нереляционные</strong> СУБД находят больше областей приложений, чем традиционные SQL-решения ... Dell EMC Certified trainer since 2007, co-founder of <strong>Big</strong> <strong>Data</strong> School - delivering <strong>Big</strong> <strong>Data</strong>, <strong>Data</strong> Mining, Hadoop, NoSQL, Kafka, Spark ..."
нереляционные,Big Data нереляционные,https://cloud.ru/blog/populyarnyye-bazy-dannykh,"Подробный гид по современным системам управления базами данных. Сравнение SQL и NoSQL, обзор ключевых технологий — от PostgreSQL и Cassandra до Redis и ClickHouse."
нереляционные,Big Data нереляционные,https://ru.wikipedia.org/wiki/%D0%9D%D0%B0%D0%B1%D0%BE%D1%80_%D0%B4%D0%B0%D0%BD%D0%BD%D1%8B%D1%85,"Европейский портал данных (<strong>data</strong>.europa.eu) агрегирует более миллиона наборов данных. Некоторые другие концепции (источники данных реального времени, <strong>нереляционные</strong> ..."
нереляционные,Big Data нереляционные,https://www.it-courses.by/relyacionnye-i-nerelyacionnye-bazy-dannyh-dlya-biznesa/,Систематизировать определенные процессы взаимодействия с партнерами или подбором продукции в коммерческой деятельности можно с помощью баз данных. Они сост
нереляционные,Big Data нереляционные,https://www.oracle.com/europe/database/nosql/what-is-nosql/,NoSQL databases naturally lend themselves to an agile development paradigm by rapidly adapting to changing requirements.
нереляционные,Big Data нереляционные,https://github.com/19IS/nosql-databases,Лабораторные работы по предмету &quot;<strong>Нереляционные</strong> базы данных&quot; - 19IS/nosql-databases
нереляционные,"""Big Data"" нереляционные",https://www.astera.com/type/blog/a-quick-overview-of-different-types-of-databases,"E-commerce &amp; Financial Systems: Require relational databases (MySQL, SQL Server) for structured transactions, fraud detection, and inventory management. Big Data &amp; IoT Applications: Need NoSQL databases (Cassandra, MongoDB) to handle large-scale, real-time data ingestion."
нереляционные,"""Big Data"" нереляционные",https://bstudy.net/970009/tehnika/osnovy_data,На современном этапе развития корпоративных информационных систем (ИС) продолжаются поиски гибких методологий и процессов разработки и проектирования
нереляционные,"""Big Data"" нереляционные",https://web-creator.ru/articles/bigdata,"<strong>Big</strong> <strong>Data</strong> — это данные огромных объёмов, обработка и анализ которых требует подходов, инструментов и методов, которые существенно отличаются от классических."
нереляционные,"""Big Data"" нереляционные",https://blog.karpov.courses/big-data-chto-eto-takoe-tehnologii-i-osnovnye-harakteristiki-bolshih-dannyh/,"Что такое большие данные (<strong>Big</strong> <strong>Data</strong>)? Основные характеристики 6V, технологии обработки и примеры применения в бизнесе. Полный разбор темы для начинающих."
нереляционные,"""Big Data"" нереляционные",https://bigdata.beeline.ru/blog/articles/analiz-big-data,"Какими методами обрабатываются большие объемы данных, как устроен анализ <strong>Big</strong> <strong>data</strong>? Обзор от команды билайн <strong>Big</strong> <strong>Data</strong> &amp; AI - экспертов в области технологий AI, искусственного ..."
нереляционные,"""Big Data"" нереляционные",https://medium.com/adtech-pioneers/%D1%87%D1%82%D0%BE-%D1%82%D0%B0%D0%BA%D0%BE%D0%B5-big-data-a0e503dc7fce,"Только ленивый не говорит о <strong>Big</strong> <strong>Data</strong>, но что это такое и как это работает — понимает вряд ли. Начнём с самого простого — терминология…"
нереляционные,"""Big Data"" нереляционные",https://www.cloud4y.ru/blog/what-is-big-data/,"<strong>Big</strong> <strong>Data</strong> — это структурированные, частично структурированные или неструктурированные массивы данных. Их обрабатывают с помощью специальных (преимущественно ..."
"""не реляционные""","Big Data ""не реляционные""",https://intellect.icu/relyatsionnye-bazy-dannykh-5341,"Big data, СУБД и SQL и noSQL Из статьи мы узнали кратко, но емко про реляционные базы данных ... 1. Базы данных и знаний. Классификация баз данных. Реляционные и не реляционные"
